etf,date,RIC,Name,Country,Weight,No. Shares,Change,source_file,RIC_missing
SPY,2015-12-31,AAPL.OQ,APPLE INC ORD,UNITED STATES,0.03267,56501081.0,571045.0,Derived Holdings 2026-04-13 SPY 2015.xlsx,False
SPY,2015-12-31,MSFT.OQ,MICROSOFT CORP ORD,UNITED STATES,0.024681,80982372.0,2541213.0,Derived Holdings 2026-04-13 SPY 2015.xlsx,False
SPY,2015-12-31,XOM.N,EXXON MOBIL CORP ORD,UNITED STATES,0.0180719999999999,42204340.0,1318973.0,Derived Holdings 2026-04-13 SPY 2015.xlsx,False
SPY,2015-12-31,GE.N,GENERAL ELECTRIC CO ORD,UNITED STATES,0.016374,95686751.0,3309174.0,Derived Holdings 2026-04-13 SPY 2015.xlsx,False
SPY,2015-12-31,JNJ.N,JOHNSON & JOHNSON ORD,UNITED STATES,0.015829,28051475.0,893143.0,Derived Holdings 2026-04-13 SPY 2015.xlsx,False
SPY,2015-12-31,AMZN.OQ,AMAZON.COM INC ORD,UNITED STATES,0.01447,3897215.0,136516.0,Derived Holdings 2026-04-13 SPY 2015.xlsx,False
SPY,2015-12-31,WFC.N,WELLS FARGO & CO ORD,UNITED STATES,0.014066,47104687.0,1276511.0,Derived Holdings 2026-04-13 SPY 2015.xlsx,False
SPY,2015-12-31,BRKb.N,BERKSHIRE HATHAWAY INC ORD,UNITED STATES,0.013777,18993210.0,610547.0,Derived Holdings 2026-04-13 SPY 2015.xlsx,False
SPY,2015-12-31,JPM.N,JPMORGAN CHASE & CO ORD,UNITED STATES,0.013531,37304589.0,1010470.0,Derived Holdings 2026-04-13 SPY 2015.xlsx,False
SPY,2015-12-31,META.O,META PLATFORMS INC ORD,UNITED STATES,0.0132349999999999,23020795.0,866714.0,Derived Holdings 2026-04-13 SPY 2015.xlsx,False
SPY,2015-12-31,GOOGL.OQ,ALPHABET INC CLASS A ORD,UNITED STATES,0.0126249999999999,2953962.0,110770.0,Derived Holdings 2026-04-13 SPY 2015.xlsx,False
SPY,2015-12-31,GOOG.OQ,ALPHABET INC CLASS C ORD,UNITED STATES,0.012559,3012739.0,109937.0,Derived Holdings 2026-04-13 SPY 2015.xlsx,False
SPY,2015-12-31,PG.N,PROCTER & GAMBLE CO ORD,UNITED STATES,0.012033,27583634.0,988406.0,Derived Holdings 2026-04-13 SPY 2015.xlsx,False
SPY,2015-12-31,T.N,AT&T INC ORD,UNITED STATES,0.01179,62371232.0,2061441.0,Derived Holdings 2026-04-13 SPY 2015.xlsx,False
SPY,2015-12-31,PFE.N,PFIZER INC ORD,UNITED STATES,0.0110979999999999,62585136.0,2114069.0,Derived Holdings 2026-04-13 SPY 2015.xlsx,False
SPY,2015-12-31,VZ.N,VERIZON COMMUNICATIONS INC ORD,UNITED STATES,0.010474,41252110.0,1370678.0,Derived Holdings 2026-04-13 SPY 2015.xlsx,False
SPY,2015-12-31,BAC.N,BANK OF AMERICA CORP ORD,UNITED STATES,0.009752,105485560.0,2859119.0,Derived Holdings 2026-04-13 SPY 2015.xlsx,False
SPY,2015-12-31,CVX.N,CHEVRON CORP ORD,UNITED STATES,0.009429,19080388.0,630457.0,Derived Holdings 2026-04-13 SPY 2015.xlsx,False
SPY,2015-12-31,KO.N,COCA-COLA CO ORD,UNITED STATES,0.009365,39682039.0,1285166.0,Derived Holdings 2026-04-13 SPY 2015.xlsx,False
SPY,2015-12-31,HD.N,HOME DEPOT INC ORD,UNITED STATES,0.009336,12850944.0,265688.0,Derived Holdings 2026-04-13 SPY 2015.xlsx,False
SPY,2015-12-31,INTC.OQ,INTEL CORP ORD,UNITED STATES,0.0090669999999999,47909801.0,1295943.0,Derived Holdings 2026-04-13 SPY 2015.xlsx,False
SPY,2015-12-31,DIS.N,WALT DISNEY CO ORD,UNITED STATES,0.008898,15413967.0,191728.0,Derived Holdings 2026-04-13 SPY 2015.xlsx,False
SPY,2015-12-31,C.N,CITIGROUP INC ORD,UNITED STATES,0.008584,30196234.0,693101.0,Derived Holdings 2026-04-13 SPY 2015.xlsx,False
SPY,2015-12-31,V.N,VISA INC ORD,UNITED STATES,0.008406,19732912.0,595354.0,Derived Holdings 2026-04-13 SPY 2015.xlsx,False
SPY,2015-12-31,MRK.N,MERCK & CO INC ORD,UNITED STATES,0.00823,28363076.0,767407.0,Derived Holdings 2026-04-13 SPY 2015.xlsx,False
SPY,2015-12-31,GILD.OQ,GILEAD SCIENCES INC ORD,UNITED STATES,0.008119,14606362.0,212532.0,Derived Holdings 2026-04-13 SPY 2015.xlsx,False
SPY,2015-12-31,PEP.O,PEPSICO INC ORD,UNITED STATES,0.008105,14766242.0,365802.0,Derived Holdings 2026-04-13 SPY 2015.xlsx,False
SPY,2015-12-31,CSCO.OQ,CISCO SYSTEMS INC ORD,UNITED STATES,0.007677,51461132.0,1636771.0,Derived Holdings 2026-04-13 SPY 2015.xlsx,False
SPY,2015-12-31,CMCSA.OQ,COMCAST CORP ORD,UNITED STATES,0.007673,24752296.0,4011281.0,Derived Holdings 2026-04-13 SPY 2015.xlsx,False
SPY,2015-12-31,PM.N,PHILIP MORRIS INTERNATIONAL INC ORD,UNITED STATES,0.007585,15707597.0,518480.0,Derived Holdings 2026-04-13 SPY 2015.xlsx,False
SPY,2015-12-31,AGN^E20,ALLERGAN PLC ORD,IRELAND,0.00686,3996017.0,136308.0,Derived Holdings 2026-04-13 SPY 2015.xlsx,False
SPY,2015-12-31,IBM.N,INTERNATIONAL BUSINESS MACHINES CORP ORD,UNITED STATES,0.006839,9046624.0,215577.0,Derived Holdings 2026-04-13 SPY 2015.xlsx,False
SPY,2015-12-31,AMGN.OQ,AMGEN INC ORD,UNITED STATES,0.006816,7643791.0,207239.0,Derived Holdings 2026-04-13 SPY 2015.xlsx,False
SPY,2015-12-31,ORCL.N,ORACLE CORP ORD,UNITED STATES,0.006512,32448950.0,544625.0,Derived Holdings 2026-04-13 SPY 2015.xlsx,False
SPY,2015-12-31,BMY.N,BRISTOL-MYERS SQUIBB CO ORD,UNITED STATES,0.006391,16913502.0,563853.0,Derived Holdings 2026-04-13 SPY 2015.xlsx,False
SPY,2015-12-31,MO.N,ALTRIA GROUP INC ORD,UNITED STATES,0.006356,19878153.0,626547.0,Derived Holdings 2026-04-13 SPY 2015.xlsx,False
SPY,2015-12-31,UNH.N,UNITEDHEALTH GROUP INC ORD,UNITED STATES,0.0062439999999999,9662838.0,313063.0,Derived Holdings 2026-04-13 SPY 2015.xlsx,False
SPY,2015-12-31,MCD.N,MCDONALD'S CORP ORD,UNITED STATES,0.006039,9305124.0,76096.0,Derived Holdings 2026-04-13 SPY 2015.xlsx,False
SPY,2015-12-31,CVS.N,CVS HEALTH CORP ORD,UNITED STATES,0.00603,11226971.0,304142.0,Derived Holdings 2026-04-13 SPY 2015.xlsx,False
SPY,2015-12-31,MDT.N,MEDTRONIC PLC ORD,IRELAND,0.00602,14248081.0,386082.0,Derived Holdings 2026-04-13 SPY 2015.xlsx,False
SPY,2015-12-31,nan,USD CASH,UNITED STATES,0.00557,1013882892.0,613514349.0,Derived Holdings 2026-04-13 SPY 2015.xlsx,False
SPY,2015-12-31,ABBV.N,ABBVIE INC ORD,UNITED STATES,0.005392,16569595.0,359347.0,Derived Holdings 2026-04-13 SPY 2015.xlsx,False
SPY,2015-12-31,MA.N,MASTERCARD INC ORD,UNITED STATES,0.005383,10065306.0,271869.0,Derived Holdings 2026-04-13 SPY 2015.xlsx,False
SPY,2015-12-31,WMT.O,WALMART INC ORD,UNITED STATES,0.0053549999999999,15903422.0,430908.0,Derived Holdings 2026-04-13 SPY 2015.xlsx,False
SPY,2015-12-31,CELG.OQ,CELGENE CORP ORD,UNITED STATES,0.005245,7972560.0,215936.0,Derived Holdings 2026-04-13 SPY 2015.xlsx,False
SPY,2015-12-31,MMM.N,3M CO ORD,UNITED STATES,0.0051639999999999,6240677.0,118445.0,Derived Holdings 2026-04-13 SPY 2015.xlsx,False
SPY,2015-12-31,BA.N,BOEING CO ORD,UNITED STATES,0.00507,6383317.0,122401.0,Derived Holdings 2026-04-13 SPY 2015.xlsx,False
SPY,2015-12-31,SBUX.OQ,STARBUCKS CORP ORD,UNITED STATES,0.004964,15053699.0,506467.0,Derived Holdings 2026-04-13 SPY 2015.xlsx,False
SPY,2015-12-31,SLB.N,SLB NV ORD,UNITED STATES,0.004892,12767412.0,345834.0,Derived Holdings 2026-04-13 SPY 2015.xlsx,False
SPY,2015-12-31,NKE.N,NIKE INC ORD,UNITED STATES,0.004687,13651419.0,7010619.0,Derived Holdings 2026-04-13 SPY 2015.xlsx,False
SPY,2015-12-31,LLY.N,ELI LILLY AND CO ORD,UNITED STATES,0.00458,9895132.0,352608.0,Derived Holdings 2026-04-13 SPY 2015.xlsx,False
SPY,2015-12-31,HON.O,HONEYWELL INTERNATIONAL INC ORD,UNITED STATES,0.004444,7811373.0,146582.0,Derived Holdings 2026-04-13 SPY 2015.xlsx,False
SPY,2015-12-31,nan,RTX CORP ORD,UNITED STATES,0.0044069999999999,8349779.0,226519.0,Derived Holdings 2026-04-13 SPY 2015.xlsx,False
SPY,2015-12-31,AIG.N,AMERICAN INTERNATIONAL GROUP INC ORD,UNITED STATES,0.004266,12530871.0,-143202.0,Derived Holdings 2026-04-13 SPY 2015.xlsx,False
SPY,2015-12-31,QCOM.OQ,QUALCOMM INC ORD,UNITED STATES,0.004181,15225987.0,-161615.0,Derived Holdings 2026-04-13 SPY 2015.xlsx,False
SPY,2015-12-31,WBA.MX,WALGREENS BOOTS ALLIANCE INC ORD,UNITED STATES,0.0041199999999999,8807052.0,239051.0,Derived Holdings 2026-04-13 SPY 2015.xlsx,False
SPY,2015-12-31,GS.N,GOLDMAN SACHS GROUP INC ORD,UNITED STATES,0.003981,4020609.0,73274.0,Derived Holdings 2026-04-13 SPY 2015.xlsx,False
SPY,2015-12-31,MDLZ.OQ,MONDELEZ INTERNATIONAL INC ORD,UNITED STATES,0.003968,16107245.0,313757.0,Derived Holdings 2026-04-13 SPY 2015.xlsx,False
SPY,2015-12-31,COST.OQ,COSTCO WHOLESALE CORP ORD,UNITED STATES,0.003931,4430399.0,120018.0,Derived Holdings 2026-04-13 SPY 2015.xlsx,False
SPY,2015-12-31,USB.N,US BANCORP ORD,UNITED STATES,0.003902,16646794.0,451675.0,Derived Holdings 2026-04-13 SPY 2015.xlsx,False
SPY,2015-12-31,LOW.N,LOWE'S COMPANIES INC ORD,UNITED STATES,0.003874,9275284.0,205869.0,Derived Holdings 2026-04-13 SPY 2015.xlsx,False
SPY,2015-12-31,BIIB.OQ,BIOGEN INC ORD,UNITED STATES,0.003803,2259934.0,73693.0,Derived Holdings 2026-04-13 SPY 2015.xlsx,False
SPY,2015-12-31,ABT.N,ABBOTT LABORATORIES ORD,UNITED STATES,0.003731,15123927.0,506174.0,Derived Holdings 2026-04-13 SPY 2015.xlsx,False
SPY,2015-12-31,UPS.N,UNITED PARCEL SERVICE INC ORD,UNITED STATES,0.0037219999999999,7040760.0,191333.0,Derived Holdings 2026-04-13 SPY 2015.xlsx,False
SPY,2015-12-31,UNP.N,UNION PACIFIC CORP ORD,UNITED STATES,0.003719,8657191.0,152218.0,Derived Holdings 2026-04-13 SPY 2015.xlsx,False
SPY,2015-12-31,ACN.N,ACCENTURE PLC ORD,IRELAND,0.003636,6334755.0,223129.0,Derived Holdings 2026-04-13 SPY 2015.xlsx,False
SPY,2015-12-31,nan,BOOKING HOLDINGS INC ORD,UNITED STATES,0.003532,504309.0,7317.0,Derived Holdings 2026-04-13 SPY 2015.xlsx,False
SPY,2015-12-31,SPG.N,SIMON PROPERTY GROUP INC ORD,UNITED STATES,0.003351,3136821.0,99811.0,Derived Holdings 2026-04-13 SPY 2015.xlsx,False
SPY,2015-12-31,CL.N,COLGATE-PALMOLIVE CO ORD,UNITED STATES,0.003325,9086407.0,246281.0,Derived Holdings 2026-04-13 SPY 2015.xlsx,False
SPY,2015-12-31,ESRX.O^L18,EXPRESS SCRIPTS HOLDING CO ORD,UNITED STATES,0.003292,6856224.0,248328.0,Derived Holdings 2026-04-13 SPY 2015.xlsx,False
SPY,2015-12-31,DD.N,E I DU PONT DE NEMOURS AND CO ORD,UNITED STATES,0.003249,8880155.0,5991.0,Derived Holdings 2026-04-13 SPY 2015.xlsx,False
SPY,2015-12-31,AXP.N,AMERICAN EXPRESS CO ORD,UNITED STATES,0.00324,8479332.0,141519.0,Derived Holdings 2026-04-13 SPY 2015.xlsx,False
SPY,2015-12-31,DOW.N,DOW CHEMICAL CO ORD,UNITED STATES,0.003222,11394667.0,17977.0,Derived Holdings 2026-04-13 SPY 2015.xlsx,False
SPY,2015-12-31,COP.N,CONOCOPHILLIPS ORD,UNITED STATES,0.00321,12517235.0,458441.0,Derived Holdings 2026-04-13 SPY 2015.xlsx,False
SPY,2015-12-31,LMT.N,LOCKHEED MARTIN CORP ORD,UNITED STATES,0.00321,2690603.0,72782.0,Derived Holdings 2026-04-13 SPY 2015.xlsx,False
SPY,2015-12-31,TMO.N,THERMO FISHER SCIENTIFIC INC ORD,UNITED STATES,0.003153,4046056.0,152893.0,Derived Holdings 2026-04-13 SPY 2015.xlsx,False
SPY,2015-12-31,TXN.OQ,TEXAS INSTRUMENTS INC ORD,UNITED STATES,0.003096,10281764.0,222459.0,Derived Holdings 2026-04-13 SPY 2015.xlsx,False
SPY,2015-12-31,DHR.N,DANAHER CORP ORD,UNITED STATES,0.003084,6044866.0,221017.0,Derived Holdings 2026-04-13 SPY 2015.xlsx,False
SPY,2015-12-31,F.N,FORD MOTOR CO ORD,UNITED STATES,0.003059,39517286.0,1332628.0,Derived Holdings 2026-04-13 SPY 2015.xlsx,False
SPY,2015-12-31,MET.N,METLIFE INC ORD,UNITED STATES,0.002982,11259313.0,305506.0,Derived Holdings 2026-04-13 SPY 2015.xlsx,False
SPY,2015-12-31,TWC.N,TIME WARNER CABLE INC ORD,UNITED STATES,0.002927,2871125.0,106081.0,Derived Holdings 2026-04-13 SPY 2015.xlsx,False
SPY,2015-12-31,TWX^F18,TIME WARNER INC ORD,UNITED STATES,0.002878,8101993.0,108236.0,Derived Holdings 2026-04-13 SPY 2015.xlsx,False
SPY,2015-12-31,OXY.N,OCCIDENTAL PETROLEUM CORP ORD,UNITED STATES,0.002863,7708593.0,209628.0,Derived Holdings 2026-04-13 SPY 2015.xlsx,False
SPY,2015-12-31,EMC.N,EMC CORP ORD,UNITED STATES,0.002773,19659417.0,788395.0,Derived Holdings 2026-04-13 SPY 2015.xlsx,False
SPY,2015-12-31,CRM.N,SALESFORCE INC ORD,UNITED STATES,0.002726,6328895.0,242987.0,Derived Holdings 2026-04-13 SPY 2015.xlsx,False
SPY,2015-12-31,DUK.N,DUKE ENERGY CORP ORD,UNITED STATES,0.002726,6950486.0,188902.0,Derived Holdings 2026-04-13 SPY 2015.xlsx,False
SPY,2015-12-31,NFLX.OQ,NETFLIX INC ORD,UNITED STATES,0.002722,4332854.0,155663.0,Derived Holdings 2026-04-13 SPY 2015.xlsx,False
SPY,2015-12-31,PNC.N,PNC FINANCIAL SERVICES GROUP INC ORD,UNITED STATES,0.0027089999999999,5173584.0,139340.0,Derived Holdings 2026-04-13 SPY 2015.xlsx,False
SPY,2015-12-31,MS.N,MORGAN STANLEY ORD,UNITED STATES,0.002682,15348889.0,414362.0,Derived Holdings 2026-04-13 SPY 2015.xlsx,False
SPY,2015-12-31,GM.N,GENERAL MOTORS CO ORD,UNITED STATES,0.002681,14352670.0,192663.0,Derived Holdings 2026-04-13 SPY 2015.xlsx,False
SPY,2015-12-31,NEE.N,NEXTERA ENERGY INC ORD,UNITED STATES,0.002665,4668872.0,151263.0,Derived Holdings 2026-04-13 SPY 2015.xlsx,False
SPY,2015-12-31,TJX.N,TJX COMPANIES INC ORD,UNITED STATES,0.002646,6793319.0,183442.0,Derived Holdings 2026-04-13 SPY 2015.xlsx,False
SPY,2015-12-31,ADBE.OQ,ADOBE INC ORD,UNITED STATES,0.00261,5057079.0,171346.0,Derived Holdings 2026-04-13 SPY 2015.xlsx,False
SPY,2015-12-31,KMB.O,KIMBERLY-CLARK CORP ORD,UNITED STATES,0.002564,3665830.0,99753.0,Derived Holdings 2026-04-13 SPY 2015.xlsx,False
SPY,2015-12-31,MCK.N,MCKESSON CORP ORD,UNITED STATES,0.00253,2334883.0,63163.0,Derived Holdings 2026-04-13 SPY 2015.xlsx,False
SPY,2015-12-31,BK.N,BANK OF NEW YORK MELLON CORP ORD,UNITED STATES,0.002524,11144969.0,300370.0,Derived Holdings 2026-04-13 SPY 2015.xlsx,False
SPY,2015-12-31,TGT.N,TARGET CORP ORD,UNITED STATES,0.00249,6243484.0,84987.0,Derived Holdings 2026-04-13 SPY 2015.xlsx,False
SPY,2015-12-31,KHC.OQ,KRAFT HEINZ CO ORD,UNITED STATES,0.002409,6028192.0,200956.0,Derived Holdings 2026-04-13 SPY 2015.xlsx,False
SPY,2015-12-31,MON^F18,MONSANTO CO ORD,UNITED STATES,0.0024,4434269.0,120940.0,Derived Holdings 2026-04-13 SPY 2015.xlsx,False
SPY,2015-12-31,BLK.N,BLACKROCK INC ORD,UNITED STATES,0.002394,1279768.0,23425.0,Derived Holdings 2026-04-13 SPY 2015.xlsx,False
SPY,2015-12-31,ALXN.O^G21,ALEXION PHARMACEUTICALS INC (PRE-MERGER) ORD,UNITED STATES,0.002389,2279509.0,61696.0,Derived Holdings 2026-04-13 SPY 2015.xlsx,False
SPY,2015-12-31,SO.N,SOUTHERN CO ORD,UNITED STATES,0.002369,9215482.0,339492.0,Derived Holdings 2026-04-13 SPY 2015.xlsx,False
SPY,2015-12-31,REGN.OQ,REGENERON PHARMACEUTICALS INC ORD,UNITED STATES,0.002347,787006.0,28508.0,Derived Holdings 2026-04-13 SPY 2015.xlsx,False
SPY,2015-12-31,AMT.N,AMERICAN TOWER CORP ORD,UNITED STATES,0.002287,4294161.0,143941.0,Derived Holdings 2026-04-13 SPY 2015.xlsx,False
SPY,2015-12-31,GD.N,GENERAL DYNAMICS CORP ORD,UNITED STATES,0.002272,3011415.0,39921.0,Derived Holdings 2026-04-13 SPY 2015.xlsx,False
SPY,2015-12-31,KR.N,KROGER CO ORD,UNITED STATES,0.0022589999999999,9833018.0,267405.0,Derived Holdings 2026-04-13 SPY 2015.xlsx,False
SPY,2015-12-31,D.N,DOMINION ENERGY INC ORD,UNITED STATES,0.002243,6035664.0,230356.0,Derived Holdings 2026-04-13 SPY 2015.xlsx,False
SPY,2015-12-31,PYPL.OQ,PAYPAL HOLDINGS INC ORD,UNITED STATES,0.002241,11271348.0,394180.0,Derived Holdings 2026-04-13 SPY 2015.xlsx,False
SPY,2015-12-31,DAL.N,DELTA AIR LINES INC ORD,UNITED STATES,0.00223,8007032.0,215978.0,Derived Holdings 2026-04-13 SPY 2015.xlsx,False
SPY,2015-12-31,CAT.N,CATERPILLAR INC ORD,UNITED STATES,0.002202,5899380.0,4913.0,Derived Holdings 2026-04-13 SPY 2015.xlsx,False
SPY,2015-12-31,ADP.OQ,AUTOMATIC DATA PROCESSING INC ORD,UNITED STATES,0.002187,4699187.0,126787.0,Derived Holdings 2026-04-13 SPY 2015.xlsx,False
SPY,2015-12-31,SCHW.N,CHARLES SCHWAB CORP ORD,UNITED STATES,0.002185,12079351.0,329101.0,Derived Holdings 2026-04-13 SPY 2015.xlsx,False
SPY,2015-12-31,FDX.N,FEDEX CORP ORD,UNITED STATES,0.002169,2650030.0,72279.0,Derived Holdings 2026-04-13 SPY 2015.xlsx,False
SPY,2015-12-31,EOG.N,EOG RESOURCES INC ORD,UNITED STATES,0.002167,5573103.0,205424.0,Derived Holdings 2026-04-13 SPY 2015.xlsx,False
SPY,2015-12-31,PSX.N,PHILLIPS 66 ORD,UNITED STATES,0.002159,4805386.0,129940.0,Derived Holdings 2026-04-13 SPY 2015.xlsx,False
SPY,2015-12-31,COF.N,CAPITAL ONE FINANCIAL CORP ORD,UNITED STATES,0.0021379999999999,5392123.0,75130.0,Derived Holdings 2026-04-13 SPY 2015.xlsx,False
SPY,2015-12-31,AVGO.OQ,AVAGO TECHNOLOGIES LTD ORD,SINGAPORE,0.00212,2658544.0,117876.0,Derived Holdings 2026-04-13 SPY 2015.xlsx,False
SPY,2015-12-31,RAI.N,REYNOLDS AMERICAN INC ORD,UNITED STATES,0.002119,8358775.0,227441.0,Derived Holdings 2026-04-13 SPY 2015.xlsx,False
SPY,2015-12-31,CI.N,CIGNA GROUP ORD,UNITED STATES,0.002099,2611709.0,90533.0,Derived Holdings 2026-04-13 SPY 2015.xlsx,False
SPY,2015-12-31,CB,CHUBB LIMITED ORD,SWITZERLAND,0.002097,3267411.0,89128.0,Derived Holdings 2026-04-13 SPY 2015.xlsx,False
SPY,2015-12-31,RTN^D20,RAYTHEON CO ORD,UNITED STATES,0.002093,3059071.0,82904.0,Derived Holdings 2026-04-13 SPY 2015.xlsx,False
SPY,2015-12-31,AET.N,AETNA INC ORD,UNITED STATES,0.002092,3521732.0,95876.0,Derived Holdings 2026-04-13 SPY 2015.xlsx,False
SPY,2015-12-31,PRU.N,PRUDENTIAL FINANCIAL INC ORD,UNITED STATES,0.002036,4552189.0,123371.0,Derived Holdings 2026-04-13 SPY 2015.xlsx,False
SPY,2015-12-31,CTSH.OQ,COGNIZANT TECHNOLOGY SOLUTIONS CORP ORD,UNITED STATES,0.002023,6136475.0,166530.0,Derived Holdings 2026-04-13 SPY 2015.xlsx,False
SPY,2015-12-31,ELV,ELEVANCE HEALTH INC ORD,UNITED STATES,0.002019,2635461.0,71797.0,Derived Holdings 2026-04-13 SPY 2015.xlsx,False
SPY,2015-12-31,PSA.N,PUBLIC STORAGE ORD,UNITED STATES,0.0020169999999999,1482518.0,40467.0,Derived Holdings 2026-04-13 SPY 2015.xlsx,False
SPY,2015-12-31,NOC.N,NORTHROP GRUMMAN CORP ORD,UNITED STATES,0.001917,1848261.0,13070.0,Derived Holdings 2026-04-13 SPY 2015.xlsx,False
SPY,2015-12-31,GIS.N,GENERAL MILLS INC ORD,UNITED STATES,0.001916,6049412.0,164320.0,Derived Holdings 2026-04-13 SPY 2015.xlsx,False
SPY,2015-12-31,TRV.N,TRAVELERS COMPANIES INC ORD,UNITED STATES,0.001911,3082977.0,33949.0,Derived Holdings 2026-04-13 SPY 2015.xlsx,False
SPY,2015-12-31,VLO.N,VALERO ENERGY CORP ORD,UNITED STATES,0.001895,4878769.0,8436.0,Derived Holdings 2026-04-13 SPY 2015.xlsx,False
SPY,2015-12-31,BDX.N,BECTON DICKINSON AND CO ORD,UNITED STATES,0.001809,2136632.0,74719.0,Derived Holdings 2026-04-13 SPY 2015.xlsx,False
SPY,2015-12-31,BRCM.O^B16,BROADCOM CORP ORD,UNITED STATES,0.001807,5688068.0,202377.0,Derived Holdings 2026-04-13 SPY 2015.xlsx,False
SPY,2015-12-31,PCP.N,PRECISION CASTPARTS CORP ORD,UNITED STATES,0.0017699999999999,1389024.0,37596.0,Derived Holdings 2026-04-13 SPY 2015.xlsx,False
SPY,2015-12-31,nan,TWENTY-FIRST CENTURY FOX INC ORD,UNITED STATES,0.0017699999999999,11860475.0,-113902.0,Derived Holdings 2026-04-13 SPY 2015.xlsx,False
SPY,2015-12-31,YUM.N,YUM! BRANDS INC ORD,UNITED STATES,0.001743,4344348.0,118530.0,Derived Holdings 2026-04-13 SPY 2015.xlsx,False
SPY,2015-12-31,EMR.N,EMERSON ELECTRIC CO ORD,UNITED STATES,0.001739,6619293.0,179765.0,Derived Holdings 2026-04-13 SPY 2015.xlsx,False
SPY,2015-12-31,LYB.N,LYONDELLBASELL INDUSTRIES NV ORD,UNITED KINGDOM,0.001739,3642955.0,-5264.0,Derived Holdings 2026-04-13 SPY 2015.xlsx,False
SPY,2015-12-31,VRTX.OQ,VERTEX PHARMACEUTICALS INC ORD,UNITED STATES,0.001722,2491241.0,106859.0,Derived Holdings 2026-04-13 SPY 2015.xlsx,False
SPY,2015-12-31,EBAY.OQ,EBAY INC ORD,UNITED STATES,0.001705,11296487.0,303304.0,Derived Holdings 2026-04-13 SPY 2015.xlsx,False
SPY,2015-12-31,CME.OQ,CME GROUP INC ORD,UNITED STATES,0.001698,3410815.0,92984.0,Derived Holdings 2026-04-13 SPY 2015.xlsx,False
SPY,2015-12-31,ICE.N,INTERCONTINENTAL EXCHANGE INC ORD,UNITED STATES,0.001696,1204615.0,121566.0,Derived Holdings 2026-04-13 SPY 2015.xlsx,False
SPY,2015-12-31,ITW.N,ILLINOIS TOOL WORKS INC ORD,UNITED STATES,0.001689,3317628.0,89673.0,Derived Holdings 2026-04-13 SPY 2015.xlsx,False
SPY,2015-12-31,ECL.N,ECOLAB INC ORD,UNITED STATES,0.001688,2686130.0,72761.0,Derived Holdings 2026-04-13 SPY 2015.xlsx,False
SPY,2015-12-31,CB^A16,CHUBB CORP ORD,UNITED STATES,0.001666,2286686.0,62178.0,Derived Holdings 2026-04-13 SPY 2015.xlsx,False
SPY,2015-12-31,EQR.N,EQUITY RESIDENTIAL ORD,UNITED STATES,0.001655,3693344.0,143914.0,Derived Holdings 2026-04-13 SPY 2015.xlsx,False
SPY,2015-12-31,nan,TRUIST FINANCIAL CORP ORD,UNITED STATES,0.001643,7909269.0,312445.0,Derived Holdings 2026-04-13 SPY 2015.xlsx,False
SPY,2015-12-31,CAH.N,CARDINAL HEALTH INC ORD,UNITED STATES,0.0016359999999999,3335532.0,122292.0,Derived Holdings 2026-04-13 SPY 2015.xlsx,False
SPY,2015-12-31,SYK.N,STRYKER CORP ORD,UNITED STATES,0.00163,3193204.0,86739.0,Derived Holdings 2026-04-13 SPY 2015.xlsx,False
SPY,2015-12-31,PX.N,PRAXAIR INC ORD,UNITED STATES,0.0016259999999999,2890021.0,78084.0,Derived Holdings 2026-04-13 SPY 2015.xlsx,False
SPY,2015-12-31,MRSH.K,MARSH & MCLENNAN COMPANIES INC ORD,UNITED STATES,0.0016259999999999,5337258.0,143217.0,Derived Holdings 2026-04-13 SPY 2015.xlsx,False
SPY,2015-12-31,HAL.N,HALLIBURTON CO ORD,UNITED STATES,0.001611,8615605.0,235132.0,Derived Holdings 2026-04-13 SPY 2015.xlsx,False
SPY,2015-12-31,nan,ALTABA INC ORD,UNITED STATES,0.001609,8808933.0,314026.0,Derived Holdings 2026-04-13 SPY 2015.xlsx,False
SPY,2015-12-31,CCI.N,CROWN CASTLE INC ORD,UNITED STATES,0.001599,3367669.0,91559.0,Derived Holdings 2026-04-13 SPY 2015.xlsx,False
SPY,2015-12-31,AEP.O,AMERICAN ELECTRIC POWER COMPANY INC ORD,UNITED STATES,0.001593,4976216.0,184418.0,Derived Holdings 2026-04-13 SPY 2015.xlsx,False
SPY,2015-12-31,LUV.N,SOUTHWEST AIRLINES CO ORD,UNITED STATES,0.001571,6640768.0,178864.0,Derived Holdings 2026-04-13 SPY 2015.xlsx,False
SPY,2015-12-31,ILMN.OQ,ILLUMINA INC ORD,UNITED STATES,0.001565,1484341.0,72685.0,Derived Holdings 2026-04-13 SPY 2015.xlsx,False
SPY,2015-12-31,MPC.N,MARATHON PETROLEUM CORP ORD,UNITED STATES,0.0015379999999999,5401276.0,146528.0,Derived Holdings 2026-04-13 SPY 2015.xlsx,False
SPY,2015-12-31,HPE.N,HEWLETT PACKARD ENTERPRISE CO ORD,UNITED STATES,0.001522,18228874.0,493326.0,Derived Holdings 2026-04-13 SPY 2015.xlsx,False
SPY,2015-12-31,KMI.N,KINDER MORGAN INC ORD,UNITED STATES,0.001521,18557000.0,915919.0,Derived Holdings 2026-04-13 SPY 2015.xlsx,False
SPY,2015-12-31,STT.N,STATE STREET CORP ORD,UNITED STATES,0.001507,4133218.0,110881.0,Derived Holdings 2026-04-13 SPY 2015.xlsx,False
SPY,2015-12-31,nan,S&P GLOBAL INC ORD,UNITED STATES,0.001485,2742765.0,74228.0,Derived Holdings 2026-04-13 SPY 2015.xlsx,False
SPY,2015-12-31,PPG.N,PPG INDUSTRIES INC ORD,UNITED STATES,0.001483,2730982.0,73746.0,Derived Holdings 2026-04-13 SPY 2015.xlsx,False
SPY,2015-12-31,AAL.OQ,AMERICAN AIRLINES GROUP INC ORD,UNITED STATES,0.001478,6354408.0,172996.0,Derived Holdings 2026-04-13 SPY 2015.xlsx,False
SPY,2015-12-31,HUM.N,HUMANA INC ORD,UNITED STATES,0.001472,1501233.0,40488.0,Derived Holdings 2026-04-13 SPY 2015.xlsx,False
SPY,2015-12-31,PCG.N,PG&E CORP ORD,UNITED STATES,0.001441,4933360.0,134420.0,Derived Holdings 2026-04-13 SPY 2015.xlsx,False
SPY,2015-12-31,JCI.N,JOHNSON CONTROLS INC ORD,UNITED STATES,0.0014299999999999,6590727.0,177879.0,Derived Holdings 2026-04-13 SPY 2015.xlsx,False
SPY,2015-12-31,AFL.N,AFLAC INC ORD,UNITED STATES,0.001428,4339061.0,117147.0,Derived Holdings 2026-04-13 SPY 2015.xlsx,False
SPY,2015-12-31,CSX.OQ,CSX CORP ORD,UNITED STATES,0.001421,9971419.0,267331.0,Derived Holdings 2026-04-13 SPY 2015.xlsx,False
SPY,2015-12-31,INTU.OQ,INTUIT INC ORD,UNITED STATES,0.0014169999999999,2673932.0,-26753.0,Derived Holdings 2026-04-13 SPY 2015.xlsx,False
SPY,2015-12-31,EXC.O,EXELON CORP ORD,UNITED STATES,0.0014149999999999,9275864.0,252505.0,Derived Holdings 2026-04-13 SPY 2015.xlsx,False
SPY,2015-12-31,NSC.N,NORFOLK SOUTHERN CORP ORD,UNITED STATES,0.001411,3036040.0,81961.0,Derived Holdings 2026-04-13 SPY 2015.xlsx,False
SPY,2015-12-31,SYF.N,SYNCHRONY FINANCIAL ORD,UNITED STATES,0.0014099999999999,8442951.0,228887.0,Derived Holdings 2026-04-13 SPY 2015.xlsx,False
SPY,2015-12-31,AON.N,AON PLC ORD,IRELAND,0.001406,2775807.0,20955.0,Derived Holdings 2026-04-13 SPY 2015.xlsx,False
SPY,2015-12-31,AVB.N,AVALONBAY COMMUNITIES INC ORD,UNITED STATES,0.001405,1388571.0,85433.0,Derived Holdings 2026-04-13 SPY 2015.xlsx,False
SPY,2015-12-31,APD.N,AIR PRODUCTS AND CHEMICALS INC ORD,UNITED STATES,0.001405,1965343.0,75320.0,Derived Holdings 2026-04-13 SPY 2015.xlsx,False
SPY,2015-12-31,CCL.N,CARNIVAL CORP ORD,UNITED STATES,0.0013969999999999,4668259.0,126284.0,Derived Holdings 2026-04-13 SPY 2015.xlsx,False
SPY,2015-12-31,ORLY.OQ,O'REILLY AUTOMOTIVE INC ORD,UNITED STATES,0.001394,1001129.0,26992.0,Derived Holdings 2026-04-13 SPY 2015.xlsx,False
SPY,2015-12-31,TEL.N,TE CONNECTIVITY PLC ORD,IRELAND,0.001389,3913504.0,-46292.0,Derived Holdings 2026-04-13 SPY 2015.xlsx,False
SPY,2015-12-31,BSX.N,BOSTON SCIENTIFIC CORP ORD,UNITED STATES,0.001381,13637905.0,524286.0,Derived Holdings 2026-04-13 SPY 2015.xlsx,False
SPY,2015-12-31,STZ.N,CONSTELLATION BRANDS INC ORD,UNITED STATES,0.001374,1755965.0,69076.0,Derived Holdings 2026-04-13 SPY 2015.xlsx,False
SPY,2015-12-31,nan,BATH & BODY WORKS INC ORD,UNITED STATES,0.001365,2592798.0,70311.0,Derived Holdings 2026-04-13 SPY 2015.xlsx,False
SPY,2015-12-31,APC^H19,ANADARKO PETROLEUM CORP ORD,UNITED STATES,0.001363,5105914.0,139056.0,Derived Holdings 2026-04-13 SPY 2015.xlsx,False
SPY,2015-12-31,nan,APTIV PLC ORD,SWITZERLAND,0.001349,2863902.0,77141.0,Derived Holdings 2026-04-13 SPY 2015.xlsx,False
SPY,2015-12-31,ETN.N,EATON CORPORATION PLC ORD,IRELAND,0.001348,4716277.0,127269.0,Derived Holdings 2026-04-13 SPY 2015.xlsx,False
SPY,2015-12-31,WELL.K,WELLTOWER INC ORD,UNITED STATES,0.001341,3588383.0,137801.0,Derived Holdings 2026-04-13 SPY 2015.xlsx,False
SPY,2015-12-31,ALL.N,ALLSTATE CORP ORD,UNITED STATES,0.001339,3924364.0,1148.0,Derived Holdings 2026-04-13 SPY 2015.xlsx,False
SPY,2015-12-31,DE.N,DEERE & CO ORD,UNITED STATES,0.0013139999999999,3135566.0,85775.0,Derived Holdings 2026-04-13 SPY 2015.xlsx,False
SPY,2015-12-31,DFS.MX,DISCOVER FINANCIAL SERVICES ORD,UNITED STATES,0.0012909999999999,4384139.0,118071.0,Derived Holdings 2026-04-13 SPY 2015.xlsx,False
SPY,2015-12-31,PPL.N,PPL CORP ORD,UNITED STATES,0.001277,6811445.0,276922.0,Derived Holdings 2026-04-13 SPY 2015.xlsx,False
SPY,2015-12-31,AZO.N,AUTOZONE INC ORD,UNITED STATES,0.001266,310526.0,8194.0,Derived Holdings 2026-04-13 SPY 2015.xlsx,False
SPY,2015-12-31,MNST.OQ,MONSTER BEVERAGE CORP ORD,UNITED STATES,0.001255,1533559.0,40991.0,Derived Holdings 2026-04-13 SPY 2015.xlsx,False
SPY,2015-12-31,WM.N,WASTE MANAGEMENT INC ORD,UNITED STATES,0.00125,4263979.0,114255.0,Derived Holdings 2026-04-13 SPY 2015.xlsx,False
SPY,2015-12-31,nan,VIATRIS INC ORD,UNITED STATES,0.0012439999999999,4187670.0,161049.0,Derived Holdings 2026-04-13 SPY 2015.xlsx,False
SPY,2015-12-31,PLD.N,PROLOGIS INC ORD,UNITED STATES,0.001243,5270805.0,144076.0,Derived Holdings 2026-04-13 SPY 2015.xlsx,False
SPY,2015-12-31,SUUf.TRE,SUNTRUST BANKS INC ORD,UNITED STATES,0.001228,5218778.0,139843.0,Derived Holdings 2026-04-13 SPY 2015.xlsx,False
SPY,2015-12-31,SRE.N,SEMPRA ORD,UNITED STATES,0.001226,2374308.0,64567.0,Derived Holdings 2026-04-13 SPY 2015.xlsx,False
SPY,2015-12-31,ADM.N,ARCHER-DANIELS-MIDLAND CO ORD,UNITED STATES,0.001219,6048387.0,81585.0,Derived Holdings 2026-04-13 SPY 2015.xlsx,False
SPY,2015-12-31,ZTS.N,ZOETIS INC ORD,UNITED STATES,0.001215,4613949.0,125781.0,Derived Holdings 2026-04-13 SPY 2015.xlsx,False
SPY,2015-12-31,ROST.OQ,ROSS STORES INC ORD,UNITED STATES,0.001213,4104683.0,21505.0,Derived Holdings 2026-04-13 SPY 2015.xlsx,False
SPY,2015-12-31,GLW.N,CORNING INC ORD,UNITED STATES,0.001204,11985769.0,-24012.0,Derived Holdings 2026-04-13 SPY 2015.xlsx,False
SPY,2015-12-31,UAL.O,UNITED AIRLINES HOLDINGS INC ORD,UNITED STATES,0.001201,3816608.0,102226.0,Derived Holdings 2026-04-13 SPY 2015.xlsx,False
SPY,2015-12-31,AMAT.OQ,APPLIED MATERIALS INC ORD,UNITED STATES,0.001194,11641029.0,-121365.0,Derived Holdings 2026-04-13 SPY 2015.xlsx,False
SPY,2015-12-31,SYY.N,SYSCO CORP ORD,UNITED STATES,0.001192,5290361.0,144076.0,Derived Holdings 2026-04-13 SPY 2015.xlsx,False
SPY,2015-12-31,HPQ.N,HP INC ORD,UNITED STATES,0.001186,18231400.0,495852.0,Derived Holdings 2026-04-13 SPY 2015.xlsx,False
SPY,2015-12-31,HCA.N,HCA HEALTHCARE INC ORD,UNITED STATES,0.0011819999999999,3181557.0,38220.0,Derived Holdings 2026-04-13 SPY 2015.xlsx,False
SPY,2015-12-31,EA.OQ,ELECTRONIC ARTS INC ORD,UNITED STATES,0.001178,3119208.0,85314.0,Derived Holdings 2026-04-13 SPY 2015.xlsx,False
SPY,2015-12-31,VFC.N,VF CORP ORD,UNITED STATES,0.001176,3437790.0,93487.0,Derived Holdings 2026-04-13 SPY 2015.xlsx,False
SPY,2015-12-31,DG.N,DOLLAR GENERAL CORP ORD,UNITED STATES,0.001172,2968340.0,80033.0,Derived Holdings 2026-04-13 SPY 2015.xlsx,False
SPY,2015-12-31,PRGO.N,PERRIGO COMPANY PLC ORD,IRELAND,0.001169,1471262.0,40006.0,Derived Holdings 2026-04-13 SPY 2015.xlsx,False
SPY,2015-12-31,BXLT.N,BAXALTA INC ORD,UNITED STATES,0.001167,5442491.0,148896.0,Derived Holdings 2026-04-13 SPY 2015.xlsx,False
SPY,2015-12-31,FISV.O,FISERV INC ORD,UNITED STATES,0.001163,2315769.0,13123.0,Derived Holdings 2026-04-13 SPY 2015.xlsx,False
SPY,2015-12-31,BAX.N,BAXTER INTERNATIONAL INC ORD,UNITED STATES,0.001153,5500806.0,150321.0,Derived Holdings 2026-04-13 SPY 2015.xlsx,False
SPY,2015-12-31,SHW.N,SHERWIN-WILLIAMS CO ORD,UNITED STATES,0.00114,799479.0,21690.0,Derived Holdings 2026-04-13 SPY 2015.xlsx,False
SPY,2015-12-31,nan,PARAMOUNT SKYDANCE CORP ORD,UNITED STATES,0.001138,4394925.0,40159.0,Derived Holdings 2026-04-13 SPY 2015.xlsx,False
SPY,2015-12-31,ISRG.OQ,INTUITIVE SURGICAL INC ORD,UNITED STATES,0.001136,378705.0,18222.0,Derived Holdings 2026-04-13 SPY 2015.xlsx,False
SPY,2015-12-31,COR,CENCORA INC ORD,UNITED STATES,0.001127,1978651.0,-49293.0,Derived Holdings 2026-04-13 SPY 2015.xlsx,False
SPY,2015-12-31,nan,BAKER HUGHES CO ORD,UNITED STATES,0.001114,4392873.0,119294.0,Derived Holdings 2026-04-13 SPY 2015.xlsx,False
SPY,2015-12-31,EL.N,ESTEE LAUDER COMPANIES INC ORD,UNITED STATES,0.001089,2251823.0,61235.0,Derived Holdings 2026-04-13 SPY 2015.xlsx,False
SPY,2015-12-31,BXP.N,BXP INC ORD,UNITED STATES,0.00108,1541882.0,41713.0,Derived Holdings 2026-04-13 SPY 2015.xlsx,False
SPY,2015-12-31,MTB.N,M&T BANK CORP ORD,UNITED STATES,0.00108,1621810.0,93262.0,Derived Holdings 2026-04-13 SPY 2015.xlsx,False
SPY,2015-12-31,ATVIn.BCU,ACTIVISION BLIZZARD INC ORD,UNITED STATES,0.001078,5071575.0,138071.0,Derived Holdings 2026-04-13 SPY 2015.xlsx,False
SPY,2015-12-31,PEG.N,PUBLIC SERVICE ENTERPRISE GROUP INC ORD,UNITED STATES,0.001078,5070184.0,138815.0,Derived Holdings 2026-04-13 SPY 2015.xlsx,False
SPY,2015-12-31,EIX.N,EDISON INTERNATIONAL ORD,UNITED STATES,0.001062,3266060.0,90031.0,Derived Holdings 2026-04-13 SPY 2015.xlsx,False
SPY,2015-12-31,ROP.O,ROPER TECHNOLOGIES INC ORD,UNITED STATES,0.001054,1010490.0,27474.0,Derived Holdings 2026-04-13 SPY 2015.xlsx,False
SPY,2015-12-31,VTR.N,VENTAS INC ORD,UNITED STATES,0.001047,3376200.0,150238.0,Derived Holdings 2026-04-13 SPY 2015.xlsx,False
SPY,2015-12-31,EQIX.OQ,EQUINIX INC ORD,UNITED STATES,0.001045,628848.0,57128.0,Derived Holdings 2026-04-13 SPY 2015.xlsx,False
SPY,2015-12-31,ED.N,CONSOLIDATED EDISON INC ORD,UNITED STATES,0.00104,2944452.0,80473.0,Derived Holdings 2026-04-13 SPY 2015.xlsx,False
SPY,2015-12-31,PGR.N,PROGRESSIVE CORP ORD,UNITED STATES,0.001034,5920749.0,160485.0,Derived Holdings 2026-04-13 SPY 2015.xlsx,False
SPY,2015-12-31,PNKf.TPRM,PIONEER NATURAL RESOURCES CO ORD,UNITED STATES,0.001034,1500828.0,40970.0,Derived Holdings 2026-04-13 SPY 2015.xlsx,False
SPY,2015-12-31,AMP.N,AMERIPRISE FINANCIAL INC ORD,UNITED STATES,0.001032,1764823.0,18660.0,Derived Holdings 2026-04-13 SPY 2015.xlsx,False
SPY,2015-12-31,US4878361082.TRE,KELLANOVA ORD,UNITED STATES,0.001019,2566927.0,69869.0,Derived Holdings 2026-04-13 SPY 2015.xlsx,False
SPY,2015-12-31,OMC.N,OMNICOM GROUP INC ORD,UNITED STATES,0.001019,2451406.0,66516.0,Derived Holdings 2026-04-13 SPY 2015.xlsx,False
SPY,2015-12-31,CERN.O^F22,CERNER CORP ORD,UNITED STATES,0.001017,3078270.0,83186.0,Derived Holdings 2026-04-13 SPY 2015.xlsx,False
SPY,2015-12-31,TROW.OQ,T ROWE PRICE GROUP INC ORD,UNITED STATES,0.001013,2578835.0,68968.0,Derived Holdings 2026-04-13 SPY 2015.xlsx,False
SPY,2015-12-31,CAG.N,CONAGRA BRANDS INC ORD,UNITED STATES,0.001008,4354102.0,119412.0,Derived Holdings 2026-04-13 SPY 2015.xlsx,False
SPY,2015-12-31,XEL.O,XCEL ENERGY INC ORD,UNITED STATES,0.001006,5097417.0,139256.0,Derived Holdings 2026-04-13 SPY 2015.xlsx,False
SPY,2015-12-31,DLTR.OQ,DOLLAR TREE INC ORD,UNITED STATES,0.001005,2369371.0,64567.0,Derived Holdings 2026-04-13 SPY 2015.xlsx,False
SPY,2015-12-31,HIG.N,HARTFORD INSURANCE GROUP INC ORD,UNITED STATES,0.000999,4184470.0,112348.0,Derived Holdings 2026-04-13 SPY 2015.xlsx,False
SPY,2015-12-31,nan,HEALTHPEAK PROPERTIES INC ORD,UNITED STATES,0.00099,4715189.0,200667.0,Derived Holdings 2026-04-13 SPY 2015.xlsx,False
SPY,2015-12-31,nan,KEURIG DR PEPPER INC ORD,UNITED STATES,0.000986,1925746.0,52056.0,Derived Holdings 2026-04-13 SPY 2015.xlsx,False
SPY,2015-12-31,VNO.N,VORNADO REALTY TRUST ORD,UNITED STATES,0.000981,1786464.0,48661.0,Derived Holdings 2026-04-13 SPY 2015.xlsx,False
SPY,2015-12-31,ZBH.N,"ZIMMER BIOMET HOLDINGS, INC ORD",UNITED STATES,0.000978,1735636.0,78515.0,Derived Holdings 2026-04-13 SPY 2015.xlsx,False
SPY,2015-12-31,STJ^A17,ST. JUDE MEDICAL INC ORD,UNITED STATES,0.000972,2865666.0,122081.0,Derived Holdings 2026-04-13 SPY 2015.xlsx,False
SPY,2015-12-31,WMB.N,WILLIAMS COMPANIES INC ORD,UNITED STATES,0.000971,6878933.0,187435.0,Derived Holdings 2026-04-13 SPY 2015.xlsx,False
SPY,2015-12-31,MCO.N,MOODY'S CORP ORD,UNITED STATES,0.000969,1757873.0,47257.0,Derived Holdings 2026-04-13 SPY 2015.xlsx,False
SPY,2015-12-31,RCL.N,ROYAL CARIBBEAN CRUISES LTD ORD,UNITED STATES,0.000963,1731304.0,47215.0,Derived Holdings 2026-04-13 SPY 2015.xlsx,False
SPY,2015-12-31,ADI.OQ,ANALOG DEVICES INC ORD,UNITED STATES,0.000958,3151784.0,85796.0,Derived Holdings 2026-04-13 SPY 2015.xlsx,False
SPY,2015-12-31,NLSN.K^J22,NIELSEN HOLDINGS PLC ORD,UNITED STATES,0.00095,3712509.0,99795.0,Derived Holdings 2026-04-13 SPY 2015.xlsx,False
SPY,2015-12-31,PAYX.OQ,PAYCHEX INC ORD,UNITED STATES,0.000948,3263477.0,88185.0,Derived Holdings 2026-04-13 SPY 2015.xlsx,False
SPY,2015-12-31,FIS.N,FIDELITY NATIONAL INFORMATION SERVICES INC ORD,UNITED STATES,0.000947,2843760.0,75231.0,Derived Holdings 2026-04-13 SPY 2015.xlsx,False
SPY,2015-12-31,BFH,BREAD FINANCIAL HOLDINGS INC ORD,UNITED STATES,0.000942,619992.0,16870.0,Derived Holdings 2026-04-13 SPY 2015.xlsx,False
SPY,2015-12-31,EW.N,EDWARDS LIFESCIENCES CORP ORD,UNITED STATES,0.0009379999999999,2162569.0,1110917.0,Derived Holdings 2026-04-13 SPY 2015.xlsx,False
SPY,2015-12-31,nan,APA CORP (US) ORD,UNITED STATES,0.000936,3832329.0,161309.0,Derived Holdings 2026-04-13 SPY 2015.xlsx,False
SPY,2015-12-31,NVDA.OQ,NVIDIA CORP ORD,UNITED STATES,0.000931,5140254.0,140241.0,Derived Holdings 2026-04-13 SPY 2015.xlsx,False
SPY,2015-12-31,PCAR.OQ,PACCAR INC ORD,UNITED STATES,0.0009229999999999,3544179.0,96882.0,Derived Holdings 2026-04-13 SPY 2015.xlsx,False
SPY,2015-12-31,SWK.N,STANLEY BLACK & DECKER INC ORD,UNITED STATES,0.000906,1545258.0,41012.0,Derived Holdings 2026-04-13 SPY 2015.xlsx,False
SPY,2015-12-31,CLX.N,CLOROX CO ORD,UNITED STATES,0.000905,1298463.0,35647.0,Derived Holdings 2026-04-13 SPY 2015.xlsx,False
SPY,2015-12-31,SE.N,SPECTRA ENERGY CORP ORD,UNITED STATES,0.000895,6807332.0,292443.0,Derived Holdings 2026-04-13 SPY 2015.xlsx,False
SPY,2015-12-31,FITB.OQ,FIFTH THIRD BANCORP ORD,UNITED STATES,0.0008939999999999,8093914.0,218388.0,Derived Holdings 2026-04-13 SPY 2015.xlsx,False
SPY,2015-12-31,WEC.N,WEC ENERGY GROUP INC ORD,UNITED STATES,0.000893,3168081.0,86739.0,Derived Holdings 2026-04-13 SPY 2015.xlsx,False
SPY,2015-12-31,ES.N,EVERSOURCE ENERGY ORD,UNITED STATES,0.00089,3174094.0,87221.0,Derived Holdings 2026-04-13 SPY 2015.xlsx,False
SPY,2015-12-31,APH.N,AMPHENOL CORP ORD,UNITED STATES,0.000889,3098096.0,84811.0,Derived Holdings 2026-04-13 SPY 2015.xlsx,False
SPY,2015-12-31,MJN.N,MEAD JOHNSON NUTRITION CO ORD,UNITED STATES,0.0008799999999999,2028117.0,54047.0,Derived Holdings 2026-04-13 SPY 2015.xlsx,False
SPY,2015-12-31,nan,BROOKFIELD PROPERTY REIT INC ORD,UNITED STATES,0.000879,5877550.0,160003.0,Derived Holdings 2026-04-13 SPY 2015.xlsx,False
SPY,2015-12-31,IP.N,INTERNATIONAL PAPER CO ORD,UNITED STATES,0.000878,4240967.0,113773.0,Derived Holdings 2026-04-13 SPY 2015.xlsx,False
SPY,2015-12-31,TSN.N,TYSON FOODS INC ORD,UNITED STATES,0.000878,2995666.0,7860.0,Derived Holdings 2026-04-13 SPY 2015.xlsx,False
SPY,2015-12-31,NTRS.OQ,NORTHERN TRUST CORP ORD,UNITED STATES,0.000874,2206184.0,59768.0,Derived Holdings 2026-04-13 SPY 2015.xlsx,False
SPY,2015-12-31,ESS.N,ESSEX PROPERTY TRUST INC ORD,UNITED STATES,0.0008719999999999,663048.0,18295.0,Derived Holdings 2026-04-13 SPY 2015.xlsx,False
SPY,2015-12-31,LVLT.N,LEVEL 3 COMMUNICATIONS INC ORD,UNITED STATES,0.000868,2908163.0,79027.0,Derived Holdings 2026-04-13 SPY 2015.xlsx,False
SPY,2015-12-31,SNDK.O^E16,SANDISK CORP ORD,UNITED STATES,0.000859,2058105.0,54990.0,Derived Holdings 2026-04-13 SPY 2015.xlsx,False
SPY,2015-12-31,MU.OQ,MICRON TECHNOLOGY INC ORD,UNITED STATES,0.000856,11009565.0,553869.0,Derived Holdings 2026-04-13 SPY 2015.xlsx,False
SPY,2015-12-31,WY.N,WEYERHAEUSER CO ORD,UNITED STATES,0.000854,5187452.0,140262.0,Derived Holdings 2026-04-13 SPY 2015.xlsx,False
SPY,2015-12-31,RHT^G19,RED HAT INC ORD,UNITED STATES,0.000837,1839501.0,50128.0,Derived Holdings 2026-04-13 SPY 2015.xlsx,False
SPY,2015-12-31,CMG.N,CHIPOTLE MEXICAN GRILL INC ORD,UNITED STATES,0.000834,316217.0,13776.0,Derived Holdings 2026-04-13 SPY 2015.xlsx,False
SPY,2015-12-31,TAP.N,MOLSON COORS BEVERAGE CO ORD,UNITED STATES,0.000823,1595482.0,43780.0,Derived Holdings 2026-04-13 SPY 2015.xlsx,False
SPY,2015-12-31,SJM.N,J M SMUCKER CO ORD,UNITED STATES,0.000816,1204223.0,32776.0,Derived Holdings 2026-04-13 SPY 2015.xlsx,False
SPY,2015-12-31,nan,TRANE TECHNOLOGIES PLC ORD,IRELAND,0.0008119999999999,2675002.0,71839.0,Derived Holdings 2026-04-13 SPY 2015.xlsx,False
SPY,2015-12-31,SWKS.OQ,SKYWORKS SOLUTIONS INC ORD,UNITED STATES,0.0008119999999999,1924200.0,52517.0,Derived Holdings 2026-04-13 SPY 2015.xlsx,False
SPY,2015-12-31,CMI.N,CUMMINS INC ORD,UNITED STATES,0.000809,1673742.0,45308.0,Derived Holdings 2026-04-13 SPY 2015.xlsx,False
SPY,2015-12-31,UAA,UNDER ARMOUR INC ORD,UNITED STATES,0.000805,1817626.0,49625.0,Derived Holdings 2026-04-13 SPY 2015.xlsx,False
SPY,2015-12-31,EXPE.OQ,EXPEDIA GROUP INC ORD,UNITED STATES,0.000803,1175443.0,210684.0,Derived Holdings 2026-04-13 SPY 2015.xlsx,False
SPY,2015-12-31,nan,GEN DIGITAL INC ORD,UNITED STATES,0.000796,6900288.0,185612.0,Derived Holdings 2026-04-13 SPY 2015.xlsx,False
SPY,2015-12-31,DTE.N,DTE ENERGY CO ORD,UNITED STATES,0.000794,1803143.0,49164.0,Derived Holdings 2026-04-13 SPY 2015.xlsx,False
SPY,2015-12-31,IVZ.N,INVESCO LTD ORD,UNITED STATES,0.000793,4313850.0,115983.0,Derived Holdings 2026-04-13 SPY 2015.xlsx,False
SPY,2015-12-31,VIAB.O^L19,VIACOM INC ORD,UNITED STATES,0.000791,3499163.0,95415.0,Derived Holdings 2026-04-13 SPY 2015.xlsx,False
SPY,2015-12-31,BEN.N,FRANKLIN RESOURCES INC ORD,UNITED STATES,0.000789,3899997.0,104175.0,Derived Holdings 2026-04-13 SPY 2015.xlsx,False
SPY,2015-12-31,NBL.O^J20,NOBLE ENERGY INC ORD,UNITED STATES,0.0007779999999999,4300848.0,116402.0,Derived Holdings 2026-04-13 SPY 2015.xlsx,False
SPY,2015-12-31,BCR.N,C R BARD INC ORD,UNITED STATES,0.000776,746056.0,20244.0,Derived Holdings 2026-04-13 SPY 2015.xlsx,False
SPY,2015-12-31,A.N,AGILENT TECHNOLOGIES INC ORD,UNITED STATES,0.0007729999999999,3366861.0,91077.0,Derived Holdings 2026-04-13 SPY 2015.xlsx,False
SPY,2015-12-31,nan,LUMEN TECHNOLOGIES INC ORD,UNITED STATES,0.0007689999999999,5564527.0,33292.0,Derived Holdings 2026-04-13 SPY 2015.xlsx,False
SPY,2015-12-31,WDC.OQ,WESTERN DIGITAL CORP ORD,UNITED STATES,0.000767,2326565.0,63582.0,Derived Holdings 2026-04-13 SPY 2015.xlsx,False
SPY,2015-12-31,ROK.N,ROCKWELL AUTOMATION INC ORD,UNITED STATES,0.000766,1359010.0,36171.0,Derived Holdings 2026-04-13 SPY 2015.xlsx,False
SPY,2015-12-31,ADSK.OQ,AUTODESK INC ORD,UNITED STATES,0.000762,2276162.0,62157.0,Derived Holdings 2026-04-13 SPY 2015.xlsx,False
SPY,2015-12-31,PH.N,PARKER-HANNIFIN CORP ORD,UNITED STATES,0.000742,1392907.0,37135.0,Derived Holdings 2026-04-13 SPY 2015.xlsx,False
SPY,2015-12-31,TYC.N,TYCO INTERNATIONAL PLC ORD,IRELAND,0.000742,4233240.0,116120.0,Derived Holdings 2026-04-13 SPY 2015.xlsx,False
SPY,2015-12-31,EFX.N,EQUIFAX INC ORD,UNITED STATES,0.000737,1204562.0,32073.0,Derived Holdings 2026-04-13 SPY 2015.xlsx,False
SPY,2015-12-31,FE.N,FIRSTENERGY CORP ORD,UNITED STATES,0.000735,4218356.0,116120.0,Derived Holdings 2026-04-13 SPY 2015.xlsx,False
SPY,2015-12-31,HSIC.OQ,HENRY SCHEIN INC ORD,UNITED STATES,0.00073,840444.0,22654.0,Derived Holdings 2026-04-13 SPY 2015.xlsx,False
SPY,2015-12-31,HSY.N,HERSHEY CO ORD,UNITED STATES,0.000729,1487281.0,39545.0,Derived Holdings 2026-04-13 SPY 2015.xlsx,False
SPY,2015-12-31,AME.N,AMETEK INC ORD,UNITED STATES,0.000722,2451904.0,65573.0,Derived Holdings 2026-04-13 SPY 2015.xlsx,False
SPY,2015-12-31,GPC.N,GENUINE PARTS CO ORD,UNITED STATES,0.000722,1529861.0,41452.0,Derived Holdings 2026-04-13 SPY 2015.xlsx,False
SPY,2015-12-31,MAR.OQ,MARRIOTT INTERNATIONAL INC ORD,UNITED STATES,0.0007199999999999,1954563.0,1583.0,Derived Holdings 2026-04-13 SPY 2015.xlsx,False
SPY,2015-12-31,nan,ANDEAVOR ORD,UNITED STATES,0.000719,1241706.0,33279.0,Derived Holdings 2026-04-13 SPY 2015.xlsx,False
SPY,2015-12-31,NOV.N,NOV INC ORD,UNITED STATES,0.0007149999999999,3886901.0,103211.0,Derived Holdings 2026-04-13 SPY 2015.xlsx,False
SPY,2015-12-31,nan,HOWMET AEROSPACE INC ORD,UNITED STATES,0.000714,13162232.0,359267.0,Derived Holdings 2026-04-13 SPY 2015.xlsx,False
SPY,2015-12-31,O.N,REALTY INCOME CORP ORD,UNITED STATES,0.000712,2511292.0,68423.0,Derived Holdings 2026-04-13 SPY 2015.xlsx,False
SPY,2015-12-31,NUE.N,NUCOR CORP ORD,UNITED STATES,0.0007099999999999,3208874.0,87703.0,Derived Holdings 2026-04-13 SPY 2015.xlsx,False
SPY,2015-12-31,RF.N,REGIONS FINANCIAL CORP ORD,UNITED STATES,0.0007099999999999,13458723.0,358734.0,Derived Holdings 2026-04-13 SPY 2015.xlsx,False
SPY,2015-12-31,ENDP.TO^C17,ENDO INTERNATIONAL PLC ORD,IRELAND,0.0007059999999999,2100609.0,57337.0,Derived Holdings 2026-04-13 SPY 2015.xlsx,False
SPY,2015-12-31,LNC.N,LINCOLN NATIONAL CORP ORD,UNITED STATES,0.0007019999999999,2542262.0,67983.0,Derived Holdings 2026-04-13 SPY 2015.xlsx,False
SPY,2015-12-31,VMC.N,VULCAN MATERIALS CO ORD,UNITED STATES,0.0007009999999999,1342834.0,36611.0,Derived Holdings 2026-04-13 SPY 2015.xlsx,False
SPY,2015-12-31,LH.N,LABCORP HOLDINGS INC ORD,UNITED STATES,0.000697,1026232.0,48635.0,Derived Holdings 2026-04-13 SPY 2015.xlsx,False
SPY,2015-12-31,LRCX.OQ,LAM RESEARCH CORP ORD,UNITED STATES,0.000694,1590935.0,43380.0,Derived Holdings 2026-04-13 SPY 2015.xlsx,False
SPY,2015-12-31,DVN.N,DEVON ENERGY CORP ORD,UNITED STATES,0.000683,3885696.0,106019.0,Derived Holdings 2026-04-13 SPY 2015.xlsx,False
SPY,2015-12-31,PFG.O,PRINCIPAL FINANCIAL GROUP INC ORD,UNITED STATES,0.000681,2754607.0,74710.0,Derived Holdings 2026-04-13 SPY 2015.xlsx,False
SPY,2015-12-31,COL^K18,ROCKWELL COLLINS INC ORD,UNITED STATES,0.000681,1342302.0,36150.0,Derived Holdings 2026-04-13 SPY 2015.xlsx,False
SPY,2015-12-31,XLNX.O^B22,XILINX INC ORD,UNITED STATES,0.000676,2619058.0,70372.0,Derived Holdings 2026-04-13 SPY 2015.xlsx,False
SPY,2015-12-31,ETR.N,ENTERGY CORP ORD,UNITED STATES,0.000672,1790478.0,49164.0,Derived Holdings 2026-04-13 SPY 2015.xlsx,False
SPY,2015-12-31,CAM.N,CAMERON INTERNATIONAL CORP ORD,UNITED STATES,0.00067,1930011.0,52517.0,Derived Holdings 2026-04-13 SPY 2015.xlsx,False
SPY,2015-12-31,MHK.N,MOHAWK INDUSTRIES INC ORD,UNITED STATES,0.000667,641081.0,17352.0,Derived Holdings 2026-04-13 SPY 2015.xlsx,False
SPY,2015-12-31,nan,XL GROUP LTD ORD,BERMUDA,0.000663,3080244.0,81961.0,Derived Holdings 2026-04-13 SPY 2015.xlsx,False
SPY,2015-12-31,VRSK.OQ,VERISK ANALYTICS INC ORD,UNITED STATES,0.00066,1563157.0,42877.0,Derived Holdings 2026-04-13 SPY 2015.xlsx,False
SPY,2015-12-31,DVA.N,DAVITA INC ORD,UNITED STATES,0.0006569999999999,1714965.0,45811.0,Derived Holdings 2026-04-13 SPY 2015.xlsx,False
SPY,2015-12-31,FAST.OQ,FASTENAL CO ORD,UNITED STATES,0.0006569999999999,2929722.0,79509.0,Derived Holdings 2026-04-13 SPY 2015.xlsx,False
SPY,2015-12-31,US96145D1054.TPRM,WESTROCK CO ORD,UNITED STATES,0.0006569999999999,2619670.0,70193.0,Derived Holdings 2026-04-13 SPY 2015.xlsx,False
SPY,2015-12-31,HOT^I16,STARWOOD HOTELS & RESORTS WORLDWIDE INC ORD,UNITED STATES,0.000655,1721769.0,46272.0,Derived Holdings 2026-04-13 SPY 2015.xlsx,False
SPY,2015-12-31,HN9f.ICEM,HANESBRANDS LLC ORD,UNITED STATES,0.000655,4053983.0,107591.0,Derived Holdings 2026-04-13 SPY 2015.xlsx,False
SPY,2015-12-31,NWL.O,NEWELL BRANDS INC ORD,UNITED STATES,0.000654,2702061.0,73264.0,Derived Holdings 2026-04-13 SPY 2015.xlsx,False
SPY,2015-12-31,GWW.N,WW GRAINGER INC ORD,UNITED STATES,0.000651,585241.0,-5573.0,Derived Holdings 2026-04-13 SPY 2015.xlsx,False
SPY,2015-12-31,nan,TWENTY-FIRST CENTURY FOX INC ORD,UNITED STATES,0.00065,4346010.0,118530.0,Derived Holdings 2026-04-13 SPY 2015.xlsx,False
SPY,2015-12-31,HES.MX,HESS CORP ORD,UNITED STATES,0.000649,2437810.0,66034.0,Derived Holdings 2026-04-13 SPY 2015.xlsx,False
SPY,2015-12-31,CTXS.O^J22,CITRIX SYSTEMS INC ORD,UNITED STATES,0.0006479999999999,1558394.0,-29821.0,Derived Holdings 2026-04-13 SPY 2015.xlsx,False
SPY,2015-12-31,TSCO.OQ,TRACTOR SUPPLY CO ORD,UNITED STATES,0.000645,1372819.0,37114.0,Derived Holdings 2026-04-13 SPY 2015.xlsx,False
SPY,2015-12-31,TXT.N,TEXTRON INC ORD,UNITED STATES,0.0006429999999999,2787644.0,75213.0,Derived Holdings 2026-04-13 SPY 2015.xlsx,False
SPY,2015-12-31,WHR.N,WHIRLPOOL CORP ORD,UNITED STATES,0.000638,790600.0,21669.0,Derived Holdings 2026-04-13 SPY 2015.xlsx,False
SPY,2015-12-31,WFM.O^H17,WHOLE FOODS MRKT ORD,UNITED STATES,0.000636,3456599.0,-55003.0,Derived Holdings 2026-04-13 SPY 2015.xlsx,False
SPY,2015-12-31,HST.O,"HOST HOTELS AND RESORTS, INC ORD",UNITED STATES,0.000634,7517925.0,206233.0,Derived Holdings 2026-04-13 SPY 2015.xlsx,False
SPY,2015-12-31,KMX.N,CARMAX INC ORD,UNITED STATES,0.000624,2103829.0,55493.0,Derived Holdings 2026-04-13 SPY 2015.xlsx,False
SPY,2015-12-31,SLG.N,SL GREEN REALTY CORP ORD,UNITED STATES,0.000621,1001257.0,27453.0,Derived Holdings 2026-04-13 SPY 2015.xlsx,False
SPY,2015-12-31,KEY.N,KEYCORP ORD,UNITED STATES,0.000621,8568057.0,229432.0,Derived Holdings 2026-04-13 SPY 2015.xlsx,False
SPY,2015-12-31,WAT.N,WATERS CORP ORD,UNITED STATES,0.000614,830368.0,22654.0,Derived Holdings 2026-04-13 SPY 2015.xlsx,False
SPY,2015-12-31,CHD.N,CHURCH & DWIGHT CO INC ORD,UNITED STATES,0.000612,1312025.0,,Derived Holdings 2026-04-13 SPY 2015.xlsx,False
SPY,2015-12-31,STX.OQ,SEAGATE TECHNOLOGY HOLDINGS PLC ORD,SINGAPORE,0.000612,3038900.0,81961.0,Derived Holdings 2026-04-13 SPY 2015.xlsx,False
SPY,2015-12-31,M.N,MACY'S INC ORD,UNITED STATES,0.000612,3187154.0,-55043.0,Derived Holdings 2026-04-13 SPY 2015.xlsx,False
SPY,2015-12-31,AAP.N,ADVANCE AUTO PARTS INC ORD,UNITED STATES,0.00061,738367.0,20223.0,Derived Holdings 2026-04-13 SPY 2015.xlsx,False
SPY,2015-12-31,L.N,LOEWS CORP ORD,UNITED STATES,0.000609,2885489.0,76480.0,Derived Holdings 2026-04-13 SPY 2015.xlsx,False
SPY,2015-12-31,KLAC.OQ,KLA CORP ORD,UNITED STATES,0.000605,1586930.0,42898.0,Derived Holdings 2026-04-13 SPY 2015.xlsx,False
SPY,2015-12-31,UHS.N,UNIVERSAL HEALTH SERVICES INC ORD,UNITED STATES,0.000602,916582.0,25064.0,Derived Holdings 2026-04-13 SPY 2015.xlsx,False
SPY,2015-12-31,KIM.N,KIMCO REALTY CORP ORD,UNITED STATES,0.000601,4137344.0,113028.0,Derived Holdings 2026-04-13 SPY 2015.xlsx,False
SPY,2015-12-31,MAC.N,MACERICH CO ORD,UNITED STATES,0.000601,1356457.0,37093.0,Derived Holdings 2026-04-13 SPY 2015.xlsx,False
SPY,2015-12-31,MSI.N,MOTOROLA SOLUTIONS INC ORD,UNITED STATES,0.000599,1593088.0,44323.0,Derived Holdings 2026-04-13 SPY 2015.xlsx,False
SPY,2015-12-31,nan,L3HARRIS TECHNOLOGIES INC ORD,UNITED STATES,0.0005899999999999,1235576.0,34201.0,Derived Holdings 2026-04-13 SPY 2015.xlsx,False
SPY,2015-12-31,RSG.N,REPUBLIC SERVICES INC ORD,UNITED STATES,0.000586,2423836.0,65954.0,Derived Holdings 2026-04-13 SPY 2015.xlsx,False
SPY,2015-12-31,DHI.N,D.R. HORTON INC ORD,UNITED STATES,0.000583,3310918.0,90092.0,Derived Holdings 2026-04-13 SPY 2015.xlsx,False
SPY,2015-12-31,HRL.N,HORMEL FOODS CORP ORD,UNITED STATES,0.000582,1340173.0,37093.0,Derived Holdings 2026-04-13 SPY 2015.xlsx,False
SPY,2015-12-31,GMCR.OQ,KEURIG GREEN MOUNTAIN INC ORD,UNITED STATES,0.000582,1177430.0,-2246.0,Derived Holdings 2026-04-13 SPY 2015.xlsx,False
SPY,2015-12-31,BFb.N,BROWN-FORMAN CORP ORD,UNITED STATES,0.000575,1053505.0,27998.0,Derived Holdings 2026-04-13 SPY 2015.xlsx,False
SPY,2015-12-31,CCE.N,COCA-COLA ENTERPRISES INC ORD,UNITED STATES,0.000574,2122738.0,57358.0,Derived Holdings 2026-04-13 SPY 2015.xlsx,False
SPY,2015-12-31,AEE.N,AMEREN CORP ORD,UNITED STATES,0.000572,2407824.0,66495.0,Derived Holdings 2026-04-13 SPY 2015.xlsx,False
SPY,2015-12-31,DGX.N,QUEST DIAGNOSTICS INC ORD,UNITED STATES,0.000566,1448696.0,39503.0,Derived Holdings 2026-04-13 SPY 2015.xlsx,False
SPY,2015-12-31,LLTC.O^C17,LINEAR TECHNOLOGY CORP ORD,UNITED STATES,0.0005639999999999,2416269.0,65552.0,Derived Holdings 2026-04-13 SPY 2015.xlsx,False
SPY,2015-12-31,nan,XEROX HOLDINGS CORP ORD,UNITED STATES,0.000561,9602752.0,261181.0,Derived Holdings 2026-04-13 SPY 2015.xlsx,False
SPY,2015-12-31,SY9f.TPRM,STERICYCLE INC ORD,UNITED STATES,0.00056,844982.0,23136.0,Derived Holdings 2026-04-13 SPY 2015.xlsx,False
SPY,2015-12-31,CBRE.K,CBRE GROUP INC ORD,UNITED STATES,0.000556,2925072.0,79970.0,Derived Holdings 2026-04-13 SPY 2015.xlsx,False
SPY,2015-12-31,BALL.K,BALL CORP ORD,UNITED STATES,0.000554,1387191.0,37596.0,Derived Holdings 2026-04-13 SPY 2015.xlsx,False
SPY,2015-12-31,EMN.N,EASTMAN CHEMICAL CO ORD,UNITED STATES,0.000553,1490660.0,40949.0,Derived Holdings 2026-04-13 SPY 2015.xlsx,False
SPY,2015-12-31,SIG.N,SIGNET JEWELERS LTD ORD,BERMUDA,0.000551,811490.0,21690.0,Derived Holdings 2026-04-13 SPY 2015.xlsx,False
SPY,2015-12-31,MKC.N,MCCORMICK & COMPANY INC ORD,UNITED STATES,0.000548,1165377.0,31812.0,Derived Holdings 2026-04-13 SPY 2015.xlsx,False
SPY,2015-12-31,SNA.N,SNAP-ON INC ORD,UNITED STATES,0.000547,580499.0,15906.0,Derived Holdings 2026-04-13 SPY 2015.xlsx,False
SPY,2015-12-31,CMS.N,CMS ENERGY CORP ORD,UNITED STATES,0.000546,2756701.0,76135.0,Derived Holdings 2026-04-13 SPY 2015.xlsx,False
SPY,2015-12-31,BWA.N,BORGWARNER INC ORD,UNITED STATES,0.000542,2284215.0,61696.0,Derived Holdings 2026-04-13 SPY 2015.xlsx,False
SPY,2015-12-31,JNPR.MX,JUNIPER NETWORKS INC ORD,UNITED STATES,0.000541,3568799.0,97322.0,Derived Holdings 2026-04-13 SPY 2015.xlsx,False
SPY,2015-12-31,MCHP.OQ,MICROCHIP TECHNOLOGY INC ORD,UNITED STATES,0.00054,2112707.0,55996.0,Derived Holdings 2026-04-13 SPY 2015.xlsx,False
SPY,2015-12-31,MAS.N,MASCO CORP ORD,UNITED STATES,0.000539,3468782.0,92607.0,Derived Holdings 2026-04-13 SPY 2015.xlsx,False
SPY,2015-12-31,DOV.N,DOVER CORP ORD,UNITED STATES,0.0005319999999999,1578424.0,42437.0,Derived Holdings 2026-04-13 SPY 2015.xlsx,False
SPY,2015-12-31,IFF.N,INTERNATIONAL FLAVORS & FRAGRANCES INC ORD,UNITED STATES,0.0005319999999999,809951.0,22172.0,Derived Holdings 2026-04-13 SPY 2015.xlsx,False
SPY,2015-12-31,nan,L3 TECHNOLOGIES INC ORD,UNITED STATES,0.0005319999999999,810213.0,21690.0,Derived Holdings 2026-04-13 SPY 2015.xlsx,False
SPY,2015-12-31,US4606901001.TRE,INTERPUBLIC GROUP OF COMPANIES INC ORD,UNITED STATES,0.000529,4140177.0,111824.0,Derived Holdings 2026-04-13 SPY 2015.xlsx,False
SPY,2015-12-31,CF.N,CF INDUSTRIES HOLDINGS INC ORD,UNITED STATES,0.000527,2351659.0,64085.0,Derived Holdings 2026-04-13 SPY 2015.xlsx,False
SPY,2015-12-31,TRIP.OQ,TRIPADVISOR INC ORD,UNITED STATES,0.000527,1125431.0,30848.0,Derived Holdings 2026-04-13 SPY 2015.xlsx,False
SPY,2015-12-31,NEM.N,NEWMONT CORPORATION ORD,UNITED STATES,0.000525,5317335.0,144840.0,Derived Holdings 2026-04-13 SPY 2015.xlsx,False
SPY,2015-12-31,BBY.N,BEST BUY CO INC ORD,UNITED STATES,0.000518,3095154.0,82024.0,Derived Holdings 2026-04-13 SPY 2015.xlsx,False
SPY,2015-12-31,AKAM.OQ,AKAMAI TECHNOLOGIES INC ORD,UNITED STATES,0.000518,1792950.0,48682.0,Derived Holdings 2026-04-13 SPY 2015.xlsx,False
SPY,2015-12-31,MOS.N,MOSAIC CO ORD,UNITED STATES,0.000516,3405986.0,92062.0,Derived Holdings 2026-04-13 SPY 2015.xlsx,False
SPY,2015-12-31,CPB.O,CAMPBELL'S CO ORD,UNITED STATES,0.0005149999999999,1784567.0,49164.0,Derived Holdings 2026-04-13 SPY 2015.xlsx,False
SPY,2015-12-31,WU.N,WESTERN UNION CO ORD,UNITED STATES,0.000514,5229148.0,138858.0,Derived Holdings 2026-04-13 SPY 2015.xlsx,False
SPY,2015-12-31,MLM.N,MARTIN MARIETTA MATERIALS INC ORD,UNITED STATES,0.000508,676749.0,18316.0,Derived Holdings 2026-04-13 SPY 2015.xlsx,False
SPY,2015-12-31,nan,TAPESTRY INC ORD,UNITED STATES,0.0005059999999999,2813616.0,152135.0,Derived Holdings 2026-04-13 SPY 2015.xlsx,False
SPY,2015-12-31,KSS.N,KOHLS CORP ORD,UNITED STATES,0.000503,1922966.0,-43860.0,Derived Holdings 2026-04-13 SPY 2015.xlsx,False
SPY,2015-12-31,MAT.OQ,MATTEL INC ORD,UNITED STATES,0.000502,3364513.0,93005.0,Derived Holdings 2026-04-13 SPY 2015.xlsx,False
SPY,2015-12-31,CA.O^K18,CA INC ORD,UNITED STATES,0.000501,3192771.0,85093.0,Derived Holdings 2026-04-13 SPY 2015.xlsx,False
SPY,2015-12-31,ARG.N,AIRGAS INC ORD,UNITED STATES,0.000499,657269.0,-7145.0,Derived Holdings 2026-04-13 SPY 2015.xlsx,False
SPY,2015-12-31,PNR.N,PENTAIR PLC ORD,IRELAND,0.000498,1829024.0,49625.0,Derived Holdings 2026-04-13 SPY 2015.xlsx,False
SPY,2015-12-31,HBAN.OQ,HUNTINGTON BANCSHARES INC ORD,UNITED STATES,0.000495,8148871.0,218849.0,Derived Holdings 2026-04-13 SPY 2015.xlsx,False
SPY,2015-12-31,GT.OQ,GOODYEAR TIRE & RUBBER CO ORD,UNITED STATES,0.000493,2744331.0,73746.0,Derived Holdings 2026-04-13 SPY 2015.xlsx,False
SPY,2015-12-31,SEE.SG,SEALED AIR CORP ORD,UNITED STATES,0.00049,2000910.0,-19732.0,Derived Holdings 2026-04-13 SPY 2015.xlsx,False
SPY,2015-12-31,LEN.N,LENNAR CORP ORD,UNITED STATES,0.000488,1816288.0,109001.0,Derived Holdings 2026-04-13 SPY 2015.xlsx,False
SPY,2015-12-31,CHRW.OQ,CH ROBINSON WORLDWIDE INC ORD,UNITED STATES,0.000488,1431325.0,39482.0,Derived Holdings 2026-04-13 SPY 2015.xlsx,False
SPY,2015-12-31,HOG.N,HARLEY-DAVIDSON INC ORD,UNITED STATES,0.000485,1944886.0,-72362.0,Derived Holdings 2026-04-13 SPY 2015.xlsx,False
SPY,2015-12-31,AMG.N,AFFILIATED MANAGERS GROUP INC ORD,UNITED STATES,0.000483,550499.0,14942.0,Derived Holdings 2026-04-13 SPY 2015.xlsx,False
SPY,2015-12-31,VRSN.OQ,"VERISIGN, INC ORD",UNITED STATES,0.000482,1004952.0,27013.0,Derived Holdings 2026-04-13 SPY 2015.xlsx,False
SPY,2015-12-31,MNK.N,MALLINCKRODT PLC ORD,IRELAND,0.000476,1161236.0,31812.0,Derived Holdings 2026-04-13 SPY 2015.xlsx,False
SPY,2015-12-31,CINF.OQ,CINCINNATI FINANCIAL CORP ORD,UNITED STATES,0.000475,1460396.0,40488.0,Derived Holdings 2026-04-13 SPY 2015.xlsx,False
SPY,2015-12-31,nan,TRAVEL + LEISURE CO ORD,UNITED STATES,0.000475,1189229.0,31833.0,Derived Holdings 2026-04-13 SPY 2015.xlsx,False
SPY,2015-12-31,ETFC.O^J20,E*TRADE FINANCIAL CORP ORD,UNITED STATES,0.000475,2915078.0,80431.0,Derived Holdings 2026-04-13 SPY 2015.xlsx,False
SPY,2015-12-31,SCG^A19,SCANA CORP ORD,UNITED STATES,0.000474,1427941.0,39042.0,Derived Holdings 2026-04-13 SPY 2015.xlsx,False
SPY,2015-12-31,EXPD.K,EXPEDITORS INTERNATIONAL OF WASHINGTON INC ORD,UNITED STATES,0.000473,1907815.0,51113.0,Derived Holdings 2026-04-13 SPY 2015.xlsx,False
SPY,2015-12-31,TIF^A21,TIFFANY & CO ORD,UNITED STATES,0.000473,1129760.0,30848.0,Derived Holdings 2026-04-13 SPY 2015.xlsx,False
SPY,2015-12-31,XRAY.OQ,DENTSPLY SIRONA INC ORD,UNITED STATES,0.000472,1411886.0,38539.0,Derived Holdings 2026-04-13 SPY 2015.xlsx,False
SPY,2015-12-31,TSS^I19,TOTAL SYSTEM SERVICES INC ORD,UNITED STATES,0.0004669999999999,1706036.0,46272.0,Derived Holdings 2026-04-13 SPY 2015.xlsx,False
SPY,2015-12-31,MRO.MX,MARATHON OIL CORP ORD,UNITED STATES,0.0004649999999999,6723328.0,186410.0,Derived Holdings 2026-04-13 SPY 2015.xlsx,False
SPY,2015-12-31,XEC^J21,CIMAREX ENERGY CO ORD,UNITED STATES,0.000463,942218.0,26007.0,Derived Holdings 2026-04-13 SPY 2015.xlsx,False
SPY,2015-12-31,BBBYn.BCU,BED BATH & BEYOND INC ORD,UNITED STATES,0.00046,1735055.0,45811.0,Derived Holdings 2026-04-13 SPY 2015.xlsx,False
SPY,2015-12-31,PCL.N,PLUM CREEK TIMBER COMPANY INC,UNITED STATES,0.000459,1750596.0,47718.0,Derived Holdings 2026-04-13 SPY 2015.xlsx,False
SPY,2015-12-31,UNM.N,UNUM GROUP ORD,UNITED STATES,0.000455,2488477.0,67019.0,Derived Holdings 2026-04-13 SPY 2015.xlsx,False
SPY,2015-12-31,KSU^L21,KANSAS CITY SOUTHERN (PRE-MERGER) ORD,UNITED STATES,0.00045,1097753.0,30525.0,Derived Holdings 2026-04-13 SPY 2015.xlsx,False
SPY,2015-12-31,CTAS.OQ,CINTAS CORP ORD,UNITED STATES,0.000449,897559.0,24121.0,Derived Holdings 2026-04-13 SPY 2015.xlsx,False
SPY,2015-12-31,VAR^D21,VARIAN MEDICAL SYSTEMS INC ORD,UNITED STATES,0.000444,1001199.0,26531.0,Derived Holdings 2026-04-13 SPY 2015.xlsx,False
SPY,2015-12-31,NTAP.OQ,NETAPP INC ORD,UNITED STATES,0.000441,3022557.0,80557.0,Derived Holdings 2026-04-13 SPY 2015.xlsx,False
SPY,2015-12-31,HRB.N,H & R BLOCK INC ORD,UNITED STATES,0.0004349999999999,2376775.0,64588.0,Derived Holdings 2026-04-13 SPY 2015.xlsx,False
SPY,2015-12-31,EQT.N,EQT CORP ORD,UNITED STATES,0.000434,1515466.0,41913.0,Derived Holdings 2026-04-13 SPY 2015.xlsx,False
SPY,2015-12-31,CPGX.K^G16,COLUMBIA PIPELINE GROUP INC ORD,UNITED STATES,0.000431,3925831.0,839922.0,Derived Holdings 2026-04-13 SPY 2015.xlsx,False
SPY,2015-12-31,CNP.N,CENTERPOINT ENERGY INC ORD,UNITED STATES,0.000429,4253799.0,118069.0,Derived Holdings 2026-04-13 SPY 2015.xlsx,False
SPY,2015-12-31,GAS.N^G16,AGL RESOURCES INC ORD,UNITED STATES,0.000427,1219284.0,72537.0,Derived Holdings 2026-04-13 SPY 2015.xlsx,False
SPY,2015-12-31,FCX.N,FREEPORT-MCMORAN INC ORD,UNITED STATES,0.000426,11459013.0,317323.0,Derived Holdings 2026-04-13 SPY 2015.xlsx,False
SPY,2015-12-31,HAS.OQ,HASBRO INC ORD,UNITED STATES,0.000423,1142501.0,30848.0,Derived Holdings 2026-04-13 SPY 2015.xlsx,False
SPY,2015-12-31,US2003401070.TRE,COMERICA INC ORD,UNITED STATES,0.000414,1803570.0,48682.0,Derived Holdings 2026-04-13 SPY 2015.xlsx,False
SPY,2015-12-31,QRVO.OQ,QORVO INC ORD,UNITED STATES,0.000412,1471696.0,39021.0,Derived Holdings 2026-04-13 SPY 2015.xlsx,False
SPY,2015-12-31,nan,CAPRI HOLDINGS LTD ORD,UNITED KINGDOM,0.0004109999999999,1865470.0,-29585.0,Derived Holdings 2026-04-13 SPY 2015.xlsx,False
SPY,2015-12-31,CTRA.K,COTERRA ENERGY INC ORD,UNITED STATES,0.0004059999999999,4176946.0,113710.0,Derived Holdings 2026-04-13 SPY 2015.xlsx,False
SPY,2015-12-31,DRI.N,DARDEN RESTAURANTS INC ORD,UNITED STATES,0.000401,1146063.0,31791.0,Derived Holdings 2026-04-13 SPY 2015.xlsx,False
SPY,2015-12-31,JWN.MX,NORDSTROM INC ORD,UNITED STATES,0.0003889999999999,1420227.0,37617.0,Derived Holdings 2026-04-13 SPY 2015.xlsx,False
SPY,2015-12-31,CVC.N,CABLEVISION SYSTEMS CORP ORD,UNITED STATES,0.0003889999999999,2217206.0,61193.0,Derived Holdings 2026-04-13 SPY 2015.xlsx,False
SPY,2015-12-31,PNW.N,PINNACLE WEST CAPITAL CORP ORD,UNITED STATES,0.000387,1091722.0,30366.0,Derived Holdings 2026-04-13 SPY 2015.xlsx,False
SPY,2015-12-31,URI.N,UNITED RENTALS INC ORD,UNITED STATES,0.000385,967171.0,25567.0,Derived Holdings 2026-04-13 SPY 2015.xlsx,False
SPY,2015-12-31,FLR.N,FLUOR CORP ORD,UNITED STATES,0.0003839999999999,1478840.0,39063.0,Derived Holdings 2026-04-13 SPY 2015.xlsx,False
SPY,2015-12-31,FFIV.OQ,F5 INC ORD,UNITED STATES,0.000381,716217.0,19280.0,Derived Holdings 2026-04-13 SPY 2015.xlsx,False
SPY,2015-12-31,NDAQ.OQ,NASDAQ INC ORD,UNITED STATES,0.0003799999999999,1189258.0,31151.0,Derived Holdings 2026-04-13 SPY 2015.xlsx,False
SPY,2015-12-31,JBHT.OQ,J B HUNT TRANSPORT SERVICES INC ORD,UNITED STATES,0.000376,933476.0,25064.0,Derived Holdings 2026-04-13 SPY 2015.xlsx,False
SPY,2015-12-31,FTI.N,FMC TECHNOLOGIES INC ORD,UNITED STATES,0.000374,2347422.0,62660.0,Derived Holdings 2026-04-13 SPY 2015.xlsx,False
SPY,2015-12-31,RL.N,RALPH LAUREN CORP ORD,UNITED STATES,0.000371,606202.0,16388.0,Derived Holdings 2026-04-13 SPY 2015.xlsx,False
SPY,2015-12-31,HAR.N,HARMAN INTERNATIONAL INDUSTRIES INC ORD,UNITED STATES,0.00037,715024.0,19059.0,Derived Holdings 2026-04-13 SPY 2015.xlsx,False
SPY,2015-12-31,nan,GLOBE LIFE INC ORD,UNITED STATES,0.000367,1169388.0,31351.0,Derived Holdings 2026-04-13 SPY 2015.xlsx,False
SPY,2015-12-31,XYL.N,XYLEM INC ORD,UNITED STATES,0.000367,1828931.0,49185.0,Derived Holdings 2026-04-13 SPY 2015.xlsx,False
SPY,2015-12-31,POM^C16,PEPCO HOLDINGS INC ORD,UNITED STATES,0.000363,2540978.0,69187.0,Derived Holdings 2026-04-13 SPY 2015.xlsx,False
SPY,2015-12-31,AES.N,AES CORP ORD,UNITED STATES,0.000361,6859154.0,184690.0,Derived Holdings 2026-04-13 SPY 2015.xlsx,False
SPY,2015-12-31,DISCK.O^D22,WARNER BROS DISCOVERY INC ORD,UNITED STATES,0.0003599999999999,2598720.0,70833.0,Derived Holdings 2026-04-13 SPY 2015.xlsx,False
SPY,2015-12-31,RHI.N,ROBERT HALF INC ORD,UNITED STATES,0.000356,1373852.0,36632.0,Derived Holdings 2026-04-13 SPY 2015.xlsx,False
SPY,2015-12-31,ALLE.N,ALLEGION PLC ORD,IRELAND,0.000348,959918.0,26489.0,Derived Holdings 2026-04-13 SPY 2015.xlsx,False
SPY,2015-12-31,AIV.N,APARTMENT INVESTMENT AND MANAGEMENT CO ORD,UNITED STATES,0.000345,1567884.0,43298.0,Derived Holdings 2026-04-13 SPY 2015.xlsx,False
SPY,2015-12-31,TE^G16,TECO ENERGY INC ORD,UNITED STATES,0.000341,2327994.0,64567.0,Derived Holdings 2026-04-13 SPY 2015.xlsx,False
SPY,2015-12-31,NI.N,NISOURCE INC ORD,UNITED STATES,0.00034,3173591.0,87682.0,Derived Holdings 2026-04-13 SPY 2015.xlsx,False
SPY,2015-12-31,SPLS.O^I17,STAPLES INC ORD,UNITED STATES,0.000335,6432469.0,176831.0,Derived Holdings 2026-04-13 SPY 2015.xlsx,False
SPY,2015-12-31,PVH.N,PVH CORP ORD,UNITED STATES,0.000333,822774.0,22654.0,Derived Holdings 2026-04-13 SPY 2015.xlsx,False
SPY,2015-12-31,RVTY.K,REVVITY INC ORD,UNITED STATES,0.0003259999999999,1107258.0,30848.0,Derived Holdings 2026-04-13 SPY 2015.xlsx,False
SPY,2015-12-31,nan,JEFFERIES FINANCIAL GROUP INC ORD,UNITED STATES,0.000325,3405086.0,91601.0,Derived Holdings 2026-04-13 SPY 2015.xlsx,False
SPY,2015-12-31,GAP,GAP INC ORD,UNITED STATES,0.0003239999999999,2387956.0,63226.0,Derived Holdings 2026-04-13 SPY 2015.xlsx,False
SPY,2015-12-31,HP.N,HELMERICH AND PAYNE INC ORD,UNITED STATES,0.000318,1080565.0,29402.0,Derived Holdings 2026-04-13 SPY 2015.xlsx,False
SPY,2015-12-31,GTTG.F,TEGNA INC ORD,UNITED STATES,0.000317,2258267.0,60774.0,Derived Holdings 2026-04-13 SPY 2015.xlsx,False
SPY,2015-12-31,PHM.N,PULTEGROUP INC ORD,UNITED STATES,0.000317,3234638.0,87263.0,Derived Holdings 2026-04-13 SPY 2015.xlsx,False
SPY,2015-12-31,LEG.N,LEGGETT & PLATT INC ORD,UNITED STATES,0.000315,1366615.0,37575.0,Derived Holdings 2026-04-13 SPY 2015.xlsx,False
SPY,2015-12-31,FLS.N,FLOWSERVE CORP ORD,UNITED STATES,0.000315,1364748.0,36171.0,Derived Holdings 2026-04-13 SPY 2015.xlsx,False
SPY,2015-12-31,ADT.N,ADT CORP ORD,UNITED STATES,0.000315,1736509.0,45350.0,Derived Holdings 2026-04-13 SPY 2015.xlsx,False
SPY,2015-12-31,AVY.N,AVERY DENNISON CORP ORD,UNITED STATES,0.000314,912741.0,25064.0,Derived Holdings 2026-04-13 SPY 2015.xlsx,False
SPY,2015-12-31,WYNN.OQ,WYNN RESORTS LTD ORD,UNITED STATES,0.000307,807458.0,22172.0,Derived Holdings 2026-04-13 SPY 2015.xlsx,False
SPY,2015-12-31,ZION.OQ,ZIONS BANCORPORATION NA ORD,UNITED STATES,0.000304,2027775.0,55912.0,Derived Holdings 2026-04-13 SPY 2015.xlsx,False
SPY,2015-12-31,AIZ.N,ASSURANT INC ORD,UNITED STATES,0.000298,673431.0,18316.0,Derived Holdings 2026-04-13 SPY 2015.xlsx,False
SPY,2015-12-31,FTR.OQ,FRONTIER COMMUNICATIONS CORP ORD,UNITED STATES,0.000298,11601166.0,320928.0,Derived Holdings 2026-04-13 SPY 2015.xlsx,False
SPY,2015-12-31,nan,JACOBS SOLUTIONS INC ORD,UNITED STATES,0.000288,1248867.0,33740.0,Derived Holdings 2026-04-13 SPY 2015.xlsx,False
SPY,2015-12-31,NFX^B19,NEWFIELD EXPLORATION CO ORD,UNITED STATES,0.000288,1612665.0,44344.0,Derived Holdings 2026-04-13 SPY 2015.xlsx,False
SPY,2015-12-31,SNI.O^C18,SCRIPPS NETWORKS INTERACTIVE INC ORD,UNITED STATES,0.000288,950585.0,26007.0,Derived Holdings 2026-04-13 SPY 2015.xlsx,False
SPY,2015-12-31,IRM.N,IRON MOUNTAIN INC ORD,UNITED STATES,0.000287,1934663.0,52317.0,Derived Holdings 2026-04-13 SPY 2015.xlsx,False
SPY,2015-12-31,FMC.N,FMC CORP ORD,UNITED STATES,0.000285,1326706.0,36632.0,Derived Holdings 2026-04-13 SPY 2015.xlsx,False
SPY,2015-12-31,OKE.N,ONEOK INC ORD,UNITED STATES,0.0002819999999999,2078079.0,57337.0,Derived Holdings 2026-04-13 SPY 2015.xlsx,False
SPY,2015-12-31,PBCT.O^D22,PEOPLE'S UNITED FINANCIAL INC ORD,UNITED STATES,0.00028,3153181.0,85293.0,Derived Holdings 2026-04-13 SPY 2015.xlsx,False
SPY,2015-12-31,NWSA.OQ,NEWS CORP ORD,UNITED STATES,0.000279,3804453.0,104573.0,Derived Holdings 2026-04-13 SPY 2015.xlsx,False
SPY,2015-12-31,FSLR.OQ,FIRST SOLAR INC ORD,UNITED STATES,0.000272,751540.0,20726.0,Derived Holdings 2026-04-13 SPY 2015.xlsx,False
SPY,2015-12-31,AN.N,AUTONATION INC ORD,UNITED STATES,0.000259,788886.0,20747.0,Derived Holdings 2026-04-13 SPY 2015.xlsx,False
SPY,2015-12-31,GRMN.K,GARMIN LTD ORD,SWITZERLAND,0.000247,1209552.0,32294.0,Derived Holdings 2026-04-13 SPY 2015.xlsx,False
SPY,2015-12-31,LM.N,LEGG MASON INC ORD,UNITED STATES,0.000239,1108777.0,29423.0,Derived Holdings 2026-04-13 SPY 2015.xlsx,False
SPY,2015-12-31,NAVI.OQ,NAVIENT CORP ORD,UNITED STATES,0.000237,3770909.0,99418.0,Derived Holdings 2026-04-13 SPY 2015.xlsx,False
SPY,2015-12-31,CSRA.K^D18,CSRA INC ORD,UNITED STATES,0.0002319999999999,1405888.0,37596.0,Derived Holdings 2026-04-13 SPY 2015.xlsx,False
SPY,2015-12-31,RIG.N,TRANSOCEAN LTD ORD,SWITZERLAND,0.0002309999999999,3398375.0,93969.0,Derived Holdings 2026-04-13 SPY 2015.xlsx,False
SPY,2015-12-31,RRC.N,RANGE RESOURCES CORP ORD,UNITED STATES,0.000228,1688489.0,46051.0,Derived Holdings 2026-04-13 SPY 2015.xlsx,False
SPY,2015-12-31,PBI.N,PITNEY BOWES INC ORD,UNITED STATES,0.000225,1983281.0,54026.0,Derived Holdings 2026-04-13 SPY 2015.xlsx,False
SPY,2015-12-31,FLIR.O^E21,TELEDYNE FLIR LLC ORD,UNITED STATES,0.0002189999999999,1422078.0,38078.0,Derived Holdings 2026-04-13 SPY 2015.xlsx,False
SPY,2015-12-31,NRG.N,NRG ENERGY INC ORD,UNITED STATES,0.000217,3360045.0,86446.0,Derived Holdings 2026-04-13 SPY 2015.xlsx,False
SPY,2015-12-31,nan,WARNER BROS DISCOVERY INC ORD,UNITED STATES,0.000217,1483316.0,40970.0,Derived Holdings 2026-04-13 SPY 2015.xlsx,False
SPY,2015-12-31,TDC.N,TERADATA CORP ORD,UNITED STATES,0.000211,1451586.0,36611.0,Derived Holdings 2026-04-13 SPY 2015.xlsx,False
SPY,2015-12-31,DNB^B19,DUN & BRADSTREET CORP ORD,UNITED STATES,0.000208,363884.0,10101.0,Derived Holdings 2026-04-13 SPY 2015.xlsx,False
SPY,2015-12-31,PD2f.TPRM,PATTERSON COMPANIES INC ORD,UNITED STATES,0.000207,833727.0,23157.0,Derived Holdings 2026-04-13 SPY 2015.xlsx,False
SPY,2015-12-31,MUR.N,MURPHY OIL CORP ORD,UNITED STATES,0.000205,1663151.0,44344.0,Derived Holdings 2026-04-13 SPY 2015.xlsx,False
SPY,2015-12-31,nan,VALARIS PLC ORD,UNITED KINGDOM,0.000196,2321406.0,64988.0,Derived Holdings 2026-04-13 SPY 2015.xlsx,False
SPY,2015-12-31,PWR.N,QUANTA SERVICES INC ORD,UNITED STATES,0.000183,1641040.0,43883.0,Derived Holdings 2026-04-13 SPY 2015.xlsx,False
SPY,2015-12-31,GME.N,GAMESTOP CORP ORD,UNITED STATES,0.000167,1085675.0,28920.0,Derived Holdings 2026-04-13 SPY 2015.xlsx,False
SPY,2015-12-31,THC.N,TENET HEALTHCARE CORP ORD,UNITED STATES,0.000164,986991.0,27453.0,Derived Holdings 2026-04-13 SPY 2015.xlsx,False
SPY,2015-12-31,R.N,RYDER SYSTEM INC ORD,UNITED STATES,0.0001619999999999,517596.0,14460.0,Derived Holdings 2026-04-13 SPY 2015.xlsx,False
SPY,2015-12-31,OI.N,"O-I GLASS, INC ORD",UNITED STATES,0.000157,1636866.0,44323.0,Derived Holdings 2026-04-13 SPY 2015.xlsx,False
SPY,2015-12-31,SWNn.BCU,SOUTHWESTERN ENERGY CO ORD,UNITED STATES,0.000151,3856019.0,105537.0,Derived Holdings 2026-04-13 SPY 2015.xlsx,False
SPY,2015-12-31,nan,CHESAPEAKE ENERGY CORP ORD,UNITED STATES,0.000128,5188184.0,142148.0,Derived Holdings 2026-04-13 SPY 2015.xlsx,False
SPY,2015-12-31,URBN.OQ,URBAN OUTFITTERS INC ORD,UNITED STATES,0.000119,954726.0,23966.0,Derived Holdings 2026-04-13 SPY 2015.xlsx,False
SPY,2015-12-31,CNX.N,CNX RESOURCES CORP ORD,UNITED STATES,9.8e-05,2259587.0,62439.0,Derived Holdings 2026-04-13 SPY 2015.xlsx,False
SPY,2015-12-31,NWS.OQ,NEWS CORP ORD,UNITED STATES,8.6e-05,1118547.0,29402.0,Derived Holdings 2026-04-13 SPY 2015.xlsx,False
SPY,2015-12-31,FOSL.OQ,FOSSIL GROUP INC ORD,UNITED STATES,8.3e-05,410978.0,-26653.0,Derived Holdings 2026-04-13 SPY 2015.xlsx,False
SPY,2015-12-31,DO.N,DIAMOND OFFSHORE DRILLING INC ORD,UNITED STATES,8e-05,692963.0,17834.0,Derived Holdings 2026-04-13 SPY 2015.xlsx,False
SPY,2015-12-31,nan,WILLIS TOWERS WATSON PLC ORD,UNITED KINGDOM,1.3e-05,50100.0,,Derived Holdings 2026-04-13 SPY 2015.xlsx,False
SPY,2016-12-31,AAPL.OQ,APPLE INC ORD,UNITED STATES,0.0321059999999999,62371440.0,3547335.0,Derived Holdings 2026-04-13 SPY 2016.xlsx,False
SPY,2016-12-31,MSFT.OQ,MICROSOFT CORP ORD,UNITED STATES,0.025116,90940140.0,5847019.0,Derived Holdings 2026-04-13 SPY 2016.xlsx,False
SPY,2016-12-31,XOM.N,EXXON MOBIL CORP ORD,UNITED STATES,0.019456,48498772.0,3261573.0,Derived Holdings 2026-04-13 SPY 2016.xlsx,False
SPY,2016-12-31,JNJ.N,JOHNSON & JOHNSON ORD,UNITED STATES,0.016293,31820031.0,1913031.0,Derived Holdings 2026-04-13 SPY 2016.xlsx,False
SPY,2016-12-31,BRKb.N,BERKSHIRE HATHAWAY INC ORD,UNITED STATES,0.016087,22208525.0,1460658.0,Derived Holdings 2026-04-13 SPY 2016.xlsx,False
SPY,2016-12-31,JPM.N,JPMORGAN CHASE & CO ORD,UNITED STATES,0.016051,41853830.0,2401332.0,Derived Holdings 2026-04-13 SPY 2016.xlsx,False
SPY,2016-12-31,AMZN.OQ,AMAZON.COM INC ORD,UNITED STATES,0.015373,4612785.0,312672.0,Derived Holdings 2026-04-13 SPY 2016.xlsx,False
SPY,2016-12-31,GE.N,GENERAL ELECTRIC CO ORD,UNITED STATES,0.014533,103477117.0,5633055.0,Derived Holdings 2026-04-13 SPY 2016.xlsx,False
SPY,2016-12-31,META.O,META PLATFORMS INC ORD,UNITED STATES,0.013998,27375739.0,1996909.0,Derived Holdings 2026-04-13 SPY 2016.xlsx,False
SPY,2016-12-31,T.N,AT&T INC ORD,UNITED STATES,0.013576,71824534.0,4633955.0,Derived Holdings 2026-04-13 SPY 2016.xlsx,False
SPY,2016-12-31,WFC.N,WELLS FARGO & CO ORD,UNITED STATES,0.012964,52928406.0,3328036.0,Derived Holdings 2026-04-13 SPY 2016.xlsx,False
SPY,2016-12-31,GOOGL.OQ,ALPHABET INC CLASS A ORD,UNITED STATES,0.012197,3462976.0,241482.0,Derived Holdings 2026-04-13 SPY 2016.xlsx,False
SPY,2016-12-31,GOOG.OQ,ALPHABET INC CLASS C ORD,UNITED STATES,0.011907,3471013.0,247361.0,Derived Holdings 2026-04-13 SPY 2016.xlsx,False
SPY,2016-12-31,PG.N,PROCTER & GAMBLE CO ORD,UNITED STATES,0.011695,31296958.0,2135889.0,Derived Holdings 2026-04-13 SPY 2016.xlsx,False
SPY,2016-12-31,BAC.N,BANK OF AMERICA CORP ORD,UNITED STATES,0.01161,118196400.0,6867816.0,Derived Holdings 2026-04-13 SPY 2016.xlsx,False
SPY,2016-12-31,CVX.N,CHEVRON CORP ORD,UNITED STATES,0.01155,22078792.0,1496859.0,Derived Holdings 2026-04-13 SPY 2016.xlsx,False
SPY,2016-12-31,VZ.N,VERIZON COMMUNICATIONS INC ORD,UNITED STATES,0.011312,47679130.0,3207203.0,Derived Holdings 2026-04-13 SPY 2016.xlsx,False
SPY,2016-12-31,PFE.N,PFIZER INC ORD,UNITED STATES,0.0102449999999999,70973701.0,4798307.0,Derived Holdings 2026-04-13 SPY 2016.xlsx,False
SPY,2016-12-31,INTC.OQ,INTEL CORP ORD,UNITED STATES,0.008935,55425328.0,3810683.0,Derived Holdings 2026-04-13 SPY 2016.xlsx,False
SPY,2016-12-31,C.N,CITIGROUP INC ORD,UNITED STATES,0.008805,33335357.0,1646398.0,Derived Holdings 2026-04-13 SPY 2016.xlsx,False
SPY,2016-12-31,CMCSA.OQ,COMCAST CORP ORD,UNITED STATES,0.008555,27877519.0,1592018.0,Derived Holdings 2026-04-13 SPY 2016.xlsx,False
SPY,2016-12-31,HD.N,HOME DEPOT INC ORD,UNITED STATES,0.008491,14249090.0,726847.0,Derived Holdings 2026-04-13 SPY 2016.xlsx,False
SPY,2016-12-31,MRK.N,MERCK & CO INC ORD,UNITED STATES,0.008432,32228462.0,2027515.0,Derived Holdings 2026-04-13 SPY 2016.xlsx,False
SPY,2016-12-31,KO.N,COCA-COLA CO ORD,UNITED STATES,0.008366,45399153.0,3056825.0,Derived Holdings 2026-04-13 SPY 2016.xlsx,False
SPY,2016-12-31,DIS.N,WALT DISNEY CO ORD,UNITED STATES,0.007933,17125716.0,999033.0,Derived Holdings 2026-04-13 SPY 2016.xlsx,False
SPY,2016-12-31,UNH.N,UNITEDHEALTH GROUP INC ORD,UNITED STATES,0.007918,11132131.0,741691.0,Derived Holdings 2026-04-13 SPY 2016.xlsx,False
SPY,2016-12-31,CSCO.OQ,CISCO SYSTEMS INC ORD,UNITED STATES,0.0078739999999999,58622733.0,3689477.0,Derived Holdings 2026-04-13 SPY 2016.xlsx,False
SPY,2016-12-31,PEP.O,PEPSICO INC ORD,UNITED STATES,0.007794,16761373.0,1055370.0,Derived Holdings 2026-04-13 SPY 2016.xlsx,False
SPY,2016-12-31,V.N,VISA INC ORD,UNITED STATES,0.0075749999999999,21844616.0,1269467.0,Derived Holdings 2026-04-13 SPY 2016.xlsx,False
SPY,2016-12-31,IBM.N,INTERNATIONAL BUSINESS MACHINES CORP ORD,UNITED STATES,0.007476,10134251.0,637149.0,Derived Holdings 2026-04-13 SPY 2016.xlsx,False
SPY,2016-12-31,PM.N,PHILIP MORRIS INTERNATIONAL INC ORD,UNITED STATES,0.007378,18144311.0,1201095.0,Derived Holdings 2026-04-13 SPY 2016.xlsx,False
SPY,2016-12-31,MO.N,ALTRIA GROUP INC ORD,UNITED STATES,0.006855,22810228.0,1533116.0,Derived Holdings 2026-04-13 SPY 2016.xlsx,False
SPY,2016-12-31,SLB.N,SLB NV ORD,UNITED STATES,0.006071,16272252.0,1083383.0,Derived Holdings 2026-04-13 SPY 2016.xlsx,False
SPY,2016-12-31,ORCL.N,ORACLE CORP ORD,UNITED STATES,0.005996,35086670.0,2206064.0,Derived Holdings 2026-04-13 SPY 2016.xlsx,False
SPY,2016-12-31,AMGN.OQ,AMGEN INC ORD,UNITED STATES,0.005664,8716510.0,548249.0,Derived Holdings 2026-04-13 SPY 2016.xlsx,False
SPY,2016-12-31,MMM.N,3M CO ORD,UNITED STATES,0.005586,7038215.0,442839.0,Derived Holdings 2026-04-13 SPY 2016.xlsx,False
SPY,2016-12-31,WMT.O,WALMART INC ORD,UNITED STATES,0.005411,17613417.0,1014536.0,Derived Holdings 2026-04-13 SPY 2016.xlsx,False
SPY,2016-12-31,ABBV.N,ABBVIE INC ORD,UNITED STATES,0.005277,18961001.0,1194656.0,Derived Holdings 2026-04-13 SPY 2016.xlsx,False
SPY,2016-12-31,MCD.N,MCDONALD'S CORP ORD,UNITED STATES,0.0052559999999999,9714990.0,387418.0,Derived Holdings 2026-04-13 SPY 2016.xlsx,False
SPY,2016-12-31,MA.N,MASTERCARD INC ORD,UNITED STATES,0.005103,11121396.0,622810.0,Derived Holdings 2026-04-13 SPY 2016.xlsx,False
SPY,2016-12-31,MDT.N,MEDTRONIC PLC ORD,IRELAND,0.005097,16101423.0,1012678.0,Derived Holdings 2026-04-13 SPY 2016.xlsx,False
SPY,2016-12-31,BMY.N,BRISTOL-MYERS SQUIBB CO ORD,UNITED STATES,0.005077,19546179.0,1388925.0,Derived Holdings 2026-04-13 SPY 2016.xlsx,False
SPY,2016-12-31,QCOM.OQ,QUALCOMM INC ORD,UNITED STATES,0.0050049999999999,17273159.0,1195825.0,Derived Holdings 2026-04-13 SPY 2016.xlsx,False
SPY,2016-12-31,GILD.OQ,GILEAD SCIENCES INC ORD,UNITED STATES,0.004915,15442587.0,968131.0,Derived Holdings 2026-04-13 SPY 2016.xlsx,False
SPY,2016-12-31,CELG.OQ,CELGENE CORP ORD,UNITED STATES,0.004664,9066458.0,640946.0,Derived Holdings 2026-04-13 SPY 2016.xlsx,False
SPY,2016-12-31,nan,USD CASH,UNITED STATES,0.004651,1046534710.0,526834404.0,Derived Holdings 2026-04-13 SPY 2016.xlsx,False
SPY,2016-12-31,BA.N,BOEING CO ORD,UNITED STATES,0.004645,6713728.0,368768.0,Derived Holdings 2026-04-13 SPY 2016.xlsx,False
SPY,2016-12-31,GS.N,GOLDMAN SACHS GROUP INC ORD,UNITED STATES,0.004604,4325995.0,208496.0,Derived Holdings 2026-04-13 SPY 2016.xlsx,False
SPY,2016-12-31,HON.O,HONEYWELL INTERNATIONAL INC ORD,UNITED STATES,0.00459,8913574.0,626103.0,Derived Holdings 2026-04-13 SPY 2016.xlsx,False
SPY,2016-12-31,UNP.N,UNION PACIFIC CORP ORD,UNITED STATES,0.004442,9639321.0,473106.0,Derived Holdings 2026-04-13 SPY 2016.xlsx,False
SPY,2016-12-31,CVS.N,CVS HEALTH CORP ORD,UNITED STATES,0.004369,12456443.0,782297.0,Derived Holdings 2026-04-13 SPY 2016.xlsx,False
SPY,2016-12-31,nan,RTX CORP ORD,UNITED STATES,0.004364,8957559.0,493149.0,Derived Holdings 2026-04-13 SPY 2016.xlsx,False
SPY,2016-12-31,USB.N,US BANCORP ORD,UNITED STATES,0.004267,18687510.0,1000557.0,Derived Holdings 2026-04-13 SPY 2016.xlsx,False
SPY,2016-12-31,SBUX.OQ,STARBUCKS CORP ORD,UNITED STATES,0.004197,17007298.0,1074126.0,Derived Holdings 2026-04-13 SPY 2016.xlsx,False
SPY,2016-12-31,UPS.N,UNITED PARCEL SERVICE INC ORD,UNITED STATES,0.004108,8062566.0,552830.0,Derived Holdings 2026-04-13 SPY 2016.xlsx,False
SPY,2016-12-31,AGN^E20,ALLERGAN PLC ORD,IRELAND,0.004095,4386765.0,292490.0,Derived Holdings 2026-04-13 SPY 2016.xlsx,False
SPY,2016-12-31,TWX^F18,TIME WARNER INC ORD,UNITED STATES,0.00387,9019693.0,462048.0,Derived Holdings 2026-04-13 SPY 2016.xlsx,False
SPY,2016-12-31,TXN.OQ,TEXAS INSTRUMENTS INC ORD,UNITED STATES,0.00378,11656888.0,735330.0,Derived Holdings 2026-04-13 SPY 2016.xlsx,False
SPY,2016-12-31,ACN.N,ACCENTURE PLC ORD,IRELAND,0.003778,7257680.0,456004.0,Derived Holdings 2026-04-13 SPY 2016.xlsx,False
SPY,2016-12-31,nan,BOOKING HOLDINGS INC ORD,UNITED STATES,0.0037619999999999,577368.0,36830.0,Derived Holdings 2026-04-13 SPY 2016.xlsx,False
SPY,2016-12-31,LLY.N,ELI LILLY AND CO ORD,UNITED STATES,0.003714,11362211.0,797452.0,Derived Holdings 2026-04-13 SPY 2016.xlsx,False
SPY,2016-12-31,WBA.MX,WALGREENS BOOTS ALLIANCE INC ORD,UNITED STATES,0.003686,10021444.0,628162.0,Derived Holdings 2026-04-13 SPY 2016.xlsx,False
SPY,2016-12-31,AVGO.OQ,BROADCOM INC ORD,UNITED STATES,0.0036509999999999,4646760.0,311542.0,Derived Holdings 2026-04-13 SPY 2016.xlsx,False
SPY,2016-12-31,COST.OQ,COSTCO WHOLESALE CORP ORD,UNITED STATES,0.003638,5112565.0,346310.0,Derived Holdings 2026-04-13 SPY 2016.xlsx,False
SPY,2016-12-31,MDLZ.OQ,MONDELEZ INTERNATIONAL INC ORD,UNITED STATES,0.0035499999999999,18020097.0,1139287.0,Derived Holdings 2026-04-13 SPY 2016.xlsx,False
SPY,2016-12-31,NKE.N,NIKE INC ORD,UNITED STATES,0.003546,15696987.0,986570.0,Derived Holdings 2026-04-13 SPY 2016.xlsx,False
SPY,2016-12-31,DOW.N,DOW CHEMICAL CO ORD,UNITED STATES,0.003336,13115920.0,900774.0,Derived Holdings 2026-04-13 SPY 2016.xlsx,False
SPY,2016-12-31,AIG.N,AMERICAN INTERNATIONAL GROUP INC ORD,UNITED STATES,0.0033139999999999,11416608.0,303888.0,Derived Holdings 2026-04-13 SPY 2016.xlsx,False
SPY,2016-12-31,DD.N,E I DU PONT DE NEMOURS AND CO ORD,UNITED STATES,0.003309,10143207.0,640959.0,Derived Holdings 2026-04-13 SPY 2016.xlsx,False
SPY,2016-12-31,LMT.N,LOCKHEED MARTIN CORP ORD,UNITED STATES,0.003274,2947465.0,185420.0,Derived Holdings 2026-04-13 SPY 2016.xlsx,False
SPY,2016-12-31,CHTR.OQ,CHARTER COMMUNICATIONS INC ORD,UNITED STATES,0.003241,2532364.0,170150.0,Derived Holdings 2026-04-13 SPY 2016.xlsx,False
SPY,2016-12-31,COP.N,CONOCOPHILLIPS ORD,UNITED STATES,0.003229,14491370.0,1021323.0,Derived Holdings 2026-04-13 SPY 2016.xlsx,False
SPY,2016-12-31,LOW.N,LOWE'S COMPANIES INC ORD,UNITED STATES,0.003216,10174040.0,546759.0,Derived Holdings 2026-04-13 SPY 2016.xlsx,False
SPY,2016-12-31,BIIB.OQ,BIOGEN INC ORD,UNITED STATES,0.003205,2542919.0,160094.0,Derived Holdings 2026-04-13 SPY 2016.xlsx,False
SPY,2016-12-31,CB.N,CHUBB LIMITED ORD,SWITZERLAND,0.003196,5442479.0,391516.0,Derived Holdings 2026-04-13 SPY 2016.xlsx,False
SPY,2016-12-31,MS.N,MORGAN STANLEY ORD,UNITED STATES,0.003168,16869438.0,813326.0,Derived Holdings 2026-04-13 SPY 2016.xlsx,False
SPY,2016-12-31,MET.N,METLIFE INC ORD,UNITED STATES,0.003079,12855202.0,906727.0,Derived Holdings 2026-04-13 SPY 2016.xlsx,False
SPY,2016-12-31,EOG.N,EOG RESOURCES INC ORD,UNITED STATES,0.003028,6739413.0,753116.0,Derived Holdings 2026-04-13 SPY 2016.xlsx,False
SPY,2016-12-31,CL.N,COLGATE-PALMOLIVE CO ORD,UNITED STATES,0.003015,10365721.0,654050.0,Derived Holdings 2026-04-13 SPY 2016.xlsx,False
SPY,2016-12-31,NVDA.OQ,NVIDIA CORP ORD,UNITED STATES,0.00299,6303480.0,424603.0,Derived Holdings 2026-04-13 SPY 2016.xlsx,False
SPY,2016-12-31,AXP.N,AMERICAN EXPRESS CO ORD,UNITED STATES,0.002984,9062293.0,567787.0,Derived Holdings 2026-04-13 SPY 2016.xlsx,False
SPY,2016-12-31,PNC.N,PNC FINANCIAL SERVICES GROUP INC ORD,UNITED STATES,0.002958,5690617.0,265298.0,Derived Holdings 2026-04-13 SPY 2016.xlsx,False
SPY,2016-12-31,ABT.N,ABBOTT LABORATORIES ORD,UNITED STATES,0.00294,17219556.0,1250794.0,Derived Holdings 2026-04-13 SPY 2016.xlsx,False
SPY,2016-12-31,NEE.N,NEXTERA ENERGY INC ORD,UNITED STATES,0.002902,5465211.0,369691.0,Derived Holdings 2026-04-13 SPY 2016.xlsx,False
SPY,2016-12-31,TMO.N,THERMO FISHER SCIENTIFIC INC ORD,UNITED STATES,0.002897,4620152.0,324651.0,Derived Holdings 2026-04-13 SPY 2016.xlsx,False
SPY,2016-12-31,SPG.N,SIMON PROPERTY GROUP INC ORD,UNITED STATES,0.002889,3658239.0,230261.0,Derived Holdings 2026-04-13 SPY 2016.xlsx,False
SPY,2016-12-31,OXY.N,OCCIDENTAL PETROLEUM CORP ORD,UNITED STATES,0.0028299999999999,8937797.0,630652.0,Derived Holdings 2026-04-13 SPY 2016.xlsx,False
SPY,2016-12-31,CAT.N,CATERPILLAR INC ORD,UNITED STATES,0.0028199999999999,6842711.0,492372.0,Derived Holdings 2026-04-13 SPY 2016.xlsx,False
SPY,2016-12-31,DUK.N,DUKE ENERGY CORP ORD,UNITED STATES,0.00278,8057640.0,564251.0,Derived Holdings 2026-04-13 SPY 2016.xlsx,False
SPY,2016-12-31,NFLX.OQ,NETFLIX INC ORD,UNITED STATES,0.002762,5019275.0,359946.0,Derived Holdings 2026-04-13 SPY 2016.xlsx,False
SPY,2016-12-31,KHC.OQ,KRAFT HEINZ CO ORD,UNITED STATES,0.0027069999999999,6976140.0,495762.0,Derived Holdings 2026-04-13 SPY 2016.xlsx,False
SPY,2016-12-31,ADBE.OQ,ADOBE INC ORD,UNITED STATES,0.002656,5805367.0,365760.0,Derived Holdings 2026-04-13 SPY 2016.xlsx,False
SPY,2016-12-31,BK.N,BANK OF NEW YORK MELLON CORP ORD,UNITED STATES,0.002604,12367481.0,659021.0,Derived Holdings 2026-04-13 SPY 2016.xlsx,False
SPY,2016-12-31,TJX.N,TJX COMPANIES INC ORD,UNITED STATES,0.002561,7668314.0,480939.0,Derived Holdings 2026-04-13 SPY 2016.xlsx,False
SPY,2016-12-31,GD.N,GENERAL DYNAMICS CORP ORD,UNITED STATES,0.002559,3335074.0,210820.0,Derived Holdings 2026-04-13 SPY 2016.xlsx,False
SPY,2016-12-31,GM.N,GENERAL MOTORS CO ORD,UNITED STATES,0.002513,16227359.0,745688.0,Derived Holdings 2026-04-13 SPY 2016.xlsx,False
SPY,2016-12-31,SO.N,SOUTHERN CO ORD,UNITED STATES,0.002504,11451554.0,718723.0,Derived Holdings 2026-04-13 SPY 2016.xlsx,False
SPY,2016-12-31,D.N,DOMINION ENERGY INC ORD,UNITED STATES,0.002495,7330138.0,507952.0,Derived Holdings 2026-04-13 SPY 2016.xlsx,False
SPY,2016-12-31,SCHW.N,CHARLES SCHWAB CORP ORD,UNITED STATES,0.0024749999999999,14109031.0,1026814.0,Derived Holdings 2026-04-13 SPY 2016.xlsx,False
SPY,2016-12-31,DHR.N,DANAHER CORP ORD,UNITED STATES,0.002463,7119233.0,489652.0,Derived Holdings 2026-04-13 SPY 2016.xlsx,False
SPY,2016-12-31,F.N,FORD MOTOR CO ORD,UNITED STATES,0.002461,45646675.0,3207012.0,Derived Holdings 2026-04-13 SPY 2016.xlsx,False
SPY,2016-12-31,HAL.N,HALLIBURTON CO ORD,UNITED STATES,0.00243,10110085.0,763054.0,Derived Holdings 2026-04-13 SPY 2016.xlsx,False
SPY,2016-12-31,ADP.OQ,AUTOMATIC DATA PROCESSING INC ORD,UNITED STATES,0.002416,5290045.0,333228.0,Derived Holdings 2026-04-13 SPY 2016.xlsx,False
SPY,2016-12-31,RAI.N,REYNOLDS AMERICAN INC ORD,UNITED STATES,0.002409,9671983.0,666851.0,Derived Holdings 2026-04-13 SPY 2016.xlsx,False
SPY,2016-12-31,BLK.N,BLACKROCK INC ORD,UNITED STATES,0.002403,1420612.0,88900.0,Derived Holdings 2026-04-13 SPY 2016.xlsx,False
SPY,2016-12-31,MON^F18,MONSANTO CO ORD,UNITED STATES,0.002395,5122607.0,351201.0,Derived Holdings 2026-04-13 SPY 2016.xlsx,False
SPY,2016-12-31,FDX.N,FEDEX CORP ORD,UNITED STATES,0.002356,2847406.0,136361.0,Derived Holdings 2026-04-13 SPY 2016.xlsx,False
SPY,2016-12-31,AMT.N,AMERICAN TOWER CORP ORD,UNITED STATES,0.002339,4978984.0,360611.0,Derived Holdings 2026-04-13 SPY 2016.xlsx,False
SPY,2016-12-31,PRU.N,PRUDENTIAL FINANCIAL INC ORD,UNITED STATES,0.002326,5029802.0,202667.0,Derived Holdings 2026-04-13 SPY 2016.xlsx,False
SPY,2016-12-31,PYPL.OQ,PAYPAL HOLDINGS INC ORD,UNITED STATES,0.002293,13069445.0,823742.0,Derived Holdings 2026-04-13 SPY 2016.xlsx,False
SPY,2016-12-31,CRM.N,SALESFORCE INC ORD,UNITED STATES,0.002281,7496480.0,471658.0,Derived Holdings 2026-04-13 SPY 2016.xlsx,False
SPY,2016-12-31,AET.N,AETNA INC ORD,UNITED STATES,0.002262,4104036.0,290012.0,Derived Holdings 2026-04-13 SPY 2016.xlsx,False
SPY,2016-12-31,ESRX.O^L18,EXPRESS SCRIPTS HOLDING CO ORD,UNITED STATES,0.002205,7213161.0,332243.0,Derived Holdings 2026-04-13 SPY 2016.xlsx,False
SPY,2016-12-31,COF.N,CAPITAL ONE FINANCIAL CORP ORD,UNITED STATES,0.002188,5643146.0,78057.0,Derived Holdings 2026-04-13 SPY 2016.xlsx,False
SPY,2016-12-31,RTN^D20,RAYTHEON CO ORD,UNITED STATES,0.00218,3453549.0,215900.0,Derived Holdings 2026-04-13 SPY 2016.xlsx,False
SPY,2016-12-31,NOC.N,NORTHROP GRUMMAN CORP ORD,UNITED STATES,0.002131,2061666.0,102019.0,Derived Holdings 2026-04-13 SPY 2016.xlsx,False
SPY,2016-12-31,KMB.O,KIMBERLY-CLARK CORP ORD,UNITED STATES,0.002118,4175360.0,264160.0,Derived Holdings 2026-04-13 SPY 2016.xlsx,False
SPY,2016-12-31,TGT.N,TARGET CORP ORD,UNITED STATES,0.002109,6570628.0,299103.0,Derived Holdings 2026-04-13 SPY 2016.xlsx,False
SPY,2016-12-31,KMI.N,KINDER MORGAN INC ORD,UNITED STATES,0.002069,22480378.0,1408798.0,Derived Holdings 2026-04-13 SPY 2016.xlsx,False
SPY,2016-12-31,CME.OQ,CME GROUP INC ORD,UNITED STATES,0.002035,3969105.0,285511.0,Derived Holdings 2026-04-13 SPY 2016.xlsx,False
SPY,2016-12-31,APC^H19,ANADARKO PETROLEUM CORP ORD,UNITED STATES,0.002025,6535440.0,583169.0,Derived Holdings 2026-04-13 SPY 2016.xlsx,False
SPY,2016-12-31,ITW.N,ILLINOIS TOOL WORKS INC ORD,UNITED STATES,0.002011,3694999.0,177363.0,Derived Holdings 2026-04-13 SPY 2016.xlsx,False
SPY,2016-12-31,JCI.N,JOHNSON CONTROLS INTERNATIONAL PLC ORD,IRELAND,0.002008,10969992.0,691368.0,Derived Holdings 2026-04-13 SPY 2016.xlsx,False
SPY,2016-12-31,HPE.N,HEWLETT PACKARD ENTERPRISE CO ORD,UNITED STATES,0.002004,19484541.0,1417650.0,Derived Holdings 2026-04-13 SPY 2016.xlsx,False
SPY,2016-12-31,PSX.N,PHILLIPS 66 ORD,UNITED STATES,0.001996,5197506.0,326390.0,Derived Holdings 2026-04-13 SPY 2016.xlsx,False
SPY,2016-12-31,nan,TRUIST FINANCIAL CORP ORD,UNITED STATES,0.00199,9521086.0,596900.0,Derived Holdings 2026-04-13 SPY 2016.xlsx,False
SPY,2016-12-31,ELV,ELEVANCE HEALTH INC ORD,UNITED STATES,0.001969,3081217.0,221031.0,Derived Holdings 2026-04-13 SPY 2016.xlsx,False
SPY,2016-12-31,SYK.N,STRYKER CORP ORD,UNITED STATES,0.001939,3641858.0,227721.0,Derived Holdings 2026-04-13 SPY 2016.xlsx,False
SPY,2016-12-31,DAL.N,DELTA AIR LINES INC ORD,UNITED STATES,0.001905,8714792.0,546759.0,Derived Holdings 2026-04-13 SPY 2016.xlsx,False
SPY,2016-12-31,GIS.N,GENERAL MILLS INC ORD,UNITED STATES,0.001895,6904218.0,437368.0,Derived Holdings 2026-04-13 SPY 2016.xlsx,False
SPY,2016-12-31,EMR.N,EMERSON ELECTRIC CO ORD,UNITED STATES,0.0018509999999999,7469198.0,471635.0,Derived Holdings 2026-04-13 SPY 2016.xlsx,False
SPY,2016-12-31,BDX.N,BECTON DICKINSON AND CO ORD,UNITED STATES,0.001827,2483270.0,174710.0,Derived Holdings 2026-04-13 SPY 2016.xlsx,False
SPY,2016-12-31,MRSH.K,MARSH & MCLENNAN COMPANIES INC ORD,UNITED STATES,0.001816,6046550.0,379730.0,Derived Holdings 2026-04-13 SPY 2016.xlsx,False
SPY,2016-12-31,AMAT.OQ,APPLIED MATERIALS INC ORD,UNITED STATES,0.001812,12630606.0,793262.0,Derived Holdings 2026-04-13 SPY 2016.xlsx,False
SPY,2016-12-31,TRV.N,TRAVELERS COMPANIES INC ORD,UNITED STATES,0.001808,3322836.0,130903.0,Derived Holdings 2026-04-13 SPY 2016.xlsx,False
SPY,2016-12-31,CI.N,CIGNA GROUP ORD,UNITED STATES,0.00178,3002858.0,212951.0,Derived Holdings 2026-04-13 SPY 2016.xlsx,False
SPY,2016-12-31,nan,ALTABA INC ORD,UNITED STATES,0.001764,10266284.0,759688.0,Derived Holdings 2026-04-13 SPY 2016.xlsx,False
SPY,2016-12-31,CTSH.OQ,COGNIZANT TECHNOLOGY SOLUTIONS CORP ORD,UNITED STATES,0.0017549999999999,7046585.0,445356.0,Derived Holdings 2026-04-13 SPY 2016.xlsx,False
SPY,2016-12-31,CSX.OQ,CSX CORP ORD,UNITED STATES,0.0017499999999999,10956031.0,528947.0,Derived Holdings 2026-04-13 SPY 2016.xlsx,False
SPY,2016-12-31,PX.N,PRAXAIR INC ORD,UNITED STATES,0.001738,3337729.0,234750.0,Derived Holdings 2026-04-13 SPY 2016.xlsx,False
SPY,2016-12-31,ICE.N,INTERCONTINENTAL EXCHANGE INC ORD,UNITED STATES,0.001734,6914768.0,437271.0,Derived Holdings 2026-04-13 SPY 2016.xlsx,False
SPY,2016-12-31,PSA.N,PUBLIC STORAGE ORD,UNITED STATES,0.001733,1744325.0,140320.0,Derived Holdings 2026-04-13 SPY 2016.xlsx,False
SPY,2016-12-31,EXC.O,EXELON CORP ORD,UNITED STATES,0.001703,10798340.0,771392.0,Derived Holdings 2026-04-13 SPY 2016.xlsx,False
SPY,2016-12-31,KR.N,KROGER CO ORD,UNITED STATES,0.001697,11064187.0,695569.0,Derived Holdings 2026-04-13 SPY 2016.xlsx,False
SPY,2016-12-31,NSC.N,NORFOLK SOUTHERN CORP ORD,UNITED STATES,0.001653,3442312.0,214704.0,Derived Holdings 2026-04-13 SPY 2016.xlsx,False
SPY,2016-12-31,MCK.N,MCKESSON CORP ORD,UNITED STATES,0.001651,2644169.0,196791.0,Derived Holdings 2026-04-13 SPY 2016.xlsx,False
SPY,2016-12-31,APD.N,AIR PRODUCTS AND CHEMICALS INC ORD,UNITED STATES,0.001625,2541965.0,159141.0,Derived Holdings 2026-04-13 SPY 2016.xlsx,False
SPY,2016-12-31,CCI.N,CROWN CASTLE INC ORD,UNITED STATES,0.001621,4202782.0,264551.0,Derived Holdings 2026-04-13 SPY 2016.xlsx,False
SPY,2016-12-31,EBAY.OQ,EBAY INC ORD,UNITED STATES,0.001617,12256573.0,768056.0,Derived Holdings 2026-04-13 SPY 2016.xlsx,False
SPY,2016-12-31,VLO.N,VALERO ENERGY CORP ORD,UNITED STATES,0.001608,5295019.0,202756.0,Derived Holdings 2026-04-13 SPY 2016.xlsx,False
SPY,2016-12-31,ECL.N,ECOLAB INC ORD,UNITED STATES,0.001603,3076963.0,192235.0,Derived Holdings 2026-04-13 SPY 2016.xlsx,False
SPY,2016-12-31,PCG.N,PG&E CORP ORD,UNITED STATES,0.001597,5913409.0,515815.0,Derived Holdings 2026-04-13 SPY 2016.xlsx,False
SPY,2016-12-31,AEP.O,AMERICAN ELECTRIC POWER COMPANY INC ORD,UNITED STATES,0.001596,5705102.0,361071.0,Derived Holdings 2026-04-13 SPY 2016.xlsx,False
SPY,2016-12-31,LUV.N,SOUTHWEST AIRLINES CO ORD,UNITED STATES,0.001595,7200518.0,265569.0,Derived Holdings 2026-04-13 SPY 2016.xlsx,False
SPY,2016-12-31,ETN.N,EATON CORPORATION PLC ORD,IRELAND,0.001584,5311407.0,332814.0,Derived Holdings 2026-04-13 SPY 2016.xlsx,False
SPY,2016-12-31,PNKf.TPRM,PIONEER NATURAL RESOURCES CO ORD,UNITED STATES,0.001581,1974857.0,124460.0,Derived Holdings 2026-04-13 SPY 2016.xlsx,False
SPY,2016-12-31,HUM.N,HUMANA INC ORD,UNITED STATES,0.001569,1730323.0,109220.0,Derived Holdings 2026-04-13 SPY 2016.xlsx,False
SPY,2016-12-31,nan,TWENTY-FIRST CENTURY FOX INC ORD,UNITED STATES,0.001545,12400007.0,505363.0,Derived Holdings 2026-04-13 SPY 2016.xlsx,False
SPY,2016-12-31,DE.N,DEERE & CO ORD,UNITED STATES,0.001544,3371111.0,135981.0,Derived Holdings 2026-04-13 SPY 2016.xlsx,False
SPY,2016-12-31,BSX.N,BOSTON SCIENTIFIC CORP ORD,UNITED STATES,0.001531,15925777.0,1163692.0,Derived Holdings 2026-04-13 SPY 2016.xlsx,False
SPY,2016-12-31,AON.N,AON PLC ORD,IRELAND,0.001524,3074618.0,193919.0,Derived Holdings 2026-04-13 SPY 2016.xlsx,False
SPY,2016-12-31,LYB.N,LYONDELLBASELL INDUSTRIES NV ORD,UNITED KINGDOM,0.001512,3964900.0,249017.0,Derived Holdings 2026-04-13 SPY 2016.xlsx,False
SPY,2016-12-31,WM.N,WASTE MANAGEMENT INC ORD,UNITED STATES,0.0015079999999999,4786299.0,298841.0,Derived Holdings 2026-04-13 SPY 2016.xlsx,False
SPY,2016-12-31,SE.N,SPECTRA ENERGY CORP ORD,UNITED STATES,0.001491,8163601.0,514741.0,Derived Holdings 2026-04-13 SPY 2016.xlsx,False
SPY,2016-12-31,AFL.N,AFLAC INC ORD,UNITED STATES,0.001486,4802293.0,299794.0,Derived Holdings 2026-04-13 SPY 2016.xlsx,False
SPY,2016-12-31,SYF.N,SYNCHRONY FINANCIAL ORD,UNITED STATES,0.001486,9219332.0,579291.0,Derived Holdings 2026-04-13 SPY 2016.xlsx,False
SPY,2016-12-31,STT.N,STATE STREET CORP ORD,UNITED STATES,0.001483,4291898.0,268458.0,Derived Holdings 2026-04-13 SPY 2016.xlsx,False
SPY,2016-12-31,DFS.MX,DISCOVER FINANCIAL SERVICES ORD,UNITED STATES,0.001478,4613983.0,138346.0,Derived Holdings 2026-04-13 SPY 2016.xlsx,False
SPY,2016-12-31,SPGI.N,S&P GLOBAL INC ORD,UNITED STATES,0.001466,3066387.0,192258.0,Derived Holdings 2026-04-13 SPY 2016.xlsx,False
SPY,2016-12-31,INTU.OQ,INTUIT INC ORD,UNITED STATES,0.001452,2850859.0,179144.0,Derived Holdings 2026-04-13 SPY 2016.xlsx,False
SPY,2016-12-31,PLD.N,PROLOGIS INC ORD,UNITED STATES,0.00145,6182188.0,467562.0,Derived Holdings 2026-04-13 SPY 2016.xlsx,False
SPY,2016-12-31,SYY.N,SYSCO CORP ORD,UNITED STATES,0.001448,5886062.0,202977.0,Derived Holdings 2026-04-13 SPY 2016.xlsx,False
SPY,2016-12-31,ALL.N,ALLSTATE CORP ORD,UNITED STATES,0.001438,4365467.0,271463.0,Derived Holdings 2026-04-13 SPY 2016.xlsx,False
SPY,2016-12-31,REGN.OQ,REGENERON PHARMACEUTICALS INC ORD,UNITED STATES,0.001436,880129.0,34980.0,Derived Holdings 2026-04-13 SPY 2016.xlsx,False
SPY,2016-12-31,nan,BAKER HUGHES CO ORD,UNITED STATES,0.001428,4945466.0,189108.0,Derived Holdings 2026-04-13 SPY 2016.xlsx,False
SPY,2016-12-31,SUUf.TRE,SUNTRUST BANKS INC ORD,UNITED STATES,0.0014199999999999,5824889.0,365149.0,Derived Holdings 2026-04-13 SPY 2016.xlsx,False
SPY,2016-12-31,ALXN.O^G21,ALEXION PHARMACEUTICALS INC (PRE-MERGER) ORD,UNITED STATES,0.001416,2604632.0,164295.0,Derived Holdings 2026-04-13 SPY 2016.xlsx,False
SPY,2016-12-31,STZ.N,CONSTELLATION BRANDS INC ORD,UNITED STATES,0.001416,2078507.0,159331.0,Derived Holdings 2026-04-13 SPY 2016.xlsx,False
SPY,2016-12-31,ORLY.OQ,O'REILLY AUTOMOTIVE INC ORD,UNITED STATES,0.001389,1122308.0,69850.0,Derived Holdings 2026-04-13 SPY 2016.xlsx,False
SPY,2016-12-31,MAR.OQ,MARRIOTT INTERNATIONAL INC ORD,UNITED STATES,0.001384,3765518.0,235341.0,Derived Holdings 2026-04-13 SPY 2016.xlsx,False
SPY,2016-12-31,ZTS.N,ZOETIS INC ORD,UNITED STATES,0.001384,5815908.0,363220.0,Derived Holdings 2026-04-13 SPY 2016.xlsx,False
SPY,2016-12-31,ADM.N,ARCHER-DANIELS-MIDLAND CO ORD,UNITED STATES,0.001383,6818116.0,425547.0,Derived Holdings 2026-04-13 SPY 2016.xlsx,False
SPY,2016-12-31,MPC.N,MARATHON PETROLEUM CORP ORD,UNITED STATES,0.001376,6149506.0,387741.0,Derived Holdings 2026-04-13 SPY 2016.xlsx,False
SPY,2016-12-31,ROST.OQ,ROSS STORES INC ORD,UNITED STATES,0.001363,4675093.0,291221.0,Derived Holdings 2026-04-13 SPY 2016.xlsx,False
SPY,2016-12-31,EQIX.OQ,EQUINIX INC ORD,UNITED STATES,0.001315,827558.0,52070.0,Derived Holdings 2026-04-13 SPY 2016.xlsx,False
SPY,2016-12-31,HPQ.N,HP INC ORD,UNITED STATES,0.0013139999999999,19927643.0,1255933.0,Derived Holdings 2026-04-13 SPY 2016.xlsx,False
SPY,2016-12-31,SRE.N,SEMPRA ORD,UNITED STATES,0.0013109999999999,2932043.0,183271.0,Derived Holdings 2026-04-13 SPY 2016.xlsx,False
SPY,2016-12-31,PPG.N,PPG INDUSTRIES INC ORD,UNITED STATES,0.0013,3086584.0,195189.0,Derived Holdings 2026-04-13 SPY 2016.xlsx,False
SPY,2016-12-31,nan,PARAMOUNT SKYDANCE CORP ORD,UNITED STATES,0.001297,4585990.0,70322.0,Derived Holdings 2026-04-13 SPY 2016.xlsx,False
SPY,2016-12-31,FIS.N,FIDELITY NATIONAL INFORMATION SERVICES INC ORD,UNITED STATES,0.001297,3856791.0,240421.0,Derived Holdings 2026-04-13 SPY 2016.xlsx,False
SPY,2016-12-31,ATVIn.BCU,ACTIVISION BLIZZARD INC ORD,UNITED STATES,0.00129,8035081.0,501162.0,Derived Holdings 2026-04-13 SPY 2016.xlsx,False
SPY,2016-12-31,MTB.N,M&T BANK CORP ORD,UNITED STATES,0.001281,1843033.0,114374.0,Derived Holdings 2026-04-13 SPY 2016.xlsx,False
SPY,2016-12-31,ISRG.OQ,INTUITIVE SURGICAL INC ORD,UNITED STATES,0.001277,452969.0,38840.0,Derived Holdings 2026-04-13 SPY 2016.xlsx,False
SPY,2016-12-31,TEL.N,TE CONNECTIVITY PLC ORD,IRELAND,0.001277,4147527.0,260741.0,Derived Holdings 2026-04-13 SPY 2016.xlsx,False
SPY,2016-12-31,AAL.OQ,AMERICAN AIRLINES GROUP INC ORD,UNITED STATES,0.001277,6151639.0,386274.0,Derived Holdings 2026-04-13 SPY 2016.xlsx,False
SPY,2016-12-31,WELL.K,WELLTOWER INC ORD,UNITED STATES,0.001261,4239619.0,356063.0,Derived Holdings 2026-04-13 SPY 2016.xlsx,False
SPY,2016-12-31,AVB.N,AVALONBAY COMMUNITIES INC ORD,UNITED STATES,0.001254,1592323.0,100721.0,Derived Holdings 2026-04-13 SPY 2016.xlsx,False
SPY,2016-12-31,nan,APA CORP (US) ORD,UNITED STATES,0.001252,4437763.0,336421.0,Derived Holdings 2026-04-13 SPY 2016.xlsx,False
SPY,2016-12-31,DVN.N,DEVON ENERGY CORP ORD,UNITED STATES,0.001235,6084067.0,383931.0,Derived Holdings 2026-04-13 SPY 2016.xlsx,False
SPY,2016-12-31,EA.OQ,ELECTRONIC ARTS INC ORD,UNITED STATES,0.001226,3502159.0,221371.0,Derived Holdings 2026-04-13 SPY 2016.xlsx,False
SPY,2016-12-31,CAH.N,CARDINAL HEALTH INC ORD,UNITED STATES,0.001215,3796994.0,234071.0,Derived Holdings 2026-04-13 SPY 2016.xlsx,False
SPY,2016-12-31,FISV.O,FISERV INC ORD,UNITED STATES,0.001215,2572098.0,160899.0,Derived Holdings 2026-04-13 SPY 2016.xlsx,False
SPY,2016-12-31,EQR.N,EQUITY RESIDENTIAL ORD,UNITED STATES,0.001214,4243531.0,268361.0,Derived Holdings 2026-04-13 SPY 2016.xlsx,False
SPY,2016-12-31,EIX.N,EDISON INTERNATIONAL ORD,UNITED STATES,0.001207,3770999.0,239151.0,Derived Holdings 2026-04-13 SPY 2016.xlsx,False
SPY,2016-12-31,GLW.N,CORNING INC ORD,UNITED STATES,0.001194,11072963.0,698012.0,Derived Holdings 2026-04-13 SPY 2016.xlsx,False
SPY,2016-12-31,STJ^A17,ST. JUDE MEDICAL INC ORD,UNITED STATES,0.001191,3341701.0,248236.0,Derived Holdings 2026-04-13 SPY 2016.xlsx,False
SPY,2016-12-31,PPL.N,PPL CORP ORD,UNITED STATES,0.0011899999999999,7862013.0,497817.0,Derived Holdings 2026-04-13 SPY 2016.xlsx,False
SPY,2016-12-31,MU.OQ,MICRON TECHNOLOGY INC ORD,UNITED STATES,0.001187,12180953.0,952768.0,Derived Holdings 2026-04-13 SPY 2016.xlsx,False
SPY,2016-12-31,AZO.N,AUTOZONE INC ORD,UNITED STATES,0.0011849999999999,337671.0,11390.0,Derived Holdings 2026-04-13 SPY 2016.xlsx,False
SPY,2016-12-31,WY.N,WEYERHAEUSER CO ORD,UNITED STATES,0.00116,8675196.0,549031.0,Derived Holdings 2026-04-13 SPY 2016.xlsx,False
SPY,2016-12-31,ED.N,CONSOLIDATED EDISON INC ORD,UNITED STATES,0.001157,3533550.0,223911.0,Derived Holdings 2026-04-13 SPY 2016.xlsx,False
SPY,2016-12-31,ADI.OQ,ANALOG DEVICES INC ORD,UNITED STATES,0.001154,3575432.0,225646.0,Derived Holdings 2026-04-13 SPY 2016.xlsx,False
SPY,2016-12-31,PCAR.OQ,PACCAR INC ORD,UNITED STATES,0.001151,4053934.0,256931.0,Derived Holdings 2026-04-13 SPY 2016.xlsx,False
SPY,2016-12-31,VTR.N,VENTAS INC ORD,UNITED STATES,0.001151,4141300.0,343192.0,Derived Holdings 2026-04-13 SPY 2016.xlsx,False
SPY,2016-12-31,HCA.N,HCA HEALTHCARE INC ORD,UNITED STATES,0.001148,3489628.0,215583.0,Derived Holdings 2026-04-13 SPY 2016.xlsx,False
SPY,2016-12-31,PEG.N,PUBLIC SERVICE ENTERPRISE GROUP INC ORD,UNITED STATES,0.001143,5860164.0,371231.0,Derived Holdings 2026-04-13 SPY 2016.xlsx,False
SPY,2016-12-31,YUM.N,YUM! BRANDS INC ORD,UNITED STATES,0.001142,4059085.0,255661.0,Derived Holdings 2026-04-13 SPY 2016.xlsx,False
SPY,2016-12-31,CCL.N,CARNIVAL CORP ORD,UNITED STATES,0.001135,4905822.0,141763.0,Derived Holdings 2026-04-13 SPY 2016.xlsx,False
SPY,2016-12-31,BAX.N,BAXTER INTERNATIONAL INC ORD,UNITED STATES,0.001129,5730000.0,359801.0,Derived Holdings 2026-04-13 SPY 2016.xlsx,False
SPY,2016-12-31,IP.N,INTERNATIONAL PAPER CO ORD,UNITED STATES,0.001126,4773960.0,301455.0,Derived Holdings 2026-04-13 SPY 2016.xlsx,False
SPY,2016-12-31,SHW.N,SHERWIN-WILLIAMS CO ORD,UNITED STATES,0.001117,935183.0,58811.0,Derived Holdings 2026-04-13 SPY 2016.xlsx,False
SPY,2016-12-31,CMI.N,CUMMINS INC ORD,UNITED STATES,0.001116,1837078.0,113909.0,Derived Holdings 2026-04-13 SPY 2016.xlsx,False
SPY,2016-12-31,UAL.O,UNITED AIRLINES HOLDINGS INC ORD,UNITED STATES,0.001116,3444043.0,213848.0,Derived Holdings 2026-04-13 SPY 2016.xlsx,False
SPY,2016-12-31,NWL.O,NEWELL BRANDS INC ORD,UNITED STATES,0.001111,5600257.0,353916.0,Derived Holdings 2026-04-13 SPY 2016.xlsx,False
SPY,2016-12-31,WMB.N,WILLIAMS COMPANIES INC ORD,UNITED STATES,0.001093,7900848.0,501236.0,Derived Holdings 2026-04-13 SPY 2016.xlsx,False
SPY,2016-12-31,APH.N,AMPHENOL CORP ORD,UNITED STATES,0.001078,3607962.0,272651.0,Derived Holdings 2026-04-13 SPY 2016.xlsx,False
SPY,2016-12-31,FITB.OQ,FIFTH THIRD BANCORP ORD,UNITED STATES,0.0010689999999999,8916320.0,559850.0,Derived Holdings 2026-04-13 SPY 2016.xlsx,False
SPY,2016-12-31,XEL.O,XCEL ENERGY INC ORD,UNITED STATES,0.001067,5896741.0,372501.0,Derived Holdings 2026-04-13 SPY 2016.xlsx,False
SPY,2016-12-31,PGR.N,PROGRESSIVE CORP ORD,UNITED STATES,0.001066,6759053.0,426720.0,Derived Holdings 2026-04-13 SPY 2016.xlsx,False
SPY,2016-12-31,ZBH.N,"ZIMMER BIOMET HOLDINGS, INC ORD",UNITED STATES,0.0010639999999999,2320406.0,146515.0,Derived Holdings 2026-04-13 SPY 2016.xlsx,False
SPY,2016-12-31,OMC.N,OMNICOM GROUP INC ORD,UNITED STATES,0.001045,2763543.0,173990.0,Derived Holdings 2026-04-13 SPY 2016.xlsx,False
SPY,2016-12-31,EW.N,EDWARDS LIFESCIENCES CORP ORD,UNITED STATES,0.001031,2474724.0,156601.0,Derived Holdings 2026-04-13 SPY 2016.xlsx,False
SPY,2016-12-31,KEY.N,KEYCORP ORD,UNITED STATES,0.001021,12569293.0,794141.0,Derived Holdings 2026-04-13 SPY 2016.xlsx,False
SPY,2016-12-31,PAYX.OQ,PAYCHEX INC ORD,UNITED STATES,0.001019,3764196.0,293641.0,Derived Holdings 2026-04-13 SPY 2016.xlsx,False
SPY,2016-12-31,WDC.OQ,WESTERN DIGITAL CORP ORD,UNITED STATES,0.001008,3338554.0,275771.0,Derived Holdings 2026-04-13 SPY 2016.xlsx,False
SPY,2016-12-31,CXO^A21,CONCHO RESOURCES INC ORD,UNITED STATES,0.001007,1707880.0,190113.0,Derived Holdings 2026-04-13 SPY 2016.xlsx,False
SPY,2016-12-31,nan,TRANE TECHNOLOGIES PLC ORD,IRELAND,0.000997,2990283.0,189621.0,Derived Holdings 2026-04-13 SPY 2016.xlsx,False
SPY,2016-12-31,BXP.N,BXP INC ORD,UNITED STATES,0.000997,1783955.0,113030.0,Derived Holdings 2026-04-13 SPY 2016.xlsx,False
SPY,2016-12-31,DG.N,DOLLAR GENERAL CORP ORD,UNITED STATES,0.000994,3019847.0,189327.0,Derived Holdings 2026-04-13 SPY 2016.xlsx,False
SPY,2016-12-31,NTRS.OQ,NORTHERN TRUST CORP ORD,UNITED STATES,0.000983,2482753.0,156210.0,Derived Holdings 2026-04-13 SPY 2016.xlsx,False
SPY,2016-12-31,NUE.N,NUCOR CORP ORD,UNITED STATES,0.000974,3680902.0,234071.0,Derived Holdings 2026-04-13 SPY 2016.xlsx,False
SPY,2016-12-31,ILMN.OQ,ILLUMINA INC ORD,UNITED STATES,0.000973,1709146.0,107950.0,Derived Holdings 2026-04-13 SPY 2016.xlsx,False
SPY,2016-12-31,PH.N,PARKER-HANNIFIN CORP ORD,UNITED STATES,0.000969,1557534.0,97790.0,Derived Holdings 2026-04-13 SPY 2016.xlsx,False
SPY,2016-12-31,CFG.N,CITIZENS FINANCIAL GROUP INC ORD,UNITED STATES,0.000965,6095791.0,379827.0,Derived Holdings 2026-04-13 SPY 2016.xlsx,False
SPY,2016-12-31,TROW.OQ,T ROWE PRICE GROUP INC ORD,UNITED STATES,0.000964,2880978.0,180902.0,Derived Holdings 2026-04-13 SPY 2016.xlsx,False
SPY,2016-12-31,US4878361082.TRE,KELLANOVA ORD,UNITED STATES,0.000959,2926888.0,185420.0,Derived Holdings 2026-04-13 SPY 2016.xlsx,False
SPY,2016-12-31,nan,APTIV PLC ORD,SWITZERLAND,0.000957,3196054.0,199464.0,Derived Holdings 2026-04-13 SPY 2016.xlsx,False
SPY,2016-12-31,TSN.N,TYSON FOODS INC ORD,UNITED STATES,0.000955,3484576.0,216876.0,Derived Holdings 2026-04-13 SPY 2016.xlsx,False
SPY,2016-12-31,WEC.N,WEC ENERGY GROUP INC ORD,UNITED STATES,0.000955,3664422.0,231531.0,Derived Holdings 2026-04-13 SPY 2016.xlsx,False
SPY,2016-12-31,ROP.O,ROPER TECHNOLOGIES INC ORD,UNITED STATES,0.000952,1170282.0,74244.0,Derived Holdings 2026-04-13 SPY 2016.xlsx,False
SPY,2016-12-31,VNO.N,VORNADO REALTY TRUST ORD,UNITED STATES,0.000952,2052061.0,126121.0,Derived Holdings 2026-04-13 SPY 2016.xlsx,False
SPY,2016-12-31,VRTX.OQ,VERTEX PHARMACEUTICALS INC ORD,UNITED STATES,0.000941,2872470.0,182001.0,Derived Holdings 2026-04-13 SPY 2016.xlsx,False
SPY,2016-12-31,DLTR.OQ,DOLLAR TREE INC ORD,UNITED STATES,0.000939,2736171.0,173111.0,Derived Holdings 2026-04-13 SPY 2016.xlsx,False
SPY,2016-12-31,HIG.N,HARTFORD INSURANCE GROUP INC ORD,UNITED STATES,0.000936,4418821.0,132946.0,Derived Holdings 2026-04-13 SPY 2016.xlsx,False
SPY,2016-12-31,MNST.OQ,MONSTER BEVERAGE CORP ORD,UNITED STATES,0.0009339999999999,4741425.0,159171.0,Derived Holdings 2026-04-13 SPY 2016.xlsx,False
SPY,2016-12-31,NEM.N,NEWMONT CORPORATION ORD,UNITED STATES,0.0009329999999999,6159271.0,389402.0,Derived Holdings 2026-04-13 SPY 2016.xlsx,False
SPY,2016-12-31,TAP.N,MOLSON COORS BEVERAGE CO ORD,UNITED STATES,0.0009239999999999,2137395.0,135011.0,Derived Holdings 2026-04-13 SPY 2016.xlsx,False
SPY,2016-12-31,VFC.N,VF CORP ORD,UNITED STATES,0.000919,3874465.0,243840.0,Derived Holdings 2026-04-13 SPY 2016.xlsx,False
SPY,2016-12-31,RF.N,REGIONS FINANCIAL CORP ORD,UNITED STATES,0.000919,14399646.0,494858.0,Derived Holdings 2026-04-13 SPY 2016.xlsx,False
SPY,2016-12-31,AMP.N,AMERIPRISE FINANCIAL INC ORD,UNITED STATES,0.000912,1848927.0,47319.0,Derived Holdings 2026-04-13 SPY 2016.xlsx,False
SPY,2016-12-31,DTE.N,DTE ENERGY CO ORD,UNITED STATES,0.000909,2075828.0,132080.0,Derived Holdings 2026-04-13 SPY 2016.xlsx,False
SPY,2016-12-31,nan,VIATRIS INC ORD,UNITED STATES,0.000908,5356837.0,338211.0,Derived Holdings 2026-04-13 SPY 2016.xlsx,False
SPY,2016-12-31,ROK.N,ROCKWELL AUTOMATION INC ORD,UNITED STATES,0.000906,1516324.0,94859.0,Derived Holdings 2026-04-13 SPY 2016.xlsx,False
SPY,2016-12-31,ES.N,EVERSOURCE ENERGY ORD,UNITED STATES,0.000904,3683474.0,232801.0,Derived Holdings 2026-04-13 SPY 2016.xlsx,False
SPY,2016-12-31,LRCX.OQ,LAM RESEARCH CORP ORD,UNITED STATES,0.000895,1904088.0,167301.0,Derived Holdings 2026-04-13 SPY 2016.xlsx,False
SPY,2016-12-31,SWK.N,STANLEY BLACK & DECKER INC ORD,UNITED STATES,0.000895,1755434.0,110490.0,Derived Holdings 2026-04-13 SPY 2016.xlsx,False
SPY,2016-12-31,EL.N,ESTEE LAUDER COMPANIES INC ORD,UNITED STATES,0.000878,2583066.0,162951.0,Derived Holdings 2026-04-13 SPY 2016.xlsx,False
SPY,2016-12-31,CAG.N,CONAGRA BRANDS INC ORD,UNITED STATES,0.0008759999999999,4981021.0,306070.0,Derived Holdings 2026-04-13 SPY 2016.xlsx,False
SPY,2016-12-31,nan,KEURIG DR PEPPER INC ORD,UNITED STATES,0.0008709999999999,2160532.0,135499.0,Derived Holdings 2026-04-13 SPY 2016.xlsx,False
SPY,2016-12-31,HES.MX,HESS CORP ORD,UNITED STATES,0.000864,3119218.0,249050.0,Derived Holdings 2026-04-13 SPY 2016.xlsx,False
SPY,2016-12-31,FCX.N,FREEPORT-MCMORAN INC ORD,UNITED STATES,0.000859,14648629.0,1319835.0,Derived Holdings 2026-04-13 SPY 2016.xlsx,False
SPY,2016-12-31,VMC.N,VULCAN MATERIALS CO ORD,UNITED STATES,0.000858,1541973.0,97790.0,Derived Holdings 2026-04-13 SPY 2016.xlsx,False
SPY,2016-12-31,BCR.N,C R BARD INC ORD,UNITED STATES,0.000851,852217.0,53731.0,Derived Holdings 2026-04-13 SPY 2016.xlsx,False
SPY,2016-12-31,LVLT.N,LEVEL 3 COMMUNICATIONS INC ORD,UNITED STATES,0.000844,3367817.0,213751.0,Derived Holdings 2026-04-13 SPY 2016.xlsx,False
SPY,2016-12-31,nan,BATH & BODY WORKS INC ORD,UNITED STATES,0.000842,2878809.0,176530.0,Derived Holdings 2026-04-13 SPY 2016.xlsx,False
SPY,2016-12-31,NBL.O^J20,NOBLE ENERGY INC ORD,UNITED STATES,0.000839,4960739.0,314960.0,Derived Holdings 2026-04-13 SPY 2016.xlsx,False
SPY,2016-12-31,FTV.N,FORTIVE CORP ORD,UNITED STATES,0.000829,3480094.0,220980.0,Derived Holdings 2026-04-13 SPY 2016.xlsx,False
SPY,2016-12-31,WTW.O,WILLIS TOWERS WATSON PLC ORD,UNITED KINGDOM,0.000821,1510286.0,94859.0,Derived Holdings 2026-04-13 SPY 2016.xlsx,False
SPY,2016-12-31,MCO.N,MOODY'S CORP ORD,UNITED STATES,0.00082,1957141.0,122799.0,Derived Holdings 2026-04-13 SPY 2016.xlsx,False
SPY,2016-12-31,DLR.N,DIGITAL REALTY TRUST INC ORD,UNITED STATES,0.000809,1852319.0,116840.0,Derived Holdings 2026-04-13 SPY 2016.xlsx,False
SPY,2016-12-31,PFG.O,PRINCIPAL FINANCIAL GROUP INC ORD,UNITED STATES,0.000803,3122266.0,195971.0,Derived Holdings 2026-04-13 SPY 2016.xlsx,False
SPY,2016-12-31,CLX.N,CLOROX CO ORD,UNITED STATES,0.000798,1496889.0,95250.0,Derived Holdings 2026-04-13 SPY 2016.xlsx,False
SPY,2016-12-31,XLNX.O^B22,XILINX INC ORD,UNITED STATES,0.000791,2947420.0,185420.0,Derived Holdings 2026-04-13 SPY 2016.xlsx,False
SPY,2016-12-31,SJM.N,J M SMUCKER CO ORD,UNITED STATES,0.000788,1384357.0,85090.0,Derived Holdings 2026-04-13 SPY 2016.xlsx,False
SPY,2016-12-31,LNC.N,LINCOLN NATIONAL CORP ORD,UNITED STATES,0.000787,2673395.0,69598.0,Derived Holdings 2026-04-13 SPY 2016.xlsx,False
SPY,2016-12-31,ESS.N,ESSEX PROPERTY TRUST INC ORD,UNITED STATES,0.000783,757638.0,48260.0,Derived Holdings 2026-04-13 SPY 2016.xlsx,False
SPY,2016-12-31,ULTA.OQ,ULTA BEAUTY INC ORD,UNITED STATES,0.000774,682936.0,43180.0,Derived Holdings 2026-04-13 SPY 2016.xlsx,False
SPY,2016-12-31,nan,GEN DIGITAL INC ORD,UNITED STATES,0.000774,7290406.0,629370.0,Derived Holdings 2026-04-13 SPY 2016.xlsx,False
SPY,2016-12-31,LLTC.O^C17,LINEAR TECHNOLOGY CORP ORD,UNITED STATES,0.0007679999999999,2770630.0,175651.0,Derived Holdings 2026-04-13 SPY 2016.xlsx,False
SPY,2016-12-31,A.N,AGILENT TECHNOLOGIES INC ORD,UNITED STATES,0.000767,3786447.0,238760.0,Derived Holdings 2026-04-13 SPY 2016.xlsx,False
SPY,2016-12-31,O.N,REALTY INCOME CORP ORD,UNITED STATES,0.0007639999999999,2992459.0,189621.0,Derived Holdings 2026-04-13 SPY 2016.xlsx,False
SPY,2016-12-31,HSY.N,HERSHEY CO ORD,UNITED STATES,0.000758,1648972.0,102870.0,Derived Holdings 2026-04-13 SPY 2016.xlsx,False
SPY,2016-12-31,MRO.MX,MARATHON OIL CORP ORD,UNITED STATES,0.000757,9841780.0,621812.0,Derived Holdings 2026-04-13 SPY 2016.xlsx,False
SPY,2016-12-31,ADSK.OQ,AUTODESK INC ORD,UNITED STATES,0.000756,2297519.0,143510.0,Derived Holdings 2026-04-13 SPY 2016.xlsx,False
SPY,2016-12-31,nan,BROOKFIELD PROPERTY REIT INC ORD,UNITED STATES,0.000749,6743343.0,428381.0,Derived Holdings 2026-04-13 SPY 2016.xlsx,False
SPY,2016-12-31,HBAN.OQ,HUNTINGTON BANCSHARES INC ORD,UNITED STATES,0.000741,12605250.0,797072.0,Derived Holdings 2026-04-13 SPY 2016.xlsx,False
SPY,2016-12-31,GPC.N,GENUINE PARTS CO ORD,UNITED STATES,0.000737,1736071.0,109220.0,Derived Holdings 2026-04-13 SPY 2016.xlsx,False
SPY,2016-12-31,CERN.O^F22,CERNER CORP ORD,UNITED STATES,0.000735,3492766.0,220847.0,Derived Holdings 2026-04-13 SPY 2016.xlsx,False
SPY,2016-12-31,SWKS.OQ,SKYWORKS SOLUTIONS INC ORD,UNITED STATES,0.000734,2210730.0,137160.0,Derived Holdings 2026-04-13 SPY 2016.xlsx,False
SPY,2016-12-31,MLM.N,MARTIN MARIETTA MATERIALS INC ORD,UNITED STATES,0.000732,743308.0,46990.0,Derived Holdings 2026-04-13 SPY 2016.xlsx,False
SPY,2016-12-31,NLSN.K^J22,NIELSEN HOLDINGS PLC ORD,UNITED STATES,0.00073,3914434.0,246771.0,Derived Holdings 2026-04-13 SPY 2016.xlsx,False
SPY,2016-12-31,EFX.N,EQUIFAX INC ORD,UNITED STATES,0.000727,1382962.0,87630.0,Derived Holdings 2026-04-13 SPY 2016.xlsx,False
SPY,2016-12-31,HST.O,"HOST HOTELS AND RESORTS, INC ORD",UNITED STATES,0.000727,8683488.0,544830.0,Derived Holdings 2026-04-13 SPY 2016.xlsx,False
SPY,2016-12-31,NOV.N,NOV INC ORD,UNITED STATES,0.000724,4352199.0,277251.0,Derived Holdings 2026-04-13 SPY 2016.xlsx,False
SPY,2016-12-31,WHR.N,WHIRLPOOL CORP ORD,UNITED STATES,0.000719,890554.0,55880.0,Derived Holdings 2026-04-13 SPY 2016.xlsx,False
SPY,2016-12-31,nan,HEALTHPEAK PROPERTIES INC ORD,UNITED STATES,0.000716,5424035.0,343291.0,Derived Holdings 2026-04-13 SPY 2016.xlsx,False
SPY,2016-12-31,CTXS.O^J22,CITRIX SYSTEMS INC ORD,UNITED STATES,0.0007149999999999,1801741.0,114300.0,Derived Holdings 2026-04-13 SPY 2016.xlsx,False
SPY,2016-12-31,BEN.N,FRANKLIN RESOURCES INC ORD,UNITED STATES,0.000714,4058583.0,32128.0,Derived Holdings 2026-04-13 SPY 2016.xlsx,False
SPY,2016-12-31,RCL.N,ROYAL CARIBBEAN CRUISES LTD ORD,UNITED STATES,0.000713,1954963.0,123190.0,Derived Holdings 2026-04-13 SPY 2016.xlsx,False
SPY,2016-12-31,MCHP.OQ,MICROCHIP TECHNOLOGY INC ORD,UNITED STATES,0.0007109999999999,2494634.0,157871.0,Derived Holdings 2026-04-13 SPY 2016.xlsx,False
SPY,2016-12-31,EXPE.OQ,EXPEDIA GROUP INC ORD,UNITED STATES,0.0007109999999999,1412494.0,128000.0,Derived Holdings 2026-04-13 SPY 2016.xlsx,False
SPY,2016-12-31,MSI.N,MOTOROLA SOLUTIONS INC ORD,UNITED STATES,0.0007019999999999,1906084.0,121920.0,Derived Holdings 2026-04-13 SPY 2016.xlsx,False
SPY,2016-12-31,FAST.OQ,FASTENAL CO ORD,UNITED STATES,0.0007,3354314.0,212090.0,Derived Holdings 2026-04-13 SPY 2016.xlsx,False
SPY,2016-12-31,XRAY.OQ,DENTSPLY SIRONA INC ORD,UNITED STATES,0.000697,2717641.0,171059.0,Derived Holdings 2026-04-13 SPY 2016.xlsx,False
SPY,2016-12-31,RSG.N,REPUBLIC SERVICES INC ORD,UNITED STATES,0.000696,2745939.0,171059.0,Derived Holdings 2026-04-13 SPY 2016.xlsx,False
SPY,2016-12-31,BFH,BREAD FINANCIAL HOLDINGS INC ORD,UNITED STATES,0.000695,684205.0,42789.0,Derived Holdings 2026-04-13 SPY 2016.xlsx,False
SPY,2016-12-31,nan,TWENTY-FIRST CENTURY FOX INC ORD,UNITED STATES,0.000681,5621598.0,357261.0,Derived Holdings 2026-04-13 SPY 2016.xlsx,False
SPY,2016-12-31,FE.N,FIRSTENERGY CORP ORD,UNITED STATES,0.000679,4931365.0,312006.0,Derived Holdings 2026-04-13 SPY 2016.xlsx,False
SPY,2016-12-31,LH.N,LABCORP HOLDINGS INC ORD,UNITED STATES,0.000678,1189032.0,75321.0,Derived Holdings 2026-04-13 SPY 2016.xlsx,False
SPY,2016-12-31,MJN.N,MEAD JOHNSON NUTRITION CO ORD,UNITED STATES,0.000678,2156110.0,135890.0,Derived Holdings 2026-04-13 SPY 2016.xlsx,False
SPY,2016-12-31,COR,CENCORA INC ORD,UNITED STATES,0.000677,1949235.0,123190.0,Derived Holdings 2026-04-13 SPY 2016.xlsx,False
SPY,2016-12-31,TXT.N,TEXTRON INC ORD,UNITED STATES,0.000676,3130490.0,198511.0,Derived Holdings 2026-04-13 SPY 2016.xlsx,False
SPY,2016-12-31,GWW.N,WW GRAINGER INC ORD,UNITED STATES,0.000675,654326.0,40640.0,Derived Holdings 2026-04-13 SPY 2016.xlsx,False
SPY,2016-12-31,ETR.N,ENTERGY CORP ORD,UNITED STATES,0.000674,2063818.0,131201.0,Derived Holdings 2026-04-13 SPY 2016.xlsx,False
SPY,2016-12-31,BALL.K,BALL CORP ORD,UNITED STATES,0.000674,2019069.0,128270.0,Derived Holdings 2026-04-13 SPY 2016.xlsx,False
SPY,2016-12-31,L.N,LOEWS CORP ORD,UNITED STATES,0.000673,3231644.0,327800.0,Derived Holdings 2026-04-13 SPY 2016.xlsx,False
SPY,2016-12-31,nan,LUMEN TECHNOLOGIES INC ORD,UNITED STATES,0.00067,6339584.0,400832.0,Derived Holdings 2026-04-13 SPY 2016.xlsx,False
SPY,2016-12-31,DGX.N,QUEST DIAGNOSTICS INC ORD,UNITED STATES,0.000669,1639099.0,101600.0,Derived Holdings 2026-04-13 SPY 2016.xlsx,False
SPY,2016-12-31,XEC^J21,CIMAREX ENERGY CO ORD,UNITED STATES,0.000663,1096987.0,69850.0,Derived Holdings 2026-04-13 SPY 2016.xlsx,False
SPY,2016-12-31,AWK.N,AMERICAN WATER WORKS CO INC ORD,UNITED STATES,0.000661,2056174.0,130810.0,Derived Holdings 2026-04-13 SPY 2016.xlsx,False
SPY,2016-12-31,US96145D1054.TPRM,WESTROCK CO ORD,UNITED STATES,0.000661,2929980.0,184150.0,Derived Holdings 2026-04-13 SPY 2016.xlsx,False
SPY,2016-12-31,nan,L3HARRIS TECHNOLOGIES INC ORD,UNITED STATES,0.00066,1448190.0,91440.0,Derived Holdings 2026-04-13 SPY 2016.xlsx,False
SPY,2016-12-31,AEE.N,AMEREN CORP ORD,UNITED STATES,0.0006569999999999,2817195.0,178191.0,Derived Holdings 2026-04-13 SPY 2016.xlsx,False
SPY,2016-12-31,RHT^G19,RED HAT INC ORD,UNITED STATES,0.000654,2111477.0,132959.0,Derived Holdings 2026-04-13 SPY 2016.xlsx,False
SPY,2016-12-31,MHK.N,MOHAWK INDUSTRIES INC ORD,UNITED STATES,0.0006519999999999,734923.0,46111.0,Derived Holdings 2026-04-13 SPY 2016.xlsx,False
SPY,2016-12-31,IVZ.N,INVESCO LTD ORD,UNITED STATES,0.0006479999999999,4806162.0,300990.0,Derived Holdings 2026-04-13 SPY 2016.xlsx,False
SPY,2016-12-31,VRSK.OQ,VERISK ANALYTICS INC ORD,UNITED STATES,0.0006469999999999,1792849.0,115179.0,Derived Holdings 2026-04-13 SPY 2016.xlsx,False
SPY,2016-12-31,KMX.N,CARMAX INC ORD,UNITED STATES,0.000646,2258106.0,140579.0,Derived Holdings 2026-04-13 SPY 2016.xlsx,False
SPY,2016-12-31,TDG.N,TRANSDIGM GROUP INC ORD,UNITED STATES,0.000646,583594.0,6530.0,Derived Holdings 2026-04-13 SPY 2016.xlsx,False
SPY,2016-12-31,HSIC.OQ,HENRY SCHEIN INC ORD,UNITED STATES,0.0006419999999999,951739.0,59690.0,Derived Holdings 2026-04-13 SPY 2016.xlsx,False
SPY,2016-12-31,AAP.N,ADVANCE AUTO PARTS INC ORD,UNITED STATES,0.000639,849659.0,54610.0,Derived Holdings 2026-04-13 SPY 2016.xlsx,False
SPY,2016-12-31,KLAC.OQ,KLA CORP ORD,UNITED STATES,0.00063,1802364.0,114691.0,Derived Holdings 2026-04-13 SPY 2016.xlsx,False
SPY,2016-12-31,VIAB.O^L19,VIACOM INC ORD,UNITED STATES,0.000626,4010446.0,254465.0,Derived Holdings 2026-04-13 SPY 2016.xlsx,False
SPY,2016-12-31,COL^K18,ROCKWELL COLLINS INC ORD,UNITED STATES,0.000623,1510977.0,95250.0,Derived Holdings 2026-04-13 SPY 2016.xlsx,False
SPY,2016-12-31,OKE.N,ONEOK INC ORD,UNITED STATES,0.000619,2427571.0,154135.0,Derived Holdings 2026-04-13 SPY 2016.xlsx,False
SPY,2016-12-31,PRGO.N,PERRIGO COMPANY PLC ORD,IRELAND,0.000616,1664518.0,105410.0,Derived Holdings 2026-04-13 SPY 2016.xlsx,False
SPY,2016-12-31,BBY.N,BEST BUY CO INC ORD,UNITED STATES,0.000615,3245341.0,201539.0,Derived Holdings 2026-04-13 SPY 2016.xlsx,False
SPY,2016-12-31,US2003401070.TRE,COMERICA INC ORD,UNITED STATES,0.000611,2017675.0,127000.0,Derived Holdings 2026-04-13 SPY 2016.xlsx,False
SPY,2016-12-31,CPB.O,CAMPBELL'S CO ORD,UNITED STATES,0.000609,2266000.0,194440.0,Derived Holdings 2026-04-13 SPY 2016.xlsx,False
SPY,2016-12-31,LLL^G19,COM,UNITED STATES,0.000607,897947.0,,Derived Holdings 2026-04-13 SPY 2016.xlsx,False
SPY,2016-12-31,AKAM.OQ,AKAMAI TECHNOLOGIES INC ORD,UNITED STATES,0.000603,2033444.0,127879.0,Derived Holdings 2026-04-13 SPY 2016.xlsx,False
SPY,2016-12-31,CMS.N,CMS ENERGY CORP ORD,UNITED STATES,0.0006,3241151.0,204861.0,Derived Holdings 2026-04-13 SPY 2016.xlsx,False
SPY,2016-12-31,DOV.N,DOVER CORP ORD,UNITED STATES,0.000597,1793463.0,114300.0,Derived Holdings 2026-04-13 SPY 2016.xlsx,False
SPY,2016-12-31,CINF.OQ,CINCINNATI FINANCIAL CORP ORD,UNITED STATES,0.0005899999999999,1753420.0,150685.0,Derived Holdings 2026-04-13 SPY 2016.xlsx,False
SPY,2016-12-31,CHD.N,CHURCH & DWIGHT CO INC ORD,UNITED STATES,0.000589,3000637.0,189621.0,Derived Holdings 2026-04-13 SPY 2016.xlsx,False
SPY,2016-12-31,AME.N,AMETEK INC ORD,UNITED STATES,0.000586,2714887.0,170180.0,Derived Holdings 2026-04-13 SPY 2016.xlsx,False
SPY,2016-12-31,EQT.N,EQT CORP ORD,UNITED STATES,0.000583,2006083.0,127000.0,Derived Holdings 2026-04-13 SPY 2016.xlsx,False
SPY,2016-12-31,STX.OQ,SEAGATE TECHNOLOGY HOLDINGS PLC ORD,SINGAPORE,0.000581,3425617.0,218049.0,Derived Holdings 2026-04-13 SPY 2016.xlsx,False
SPY,2016-12-31,EMN.N,EASTMAN CHEMICAL CO ORD,UNITED STATES,0.000577,1724885.0,107950.0,Derived Holdings 2026-04-13 SPY 2016.xlsx,False
SPY,2016-12-31,HOLX.MX,HOLOGIC INC ORD,UNITED STATES,0.000576,3230326.0,203591.0,Derived Holdings 2026-04-13 SPY 2016.xlsx,False
SPY,2016-12-31,MAA.N,MID-AMERICA APARTMENT COMMUNITIES INC ORD,UNITED STATES,0.0005729999999999,1316636.0,,Derived Holdings 2026-04-13 SPY 2016.xlsx,False
SPY,2016-12-31,CMG.N,CHIPOTLE MEXICAN GRILL INC ORD,UNITED STATES,0.00057,339776.0,21590.0,Derived Holdings 2026-04-13 SPY 2016.xlsx,False
SPY,2016-12-31,M.N,MACY'S INC ORD,UNITED STATES,0.00057,3581105.0,225669.0,Derived Holdings 2026-04-13 SPY 2016.xlsx,False
SPY,2016-12-31,MTD.N,METTLER-TOLEDO INTERNATIONAL INC ORD,UNITED STATES,0.000568,305585.0,19050.0,Derived Holdings 2026-04-13 SPY 2016.xlsx,False
SPY,2016-12-31,ALK.N,ALASKA AIR GROUP INC ORD,UNITED STATES,0.0005639999999999,1430103.0,90170.0,Derived Holdings 2026-04-13 SPY 2016.xlsx,False
SPY,2016-12-31,CTRA.K,COTERRA ENERGY INC ORD,UNITED STATES,0.000561,5401465.0,342021.0,Derived Holdings 2026-04-13 SPY 2016.xlsx,False
SPY,2016-12-31,WAT.N,WATERS CORP ORD,UNITED STATES,0.00056,937848.0,59690.0,Derived Holdings 2026-04-13 SPY 2016.xlsx,False
SPY,2016-12-31,JNPR.MX,JUNIPER NETWORKS INC ORD,UNITED STATES,0.000558,4439400.0,280279.0,Derived Holdings 2026-04-13 SPY 2016.xlsx,False
SPY,2016-12-31,WU.N,WESTERN UNION CO ORD,UNITED STATES,0.000557,5772657.0,357749.0,Derived Holdings 2026-04-13 SPY 2016.xlsx,False
SPY,2016-12-31,SLG.N,SL GREEN REALTY CORP ORD,UNITED STATES,0.000554,1159272.0,74051.0,Derived Holdings 2026-04-13 SPY 2016.xlsx,False
SPY,2016-12-31,MKC.N,MCCORMICK & COMPANY INC ORD,UNITED STATES,0.000553,1333587.0,83820.0,Derived Holdings 2026-04-13 SPY 2016.xlsx,False
SPY,2016-12-31,GPN.N,GLOBAL PAYMENTS INC ORD,UNITED STATES,0.00055,1783412.0,113030.0,Derived Holdings 2026-04-13 SPY 2016.xlsx,False
SPY,2016-12-31,HOG.N,HARLEY-DAVIDSON INC ORD,UNITED STATES,0.000549,2118761.0,130419.0,Derived Holdings 2026-04-13 SPY 2016.xlsx,False
SPY,2016-12-31,DVA.N,DAVITA INC ORD,UNITED STATES,0.000545,1910775.0,119870.0,Derived Holdings 2026-04-13 SPY 2016.xlsx,False
SPY,2016-12-31,XL^I18,XL GROUP LTD ORD,BERMUDA,0.000545,3293742.0,200757.0,Derived Holdings 2026-04-13 SPY 2016.xlsx,False
SPY,2016-12-31,KIM.N,KIMCO REALTY CORP ORD,UNITED STATES,0.000545,4874591.0,308978.0,Derived Holdings 2026-04-13 SPY 2016.xlsx,False
SPY,2016-12-31,CNP.N,CENTERPOINT ENERGY INC ORD,UNITED STATES,0.000545,4976272.0,316621.0,Derived Holdings 2026-04-13 SPY 2016.xlsx,False
SPY,2016-12-31,ANDV.K^J18,ANDEAVOR ORD,UNITED STATES,0.000541,1391988.0,87239.0,Derived Holdings 2026-04-13 SPY 2016.xlsx,False
SPY,2016-12-31,MAS.N,MASCO CORP ORD,UNITED STATES,0.000541,3849859.0,242179.0,Derived Holdings 2026-04-13 SPY 2016.xlsx,False
SPY,2016-12-31,CHRW.OQ,CH ROBINSON WORLDWIDE INC ORD,UNITED STATES,0.000539,1654095.0,104140.0,Derived Holdings 2026-04-13 SPY 2016.xlsx,False
SPY,2016-12-31,SCG^A19,SCANA CORP ORD,UNITED STATES,0.000538,1652658.0,104709.0,Derived Holdings 2026-04-13 SPY 2016.xlsx,False
SPY,2016-12-31,UNM.N,UNUM GROUP ORD,UNITED STATES,0.0005369999999999,2752701.0,171133.0,Derived Holdings 2026-04-13 SPY 2016.xlsx,False
SPY,2016-12-31,MOS.N,MOSAIC CO ORD,UNITED STATES,0.000531,4074202.0,256931.0,Derived Holdings 2026-04-13 SPY 2016.xlsx,False
SPY,2016-12-31,NTAP.OQ,NETAPP INC ORD,UNITED STATES,0.000521,3321999.0,204079.0,Derived Holdings 2026-04-13 SPY 2016.xlsx,False
SPY,2016-12-31,TSCO.OQ,TRACTOR SUPPLY CO ORD,UNITED STATES,0.000521,1544824.0,97399.0,Derived Holdings 2026-04-13 SPY 2016.xlsx,False
SPY,2016-12-31,FRT.N,FEDERAL REALTY INVESTMENT TRUST ORD,UNITED STATES,0.00052,823850.0,52461.0,Derived Holdings 2026-04-13 SPY 2016.xlsx,False
SPY,2016-12-31,AYI.N,ACUITY INC ORD,UNITED STATES,0.000518,505016.0,32141.0,Derived Holdings 2026-04-13 SPY 2016.xlsx,False
SPY,2016-12-31,CTAS.OQ,CINTAS CORP ORD,UNITED STATES,0.0005149999999999,1003512.0,62621.0,Derived Holdings 2026-04-13 SPY 2016.xlsx,False
SPY,2016-12-31,SNA.N,SNAP-ON INC ORD,UNITED STATES,0.000512,672592.0,43180.0,Derived Holdings 2026-04-13 SPY 2016.xlsx,False
SPY,2016-12-31,WFM.O^H17,WHOLE FOODS MRKT ORD,UNITED STATES,0.000512,3741741.0,233680.0,Derived Holdings 2026-04-13 SPY 2016.xlsx,False
SPY,2016-12-31,PNR.N,PENTAIR PLC ORD,IRELAND,0.000509,2040713.0,73711.0,Derived Holdings 2026-04-13 SPY 2016.xlsx,False
SPY,2016-12-31,FFIV.OQ,F5 INC ORD,UNITED STATES,0.000508,790558.0,48260.0,Derived Holdings 2026-04-13 SPY 2016.xlsx,False
SPY,2016-12-31,CA.O^K18,CA INC ORD,UNITED STATES,0.0005059999999999,3583024.0,230261.0,Derived Holdings 2026-04-13 SPY 2016.xlsx,False
SPY,2016-12-31,nan,TAPESTRY INC ORD,UNITED STATES,0.000503,3229375.0,204861.0,Derived Holdings 2026-04-13 SPY 2016.xlsx,False
SPY,2016-12-31,UDR.N,UDR INC ORD,UNITED STATES,0.000501,3089143.0,195971.0,Derived Holdings 2026-04-13 SPY 2016.xlsx,False
SPY,2016-12-31,ETFC.O^J20,E*TRADE FINANCIAL CORP ORD,UNITED STATES,0.000501,3252439.0,201051.0,Derived Holdings 2026-04-13 SPY 2016.xlsx,False
SPY,2016-12-31,FL.MX,FOOT LOCKER INC ORD,UNITED STATES,0.000498,1581438.0,99060.0,Derived Holdings 2026-04-13 SPY 2016.xlsx,False
SPY,2016-12-31,ALB.N,ALBEMARLE CORP ORD,UNITED STATES,0.000497,1297790.0,82550.0,Derived Holdings 2026-04-13 SPY 2016.xlsx,False
SPY,2016-12-31,CNC.N,CENTENE CORP ORD,UNITED STATES,0.000497,1980545.0,125730.0,Derived Holdings 2026-04-13 SPY 2016.xlsx,False
SPY,2016-12-31,EXR.N,EXTRA SPACE STORAGE INC ORD,UNITED STATES,0.000497,1448120.0,92710.0,Derived Holdings 2026-04-13 SPY 2016.xlsx,False
SPY,2016-12-31,EXPD.K,EXPEDITORS INTERNATIONAL OF WASHINGTON INC ORD,UNITED STATES,0.000496,2105136.0,133350.0,Derived Holdings 2026-04-13 SPY 2016.xlsx,False
SPY,2016-12-31,UHS.N,UNIVERSAL HEALTH SERVICES INC ORD,UNITED STATES,0.000492,1040602.0,66040.0,Derived Holdings 2026-04-13 SPY 2016.xlsx,False
SPY,2016-12-31,CBRE.K,CBRE GROUP INC ORD,UNITED STATES,0.000491,3510577.0,353796.0,Derived Holdings 2026-04-13 SPY 2016.xlsx,False
SPY,2016-12-31,LKQ.OQ,LKQ CORP ORD,UNITED STATES,0.000485,3558410.0,225181.0,Derived Holdings 2026-04-13 SPY 2016.xlsx,False
SPY,2016-12-31,US4606901001.TRE,INTERPUBLIC GROUP OF COMPANIES INC ORD,UNITED STATES,0.000483,4642286.0,292979.0,Derived Holdings 2026-04-13 SPY 2016.xlsx,False
SPY,2016-12-31,HRL.N,HORMEL FOODS CORP ORD,UNITED STATES,0.000482,3113590.0,198120.0,Derived Holdings 2026-04-13 SPY 2016.xlsx,False
SPY,2016-12-31,DHI.N,D.R. HORTON INC ORD,UNITED STATES,0.000482,3969315.0,395411.0,Derived Holdings 2026-04-13 SPY 2016.xlsx,False
SPY,2016-12-31,IFF.N,INTERNATIONAL FLAVORS & FRAGRANCES INC ORD,UNITED STATES,0.000482,919661.0,58420.0,Derived Holdings 2026-04-13 SPY 2016.xlsx,False
SPY,2016-12-31,MAT.OQ,MATTEL INC ORD,UNITED STATES,0.000482,3933574.0,250581.0,Derived Holdings 2026-04-13 SPY 2016.xlsx,False
SPY,2016-12-31,KSU^L21,KANSAS CITY SOUTHERN (PRE-MERGER) ORD,UNITED STATES,0.000473,1253923.0,78740.0,Derived Holdings 2026-04-13 SPY 2016.xlsx,False
SPY,2016-12-31,AJG.N,ARTHUR J. GALLAGHER & CO. ORD,UNITED STATES,0.000473,2048606.0,129931.0,Derived Holdings 2026-04-13 SPY 2016.xlsx,False
SPY,2016-12-31,URI.N,UNITED RENTALS INC ORD,UNITED STATES,0.0004619999999999,985347.0,4709.0,Derived Holdings 2026-04-13 SPY 2016.xlsx,False
SPY,2016-12-31,DRI.N,DARDEN RESTAURANTS INC ORD,UNITED STATES,0.0004619999999999,1428907.0,91928.0,Derived Holdings 2026-04-13 SPY 2016.xlsx,False
SPY,2016-12-31,SEE.SG,SEALED AIR CORP ORD,UNITED STATES,0.000461,2288184.0,143998.0,Derived Holdings 2026-04-13 SPY 2016.xlsx,False
SPY,2016-12-31,MAC.N,MACERICH CO ORD,UNITED STATES,0.000459,1458204.0,88900.0,Derived Holdings 2026-04-13 SPY 2016.xlsx,False
SPY,2016-12-31,XYL.N,XYLEM INC ORD,UNITED STATES,0.000454,2060571.0,131201.0,Derived Holdings 2026-04-13 SPY 2016.xlsx,False
SPY,2016-12-31,KSS.N,KOHLS CORP ORD,UNITED STATES,0.000453,2064222.0,25998.0,Derived Holdings 2026-04-13 SPY 2016.xlsx,False
SPY,2016-12-31,ZION.OQ,ZIONS BANCORPORATION NA ORD,UNITED STATES,0.000453,2366685.0,149860.0,Derived Holdings 2026-04-13 SPY 2016.xlsx,False
SPY,2016-12-31,HAS.OQ,HASBRO INC ORD,UNITED STATES,0.000449,1297920.0,82550.0,Derived Holdings 2026-04-13 SPY 2016.xlsx,False
SPY,2016-12-31,COTY.N,COTY INC ORD,UNITED STATES,0.000449,5518184.0,345440.0,Derived Holdings 2026-04-13 SPY 2016.xlsx,False
SPY,2016-12-31,PNW.N,PINNACLE WEST CAPITAL CORP ORD,UNITED STATES,0.000445,1283510.0,81280.0,Derived Holdings 2026-04-13 SPY 2016.xlsx,False
SPY,2016-12-31,JBHT.OQ,J B HUNT TRANSPORT SERVICES INC ORD,UNITED STATES,0.000443,1027825.0,64770.0,Derived Holdings 2026-04-13 SPY 2016.xlsx,False
SPY,2016-12-31,nan,COOPER COMPANIES INC ORD,UNITED STATES,0.000441,566588.0,35560.0,Derived Holdings 2026-04-13 SPY 2016.xlsx,False
SPY,2016-12-31,LNT.O,ALLIANT ENERGY CORP ORD,UNITED STATES,0.0004399999999999,2612097.0,166761.0,Derived Holdings 2026-04-13 SPY 2016.xlsx,False
SPY,2016-12-31,TIF^A21,TIFFANY & CO ORD,UNITED STATES,0.0004399999999999,1277682.0,78740.0,Derived Holdings 2026-04-13 SPY 2016.xlsx,False
SPY,2016-12-31,nan,TRAVEL + LEISURE CO ORD,UNITED STATES,0.0004399999999999,1295470.0,79619.0,Derived Holdings 2026-04-13 SPY 2016.xlsx,False
SPY,2016-12-31,VAR^D21,VARIAN MEDICAL SYSTEMS INC ORD,UNITED STATES,0.000439,1100086.0,68580.0,Derived Holdings 2026-04-13 SPY 2016.xlsx,False
SPY,2016-12-31,LEN.N,LENNAR CORP ORD,UNITED STATES,0.0004379999999999,2297267.0,298780.0,Derived Holdings 2026-04-13 SPY 2016.xlsx,False
SPY,2016-12-31,HP.N,HELMERICH AND PAYNE INC ORD,UNITED STATES,0.00043,1249412.0,79131.0,Derived Holdings 2026-04-13 SPY 2016.xlsx,False
SPY,2016-12-31,BFb.N,BROWN-FORMAN CORP ORD,UNITED STATES,0.000426,2133317.0,-28859.0,Derived Holdings 2026-04-13 SPY 2016.xlsx,False
SPY,2016-12-31,nan,GLOBE LIFE INC ORD,UNITED STATES,0.000426,1299693.0,81280.0,Derived Holdings 2026-04-13 SPY 2016.xlsx,False
SPY,2016-12-31,TSS^I19,TOTAL SYSTEM SERVICES INC ORD,UNITED STATES,0.000426,1957167.0,121920.0,Derived Holdings 2026-04-13 SPY 2016.xlsx,False
SPY,2016-12-31,GT.OQ,GOODYEAR TIRE & RUBBER CO ORD,UNITED STATES,0.000422,3077612.0,192074.0,Derived Holdings 2026-04-13 SPY 2016.xlsx,False
SPY,2016-12-31,HN9f.ICEM,HANESBRANDS LLC ORD,UNITED STATES,0.000421,4386687.0,277251.0,Derived Holdings 2026-04-13 SPY 2016.xlsx,False
SPY,2016-12-31,FBIN.K,FORTUNE BRANDS INNOVATIONS INC ORD,UNITED STATES,0.000421,1770576.0,113030.0,Derived Holdings 2026-04-13 SPY 2016.xlsx,False
SPY,2016-12-31,nan,HOWMET AEROSPACE INC ORD,UNITED STATES,0.0004179999999999,5067976.0,321701.0,Derived Holdings 2026-04-13 SPY 2016.xlsx,False
SPY,2016-12-31,FTI.N,FMC TECHNOLOGIES INC ORD,UNITED STATES,0.000414,2620863.0,165491.0,Derived Holdings 2026-04-13 SPY 2016.xlsx,False
SPY,2016-12-31,NFX^B19,NEWFIELD EXPLORATION CO ORD,UNITED STATES,0.000413,2292333.0,145659.0,Derived Holdings 2026-04-13 SPY 2016.xlsx,False
SPY,2016-12-31,BWA.N,BORGWARNER INC ORD,UNITED STATES,0.00041,2341690.0,-13980.0,Derived Holdings 2026-04-13 SPY 2016.xlsx,False
SPY,2016-12-31,HAR.N,HARMAN INTERNATIONAL INDUSTRIES INC ORD,UNITED STATES,0.000405,820726.0,50800.0,Derived Holdings 2026-04-13 SPY 2016.xlsx,False
SPY,2016-12-31,IRM.N,IRON MOUNTAIN INC ORD,UNITED STATES,0.000403,2791830.0,179461.0,Derived Holdings 2026-04-13 SPY 2016.xlsx,False
SPY,2016-12-31,AMG.N,AFFILIATED MANAGERS GROUP INC ORD,UNITED STATES,0.000403,624825.0,39761.0,Derived Holdings 2026-04-13 SPY 2016.xlsx,False
SPY,2016-12-31,nan,JEFFERIES FINANCIAL GROUP INC ORD,UNITED STATES,0.000398,3852337.0,237881.0,Derived Holdings 2026-04-13 SPY 2016.xlsx,False
SPY,2016-12-31,NDAQ.OQ,NASDAQ INC ORD,UNITED STATES,0.000395,1322873.0,83820.0,Derived Holdings 2026-04-13 SPY 2016.xlsx,False
SPY,2016-12-31,AES.N,AES CORP ORD,UNITED STATES,0.000394,7624702.0,483456.0,Derived Holdings 2026-04-13 SPY 2016.xlsx,False
SPY,2016-12-31,FMC.N,FMC CORP ORD,UNITED STATES,0.0003889999999999,1546987.0,98181.0,Derived Holdings 2026-04-13 SPY 2016.xlsx,False
SPY,2016-12-31,nan,XEROX HOLDINGS CORP ORD,UNITED STATES,0.000386,9959523.0,-105374.0,Derived Holdings 2026-04-13 SPY 2016.xlsx,False
SPY,2016-12-31,EVHC.K^J18,ENVISION HEALTHCARE CORP ORD,UNITED STATES,0.000383,1360574.0,,Derived Holdings 2026-04-13 SPY 2016.xlsx,False
SPY,2016-12-31,PVH.N,PVH CORP ORD,UNITED STATES,0.000379,945181.0,58420.0,Derived Holdings 2026-04-13 SPY 2016.xlsx,False
SPY,2016-12-31,CF.N,CF INDUSTRIES HOLDINGS INC ORD,UNITED STATES,0.000379,2706684.0,171450.0,Derived Holdings 2026-04-13 SPY 2016.xlsx,False
SPY,2016-12-31,VRSN.OQ,"VERISIGN, INC ORD",UNITED STATES,0.000375,1109062.0,68189.0,Derived Holdings 2026-04-13 SPY 2016.xlsx,False
SPY,2016-12-31,FLR.N,FLUOR CORP ORD,UNITED STATES,0.000375,1604604.0,101991.0,Derived Holdings 2026-04-13 SPY 2016.xlsx,False
SPY,2016-12-31,nan,CAPRI HOLDINGS LTD ORD,UNITED KINGDOM,0.000367,1921478.0,-15813.0,Derived Holdings 2026-04-13 SPY 2016.xlsx,False
SPY,2016-12-31,AIV.N,APARTMENT INVESTMENT AND MANAGEMENT CO ORD,UNITED STATES,0.000366,1811611.0,114691.0,Derived Holdings 2026-04-13 SPY 2016.xlsx,False
SPY,2016-12-31,NI.N,NISOURCE INC ORD,UNITED STATES,0.000364,3700986.0,236611.0,Derived Holdings 2026-04-13 SPY 2016.xlsx,False
SPY,2016-12-31,WYNN.OQ,WYNN RESORTS LTD ORD,UNITED STATES,0.000361,939265.0,58420.0,Derived Holdings 2026-04-13 SPY 2016.xlsx,False
SPY,2016-12-31,nan,JACOBS SOLUTIONS INC ORD,UNITED STATES,0.000359,1415817.0,88900.0,Derived Holdings 2026-04-13 SPY 2016.xlsx,False
SPY,2016-12-31,SNI.O^C18,SCRIPPS NETWORKS INTERACTIVE INC ORD,UNITED STATES,0.000348,1098554.0,69850.0,Derived Holdings 2026-04-13 SPY 2016.xlsx,False
SPY,2016-12-31,QRVO.OQ,QORVO INC ORD,UNITED STATES,0.000348,1485421.0,93980.0,Derived Holdings 2026-04-13 SPY 2016.xlsx,False
SPY,2016-12-31,SIG.N,SIGNET JEWELERS LTD ORD,BERMUDA,0.000341,813601.0,-43500.0,Derived Holdings 2026-04-13 SPY 2016.xlsx,False
SPY,2016-12-31,LEG.N,LEGGETT & PLATT INC ORD,UNITED STATES,0.00034,1566734.0,97790.0,Derived Holdings 2026-04-13 SPY 2016.xlsx,False
SPY,2016-12-31,SY9f.TPRM,STERICYCLE INC ORD,UNITED STATES,0.000336,982533.0,62230.0,Derived Holdings 2026-04-13 SPY 2016.xlsx,False
SPY,2016-12-31,RRC.N,RANGE RESOURCES CORP ORD,UNITED STATES,0.000334,2189123.0,138430.0,Derived Holdings 2026-04-13 SPY 2016.xlsx,False
SPY,2016-12-31,RHI.N,ROBERT HALF INC ORD,UNITED STATES,0.000328,1512432.0,95250.0,Derived Holdings 2026-04-13 SPY 2016.xlsx,False
SPY,2016-12-31,DISCK.O^D22,WARNER BROS DISCOVERY INC ORD,UNITED STATES,0.000325,2733286.0,163513.0,Derived Holdings 2026-04-13 SPY 2016.xlsx,False
SPY,2016-12-31,AVY.N,AVERY DENNISON CORP ORD,UNITED STATES,0.000323,1034381.0,65161.0,Derived Holdings 2026-04-13 SPY 2016.xlsx,False
SPY,2016-12-31,BBBYn.BCU,BED BATH & BEYOND INC ORD,UNITED STATES,0.000323,1790573.0,112639.0,Derived Holdings 2026-04-13 SPY 2016.xlsx,False
SPY,2016-12-31,FLS.N,FLOWSERVE CORP ORD,UNITED STATES,0.0003209999999999,1505447.0,95641.0,Derived Holdings 2026-04-13 SPY 2016.xlsx,False
SPY,2016-12-31,ALLE.N,ALLEGION PLC ORD,IRELAND,0.000316,1111184.0,70241.0,Derived Holdings 2026-04-13 SPY 2016.xlsx,False
SPY,2016-12-31,PBCT.O^D22,PEOPLE'S UNITED FINANCIAL INC ORD,UNITED STATES,0.000308,3582919.0,228281.0,Derived Holdings 2026-04-13 SPY 2016.xlsx,False
SPY,2016-12-31,SPLS.O^I17,STAPLES INC ORD,UNITED STATES,0.000301,7480105.0,477106.0,Derived Holdings 2026-04-13 SPY 2016.xlsx,False
SPY,2016-12-31,PHM.N,PULTEGROUP INC ORD,UNITED STATES,0.000299,3659090.0,224593.0,Derived Holdings 2026-04-13 SPY 2016.xlsx,False
SPY,2016-12-31,AIZ.N,ASSURANT INC ORD,UNITED STATES,0.000296,716536.0,41910.0,Derived Holdings 2026-04-13 SPY 2016.xlsx,False
SPY,2016-12-31,RIG.N,TRANSOCEAN LTD ORD,SWITZERLAND,0.000296,4522661.0,285262.0,Derived Holdings 2026-04-13 SPY 2016.xlsx,False
SPY,2016-12-31,GRMN.K,GARMIN LTD ORD,SWITZERLAND,0.000292,1355916.0,85090.0,Derived Holdings 2026-04-13 SPY 2016.xlsx,False
SPY,2016-12-31,RVTY.K,REVVITY INC ORD,UNITED STATES,0.000291,1257127.0,80010.0,Derived Holdings 2026-04-13 SPY 2016.xlsx,False
SPY,2016-12-31,JWN.MX,NORDSTROM INC ORD,UNITED STATES,0.000289,1358198.0,-24410.0,Derived Holdings 2026-04-13 SPY 2016.xlsx,False
SPY,2016-12-31,MNK.N,MALLINCKRODT PLC ORD,IRELAND,0.000285,1286346.0,78349.0,Derived Holdings 2026-04-13 SPY 2016.xlsx,False
SPY,2016-12-31,SWNn.BCU,SOUTHWESTERN ENERGY CO ORD,UNITED STATES,0.000276,5740244.0,739459.0,Derived Holdings 2026-04-13 SPY 2016.xlsx,False
SPY,2016-12-31,PWR.N,QUANTA SERVICES INC ORD,UNITED STATES,0.000272,1754836.0,110881.0,Derived Holdings 2026-04-13 SPY 2016.xlsx,False
SPY,2016-12-31,UAA.N,UNDER ARMOUR INC ORD,UNITED STATES,0.000272,2103019.0,134620.0,Derived Holdings 2026-04-13 SPY 2016.xlsx,False
SPY,2016-12-31,TRIP.OQ,TRIPADVISOR INC ORD,UNITED STATES,0.000272,1318021.0,83820.0,Derived Holdings 2026-04-13 SPY 2016.xlsx,False
SPY,2016-12-31,nan,CHESAPEAKE ENERGY CORP ORD,UNITED STATES,0.000271,8677426.0,546882.0,Derived Holdings 2026-04-13 SPY 2016.xlsx,False
SPY,2016-12-31,RL.N,RALPH LAUREN CORP ORD,UNITED STATES,0.000269,669538.0,41910.0,Derived Holdings 2026-04-13 SPY 2016.xlsx,False
SPY,2016-12-31,HRB.N,H & R BLOCK INC ORD,UNITED STATES,0.000265,2598385.0,158819.0,Derived Holdings 2026-04-13 SPY 2016.xlsx,False
SPY,2016-12-31,GAP,GAP INC ORD,UNITED STATES,0.00026,2604024.0,161290.0,Derived Holdings 2026-04-13 SPY 2016.xlsx,False
SPY,2016-12-31,NAVI.OQ,NAVIENT CORP ORD,UNITED STATES,0.000259,3546521.0,-145927.0,Derived Holdings 2026-04-13 SPY 2016.xlsx,False
SPY,2016-12-31,MUR.N,MURPHY OIL CORP ORD,UNITED STATES,0.000258,1865977.0,118501.0,Derived Holdings 2026-04-13 SPY 2016.xlsx,False
SPY,2016-12-31,FLIR.O^E21,TELEDYNE FLIR LLC ORD,UNITED STATES,0.0002549999999999,1587493.0,100330.0,Derived Holdings 2026-04-13 SPY 2016.xlsx,False
SPY,2016-12-31,CSRA.K^D18,CSRA INC ORD,UNITED STATES,0.000241,1701037.0,221780.0,Derived Holdings 2026-04-13 SPY 2016.xlsx,False
SPY,2016-12-31,GTTG.F,TEGNA INC ORD,UNITED STATES,0.00024,2528608.0,157480.0,Derived Holdings 2026-04-13 SPY 2016.xlsx,False
SPY,2016-12-31,UA.N,UNDER ARMOUR INC ORD,UNITED STATES,0.000237,2116628.0,135011.0,Derived Holdings 2026-04-13 SPY 2016.xlsx,False
SPY,2016-12-31,NWSA.OQ,NEWS CORP ORD,UNITED STATES,0.000224,4399386.0,279791.0,Derived Holdings 2026-04-13 SPY 2016.xlsx,False
SPY,2016-12-31,DNB^B19,DUN & BRADSTREET CORP ORD,UNITED STATES,0.000223,413969.0,26670.0,Derived Holdings 2026-04-13 SPY 2016.xlsx,False
SPY,2016-12-31,nan,WARNER BROS DISCOVERY INC ORD,UNITED STATES,0.000212,1738482.0,110881.0,Derived Holdings 2026-04-13 SPY 2016.xlsx,False
SPY,2016-12-31,R.N,RYDER SYSTEM INC ORD,UNITED STATES,0.000205,618917.0,39370.0,Derived Holdings 2026-04-13 SPY 2016.xlsx,False
SPY,2016-12-31,FTR.OQ,FRONTIER COMMUNICATIONS CORP ORD,UNITED STATES,0.0002029999999999,13527362.0,861037.0,Derived Holdings 2026-04-13 SPY 2016.xlsx,False
SPY,2016-12-31,NRG.N,NRG ENERGY INC ORD,UNITED STATES,0.000197,3620341.0,231531.0,Derived Holdings 2026-04-13 SPY 2016.xlsx,False
SPY,2016-12-31,TDC.N,TERADATA CORP ORD,UNITED STATES,0.000185,1530367.0,95250.0,Derived Holdings 2026-04-13 SPY 2016.xlsx,False
SPY,2016-12-31,AN.N,AUTONATION INC ORD,UNITED STATES,0.000182,843408.0,48260.0,Derived Holdings 2026-04-13 SPY 2016.xlsx,False
SPY,2016-12-31,PD2f.TPRM,PATTERSON COMPANIES INC ORD,UNITED STATES,0.000176,966007.0,60960.0,Derived Holdings 2026-04-13 SPY 2016.xlsx,False
SPY,2016-12-31,ENDP.TO^C17,ENDO INTERNATIONAL PLC ORD,IRELAND,0.000172,2350581.0,145245.0,Derived Holdings 2026-04-13 SPY 2016.xlsx,False
SPY,2016-12-31,PBI.N,PITNEY BOWES INC ORD,UNITED STATES,0.000149,2204404.0,136281.0,Derived Holdings 2026-04-13 SPY 2016.xlsx,False
SPY,2016-12-31,URBN.OQ,URBAN OUTFITTERS INC ORD,UNITED STATES,0.000127,1002150.0,64770.0,Derived Holdings 2026-04-13 SPY 2016.xlsx,False
SPY,2016-12-31,FSLR.OQ,FIRST SOLAR INC ORD,UNITED STATES,0.000126,882757.0,56271.0,Derived Holdings 2026-04-13 SPY 2016.xlsx,False
SPY,2016-12-31,NWS.OQ,NEWS CORP ORD,UNITED STATES,6.7e-05,1283519.0,87630.0,Derived Holdings 2026-04-13 SPY 2016.xlsx,False
SPY,2017-12-31,AAPL.OQ,APPLE INC ORD,UNITED STATES,0.03721,61025773.0,2594698.0,Derived Holdings 2026-04-13 SPY 2017.xlsx,False
SPY,2017-12-31,MSFT.OQ,MICROSOFT CORP ORD,UNITED STATES,0.028256,91679290.0,4537086.0,Derived Holdings 2026-04-13 SPY 2017.xlsx,False
SPY,2017-12-31,AMZN.OQ,AMAZON.COM INC ORD,UNITED STATES,0.020027,4752872.0,241256.0,Derived Holdings 2026-04-13 SPY 2017.xlsx,False
SPY,2017-12-31,META.O,META PLATFORMS INC ORD,UNITED STATES,0.018017,28337771.0,1517464.0,Derived Holdings 2026-04-13 SPY 2017.xlsx,False
SPY,2017-12-31,BRKb.N,BERKSHIRE HATHAWAY INC ORD,UNITED STATES,0.016334,22870048.0,1093260.0,Derived Holdings 2026-04-13 SPY 2017.xlsx,False
SPY,2017-12-31,JNJ.N,JOHNSON & JOHNSON ORD,UNITED STATES,0.016072,31926481.0,1560746.0,Derived Holdings 2026-04-13 SPY 2017.xlsx,False
SPY,2017-12-31,JPM.N,JPMORGAN CHASE & CO ORD,UNITED STATES,0.015893,41248347.0,1440584.0,Derived Holdings 2026-04-13 SPY 2017.xlsx,False
SPY,2017-12-31,XOM.N,EXXON MOBIL CORP ORD,UNITED STATES,0.015175,50356631.0,2406278.0,Derived Holdings 2026-04-13 SPY 2017.xlsx,False
SPY,2017-12-31,GOOG.OQ,ALPHABET INC CLASS C ORD,UNITED STATES,0.013526,3587537.0,171408.0,Derived Holdings 2026-04-13 SPY 2017.xlsx,False
SPY,2017-12-31,GOOGL.OQ,ALPHABET INC CLASS A ORD,UNITED STATES,0.013443,3541822.0,173434.0,Derived Holdings 2026-04-13 SPY 2017.xlsx,False
SPY,2017-12-31,BAC.N,BANK OF AMERICA CORP ORD,UNITED STATES,0.012265,115313127.0,4326962.0,Derived Holdings 2026-04-13 SPY 2017.xlsx,False
SPY,2017-12-31,WFC.N,WELLS FARGO & CO ORD,UNITED STATES,0.011515,52678590.0,2137300.0,Derived Holdings 2026-04-13 SPY 2017.xlsx,False
SPY,2017-12-31,T.N,AT&T INC ORD,UNITED STATES,0.010222,72969365.0,3389966.0,Derived Holdings 2026-04-13 SPY 2017.xlsx,False
SPY,2017-12-31,CVX.N,CHEVRON CORP ORD,UNITED STATES,0.010181,22571412.0,1129724.0,Derived Holdings 2026-04-13 SPY 2017.xlsx,False
SPY,2017-12-31,PG.N,PROCTER & GAMBLE CO ORD,UNITED STATES,0.010025,30282788.0,1432272.0,Derived Holdings 2026-04-13 SPY 2017.xlsx,False
SPY,2017-12-31,HD.N,HOME DEPOT INC ORD,UNITED STATES,0.009479,13880747.0,546988.0,Derived Holdings 2026-04-13 SPY 2017.xlsx,False
SPY,2017-12-31,INTC.OQ,INTEL CORP ORD,UNITED STATES,0.009251,55623457.0,2329054.0,Derived Holdings 2026-04-13 SPY 2017.xlsx,False
SPY,2017-12-31,VZ.N,VERIZON COMMUNICATIONS INC ORD,UNITED STATES,0.0092459999999999,48480016.0,2310792.0,Derived Holdings 2026-04-13 SPY 2017.xlsx,False
SPY,2017-12-31,PFE.N,PFIZER INC ORD,UNITED STATES,0.009245,70840646.0,3299116.0,Derived Holdings 2026-04-13 SPY 2017.xlsx,False
SPY,2017-12-31,UNH.N,UNITEDHEALTH GROUP INC ORD,UNITED STATES,0.009148,11516190.0,575954.0,Derived Holdings 2026-04-13 SPY 2017.xlsx,False
SPY,2017-12-31,V.N,VISA INC ORD,UNITED STATES,0.008856,21556108.0,861220.0,Derived Holdings 2026-04-13 SPY 2017.xlsx,False
SPY,2017-12-31,C.N,CITIGROUP INC ORD,UNITED STATES,0.00843,31444025.0,623862.0,Derived Holdings 2026-04-13 SPY 2017.xlsx,False
SPY,2017-12-31,CSCO.OQ,CISCO SYSTEMS INC ORD,UNITED STATES,0.00811,58766466.0,2137130.0,Derived Holdings 2026-04-13 SPY 2017.xlsx,False
SPY,2017-12-31,CMCSA.OQ,COMCAST CORP ORD,UNITED STATES,0.008001,55442899.0,2227178.0,Derived Holdings 2026-04-13 SPY 2017.xlsx,False
SPY,2017-12-31,KO.N,COCA-COLA CO ORD,UNITED STATES,0.00753,45549793.0,2029870.0,Derived Holdings 2026-04-13 SPY 2017.xlsx,False
SPY,2017-12-31,PEP.OQ,PEPSICO INC ORD,UNITED STATES,0.007311,16921633.0,754548.0,Derived Holdings 2026-04-13 SPY 2017.xlsx,False
SPY,2017-12-31,nan,DUPONT DE NEMOURS INC ORD,UNITED STATES,0.007136,27807209.0,1386114.0,Derived Holdings 2026-04-13 SPY 2017.xlsx,False
SPY,2017-12-31,BA.N,BOEING CO ORD,UNITED STATES,0.007068,6651974.0,366984.0,Derived Holdings 2026-04-13 SPY 2017.xlsx,False
SPY,2017-12-31,PM.N,PHILIP MORRIS INTERNATIONAL INC ORD,UNITED STATES,0.007026,18457955.0,879982.0,Derived Holdings 2026-04-13 SPY 2017.xlsx,False
SPY,2017-12-31,DIS.N,WALT DISNEY CO ORD,UNITED STATES,0.006956,17957796.0,473884.0,Derived Holdings 2026-04-13 SPY 2017.xlsx,False
SPY,2017-12-31,ABBV.N,ABBVIE INC ORD,UNITED STATES,0.006601,18944664.0,925374.0,Derived Holdings 2026-04-13 SPY 2017.xlsx,False
SPY,2017-12-31,MRK.N,MERCK & CO INC ORD,UNITED STATES,0.00659,32505368.0,1558486.0,Derived Holdings 2026-04-13 SPY 2017.xlsx,False
SPY,2017-12-31,GE.N,GENERAL ELECTRIC CO ORD,UNITED STATES,0.00648,103057271.0,5108986.0,Derived Holdings 2026-04-13 SPY 2017.xlsx,False
SPY,2017-12-31,WMT.O,WALMART INC ORD,UNITED STATES,0.006189,17395407.0,837266.0,Derived Holdings 2026-04-13 SPY 2017.xlsx,False
SPY,2017-12-31,ORCL.N,ORACLE CORP ORD,UNITED STATES,0.006167,36199905.0,2029088.0,Derived Holdings 2026-04-13 SPY 2017.xlsx,False
SPY,2017-12-31,MA.N,MASTERCARD INC ORD,UNITED STATES,0.00603,11056865.0,492894.0,Derived Holdings 2026-04-13 SPY 2017.xlsx,False
SPY,2017-12-31,MMM.N,3M CO ORD,UNITED STATES,0.006003,7078439.0,315376.0,Derived Holdings 2026-04-13 SPY 2017.xlsx,False
SPY,2017-12-31,MCD.N,MCDONALD'S CORP ORD,UNITED STATES,0.005877,9477337.0,313818.0,Derived Holdings 2026-04-13 SPY 2017.xlsx,False
SPY,2017-12-31,MO.N,ALTRIA GROUP INC ORD,UNITED STATES,0.005845,22718084.0,1013660.0,Derived Holdings 2026-04-13 SPY 2017.xlsx,False
SPY,2017-12-31,IBM.N,INTERNATIONAL BUSINESS MACHINES CORP ORD,UNITED STATES,0.005675,10266241.0,457482.0,Derived Holdings 2026-04-13 SPY 2017.xlsx,False
SPY,2017-12-31,AMGN.OQ,AMGEN INC ORD,UNITED STATES,0.0054139999999999,8640414.0,385750.0,Derived Holdings 2026-04-13 SPY 2017.xlsx,False
SPY,2017-12-31,NVDA.OQ,NVIDIA CORP ORD,UNITED STATES,0.00502,7200084.0,410142.0,Derived Holdings 2026-04-13 SPY 2017.xlsx,False
SPY,2017-12-31,HON.O,HONEYWELL INTERNATIONAL INC ORD,UNITED STATES,0.005003,9053931.0,426102.0,Derived Holdings 2026-04-13 SPY 2017.xlsx,False
SPY,2017-12-31,MDT.N,MEDTRONIC PLC ORD,IRELAND,0.00468,16086561.0,763554.0,Derived Holdings 2026-04-13 SPY 2017.xlsx,False
SPY,2017-12-31,nan,USD CASH,UNITED STATES,0.004607,1278600813.0,692330390.0,Derived Holdings 2026-04-13 SPY 2017.xlsx,False
SPY,2017-12-31,UNP.N,UNION PACIFIC CORP ORD,UNITED STATES,0.004522,9358614.0,304228.0,Derived Holdings 2026-04-13 SPY 2017.xlsx,False
SPY,2017-12-31,AVGO.OQ,BROADCOM INC ORD,UNITED STATES,0.0044729999999999,4832175.0,230596.0,Derived Holdings 2026-04-13 SPY 2017.xlsx,False
SPY,2017-12-31,TXN.OQ,TEXAS INSTRUMENTS INC ORD,UNITED STATES,0.004411,11723234.0,523008.0,Derived Holdings 2026-04-13 SPY 2017.xlsx,False
SPY,2017-12-31,BMY.N,BRISTOL-MYERS SQUIBB CO ORD,UNITED STATES,0.004288,19420137.0,867164.0,Derived Holdings 2026-04-13 SPY 2017.xlsx,False
SPY,2017-12-31,ABT.N,ABBOTT LABORATORIES ORD,UNITED STATES,0.004253,20684804.0,1045588.0,Derived Holdings 2026-04-13 SPY 2017.xlsx,False
SPY,2017-12-31,nan,RTX CORP ORD,UNITED STATES,0.004057,8826004.0,421656.0,Derived Holdings 2026-04-13 SPY 2017.xlsx,False
SPY,2017-12-31,ACN.N,ACCENTURE PLC ORD,IRELAND,0.004051,7344492.0,352730.0,Derived Holdings 2026-04-13 SPY 2017.xlsx,False
SPY,2017-12-31,QCOM.OQ,QUALCOMM INC ORD,UNITED STATES,0.004033,17483762.0,781030.0,Derived Holdings 2026-04-13 SPY 2017.xlsx,False
SPY,2017-12-31,CAT.N,CATERPILLAR INC ORD,UNITED STATES,0.004014,7069251.0,401202.0,Derived Holdings 2026-04-13 SPY 2017.xlsx,False
SPY,2017-12-31,GILD.OQ,GILEAD SCIENCES INC ORD,UNITED STATES,0.004007,15523854.0,745030.0,Derived Holdings 2026-04-13 SPY 2017.xlsx,False
SPY,2017-12-31,SLB.N,SLB NV ORD,UNITED STATES,0.004007,16500616.0,734572.0,Derived Holdings 2026-04-13 SPY 2017.xlsx,False
SPY,2017-12-31,GS.N,GOLDMAN SACHS GROUP INC ORD,UNITED STATES,0.003829,4171271.0,101972.0,Derived Holdings 2026-04-13 SPY 2017.xlsx,False
SPY,2017-12-31,ADBE.OQ,ADOBE INC ORD,UNITED STATES,0.003698,5856723.0,260746.0,Derived Holdings 2026-04-13 SPY 2017.xlsx,False
SPY,2017-12-31,nan,BOOKING HOLDINGS INC ORD,UNITED STATES,0.003647,582496.0,26182.0,Derived Holdings 2026-04-13 SPY 2017.xlsx,False
SPY,2017-12-31,USB.N,US BANCORP ORD,UNITED STATES,0.003618,18739195.0,721800.0,Derived Holdings 2026-04-13 SPY 2017.xlsx,False
SPY,2017-12-31,NFLX.OQ,NETFLIX INC ORD,UNITED STATES,0.003557,5142361.0,275108.0,Derived Holdings 2026-04-13 SPY 2017.xlsx,False
SPY,2017-12-31,PYPL.OQ,PAYPAL HOLDINGS INC ORD,UNITED STATES,0.003552,13389149.0,597764.0,Derived Holdings 2026-04-13 SPY 2017.xlsx,False
SPY,2017-12-31,NKE.N,NIKE INC ORD,UNITED STATES,0.003519,15615293.0,751020.0,Derived Holdings 2026-04-13 SPY 2017.xlsx,False
SPY,2017-12-31,CELG.OQ,CELGENE CORP ORD,UNITED STATES,0.003518,9355219.0,518090.0,Derived Holdings 2026-04-13 SPY 2017.xlsx,False
SPY,2017-12-31,UPS.N,UNITED PARCEL SERVICE INC ORD,UNITED STATES,0.003506,8165589.0,392208.0,Derived Holdings 2026-04-13 SPY 2017.xlsx,False
SPY,2017-12-31,LLY.N,ELI LILLY AND CO ORD,UNITED STATES,0.0034999999999999,11501535.0,512412.0,Derived Holdings 2026-04-13 SPY 2017.xlsx,False
SPY,2017-12-31,SBUX.OQ,STARBUCKS CORP ORD,UNITED STATES,0.0034999999999999,16914505.0,525270.0,Derived Holdings 2026-04-13 SPY 2017.xlsx,False
SPY,2017-12-31,COST.OQ,COSTCO WHOLESALE CORP ORD,UNITED STATES,0.0034839999999999,5195647.0,231540.0,Derived Holdings 2026-04-13 SPY 2017.xlsx,False
SPY,2017-12-31,LMT.N,LOCKHEED MARTIN CORP ORD,UNITED STATES,0.0034189999999999,2955879.0,132568.0,Derived Holdings 2026-04-13 SPY 2017.xlsx,False
SPY,2017-12-31,LOW.N,LOWE'S COMPANIES INC ORD,UNITED STATES,0.003315,9900249.0,351378.0,Derived Holdings 2026-04-13 SPY 2017.xlsx,False
SPY,2017-12-31,TMO.N,THERMO FISHER SCIENTIFIC INC ORD,UNITED STATES,0.00326,4765294.0,235214.0,Derived Holdings 2026-04-13 SPY 2017.xlsx,False
SPY,2017-12-31,CVS.N,CVS HEALTH CORP ORD,UNITED STATES,0.003152,12068059.0,537536.0,Derived Holdings 2026-04-13 SPY 2017.xlsx,False
SPY,2017-12-31,NEE.N,NEXTERA ENERGY INC ORD,UNITED STATES,0.003146,5589576.0,291226.0,Derived Holdings 2026-04-13 SPY 2017.xlsx,False
SPY,2017-12-31,MS.N,MORGAN STANLEY ORD,UNITED STATES,0.003129,16549811.0,551584.0,Derived Holdings 2026-04-13 SPY 2017.xlsx,False
SPY,2017-12-31,AXP.N,AMERICAN EXPRESS CO ORD,UNITED STATES,0.003065,8565494.0,268016.0,Derived Holdings 2026-04-13 SPY 2017.xlsx,False
SPY,2017-12-31,TWX^F18,TIME WARNER INC ORD,UNITED STATES,0.0030499999999999,9252996.0,495824.0,Derived Holdings 2026-04-13 SPY 2017.xlsx,False
SPY,2017-12-31,CRM.N,SALESFORCE INC ORD,UNITED STATES,0.003003,8153668.0,425376.0,Derived Holdings 2026-04-13 SPY 2017.xlsx,False
SPY,2017-12-31,PNC.N,PNC FINANCIAL SERVICES GROUP INC ORD,UNITED STATES,0.00295,5673980.0,253182.0,Derived Holdings 2026-04-13 SPY 2017.xlsx,False
SPY,2017-12-31,CB.N,CHUBB LIMITED ORD,SWITZERLAND,0.002903,5513195.0,246068.0,Derived Holdings 2026-04-13 SPY 2017.xlsx,False
SPY,2017-12-31,BIIB.OQ,BIOGEN INC ORD,UNITED STATES,0.002874,2503573.0,111684.0,Derived Holdings 2026-04-13 SPY 2017.xlsx,False
SPY,2017-12-31,CL.N,COLGATE-PALMOLIVE CO ORD,UNITED STATES,0.002843,10458351.0,465804.0,Derived Holdings 2026-04-13 SPY 2017.xlsx,False
SPY,2017-12-31,COP.N,CONOCOPHILLIPS ORD,UNITED STATES,0.002811,14213472.0,449064.0,Derived Holdings 2026-04-13 SPY 2017.xlsx,False
SPY,2017-12-31,CHTR.OQ,CHARTER COMMUNICATIONS INC ORD,UNITED STATES,0.002792,2306464.0,34136.0,Derived Holdings 2026-04-13 SPY 2017.xlsx,False
SPY,2017-12-31,MDLZ.OQ,MONDELEZ INTERNATIONAL INC ORD,UNITED STATES,0.002753,17852192.0,796348.0,Derived Holdings 2026-04-13 SPY 2017.xlsx,False
SPY,2017-12-31,BLK.N,BLACKROCK INC ORD,UNITED STATES,0.002718,1468230.0,65376.0,Derived Holdings 2026-04-13 SPY 2017.xlsx,False
SPY,2017-12-31,WBA.MX,WALGREENS BOOTS ALLIANCE INC ORD,UNITED STATES,0.002692,10286636.0,458840.0,Derived Holdings 2026-04-13 SPY 2017.xlsx,False
SPY,2017-12-31,EOG.N,EOG RESOURCES INC ORD,UNITED STATES,0.002659,6838769.0,305388.0,Derived Holdings 2026-04-13 SPY 2017.xlsx,False
SPY,2017-12-31,FDX.N,FEDEX CORP ORD,UNITED STATES,0.002636,2931989.0,158552.0,Derived Holdings 2026-04-13 SPY 2017.xlsx,False
SPY,2017-12-31,SCHW.N,CHARLES SCHWAB CORP ORD,UNITED STATES,0.002624,14179030.0,699902.0,Derived Holdings 2026-04-13 SPY 2017.xlsx,False
SPY,2017-12-31,AMT.N,AMERICAN TOWER CORP ORD,UNITED STATES,0.00262,5096736.0,264600.0,Derived Holdings 2026-04-13 SPY 2017.xlsx,False
SPY,2017-12-31,AET.N,AETNA INC ORD,UNITED STATES,0.00252,3876921.0,130794.0,Derived Holdings 2026-04-13 SPY 2017.xlsx,False
SPY,2017-12-31,DUK.N,DUKE ENERGY CORP ORD,UNITED STATES,0.00251,8283276.0,369856.0,Derived Holdings 2026-04-13 SPY 2017.xlsx,False
SPY,2017-12-31,ELV,ELEVANCE HEALTH INC ORD,UNITED STATES,0.0024749999999999,3053117.0,63874.0,Derived Holdings 2026-04-13 SPY 2017.xlsx,False
SPY,2017-12-31,BDX.N,BECTON DICKINSON AND CO ORD,UNITED STATES,0.002434,3155580.0,582503.0,Derived Holdings 2026-04-13 SPY 2017.xlsx,False
SPY,2017-12-31,DHR.N,DANAHER CORP ORD,UNITED STATES,0.002433,7275210.0,375846.0,Derived Holdings 2026-04-13 SPY 2017.xlsx,False
SPY,2017-12-31,GD.N,GENERAL DYNAMICS CORP ORD,UNITED STATES,0.002417,3296988.0,147096.0,Derived Holdings 2026-04-13 SPY 2017.xlsx,False
SPY,2017-12-31,OXY.N,OCCIDENTAL PETROLEUM CORP ORD,UNITED STATES,0.002414,9094191.0,478660.0,Derived Holdings 2026-04-13 SPY 2017.xlsx,False
SPY,2017-12-31,BK.N,BANK OF NEW YORK MELLON CORP ORD,UNITED STATES,0.002362,12172006.0,444758.0,Derived Holdings 2026-04-13 SPY 2017.xlsx,False
SPY,2017-12-31,AGN^E20,ALLERGAN PLC ORD,IRELAND,0.002345,3977963.0,176910.0,Derived Holdings 2026-04-13 SPY 2017.xlsx,False
SPY,2017-12-31,RTN^D20,RAYTHEON CO ORD,UNITED STATES,0.002344,3462889.0,153452.0,Derived Holdings 2026-04-13 SPY 2017.xlsx,False
SPY,2017-12-31,AMAT.OQ,APPLIED MATERIALS INC ORD,UNITED STATES,0.002326,12629338.0,564168.0,Derived Holdings 2026-04-13 SPY 2017.xlsx,False
SPY,2017-12-31,AIG.N,AMERICAN INTERNATIONAL GROUP INC ORD,UNITED STATES,0.002298,10704528.0,477458.0,Derived Holdings 2026-04-13 SPY 2017.xlsx,False
SPY,2017-12-31,MET.N,METLIFE INC ORD,UNITED STATES,0.0022919999999999,12582875.0,561267.0,Derived Holdings 2026-04-13 SPY 2017.xlsx,False
SPY,2017-12-31,SPG.N,SIMON PROPERTY GROUP INC ORD,UNITED STATES,0.002288,3697975.0,164498.0,Derived Holdings 2026-04-13 SPY 2017.xlsx,False
SPY,2017-12-31,NOC.N,NORTHROP GRUMMAN CORP ORD,UNITED STATES,0.002284,2065602.0,91858.0,Derived Holdings 2026-04-13 SPY 2017.xlsx,False
SPY,2017-12-31,GM.N,GENERAL MOTORS CO ORD,UNITED STATES,0.002245,15201340.0,376704.0,Derived Holdings 2026-04-13 SPY 2017.xlsx,False
SPY,2017-12-31,ADP.OQ,AUTOMATIC DATA PROCESSING INC ORD,UNITED STATES,0.002241,5307336.0,235172.0,Derived Holdings 2026-04-13 SPY 2017.xlsx,False
SPY,2017-12-31,D.N,DOMINION ENERGY INC ORD,UNITED STATES,0.002224,7613620.0,339892.0,Derived Holdings 2026-04-13 SPY 2017.xlsx,False
SPY,2017-12-31,ITW.N,ILLINOIS TOOL WORKS INC ORD,UNITED STATES,0.002218,3689559.0,163440.0,Derived Holdings 2026-04-13 SPY 2017.xlsx,False
SPY,2017-12-31,MON^F18,MONSANTO CO ORD,UNITED STATES,0.002188,5199151.0,232598.0,Derived Holdings 2026-04-13 SPY 2017.xlsx,False
SPY,2017-12-31,CI.N,CIGNA GROUP ORD,UNITED STATES,0.0021449999999999,2931706.0,83826.0,Derived Holdings 2026-04-13 SPY 2017.xlsx,False
SPY,2017-12-31,DE.N,DEERE & CO ORD,UNITED STATES,0.00214,3794023.0,169038.0,Derived Holdings 2026-04-13 SPY 2017.xlsx,False
SPY,2017-12-31,CME.OQ,CME GROUP INC ORD,UNITED STATES,0.0021279999999999,4044109.0,218134.0,Derived Holdings 2026-04-13 SPY 2017.xlsx,False
SPY,2017-12-31,SYK.N,STRYKER CORP ORD,UNITED STATES,0.002127,3812165.0,169946.0,Derived Holdings 2026-04-13 SPY 2017.xlsx,False
SPY,2017-12-31,CSX.OQ,CSX CORP ORD,UNITED STATES,0.002106,10626724.0,295530.0,Derived Holdings 2026-04-13 SPY 2017.xlsx,False
SPY,2017-12-31,PRU.N,PRUDENTIAL FINANCIAL INC ORD,UNITED STATES,0.002102,5073482.0,225816.0,Derived Holdings 2026-04-13 SPY 2017.xlsx,False
SPY,2017-12-31,F.N,FORD MOTOR CO ORD,UNITED STATES,0.002085,46331983.0,2067058.0,Derived Holdings 2026-04-13 SPY 2017.xlsx,False
SPY,2017-12-31,TJX.N,TJX COMPANIES INC ORD,UNITED STATES,0.002076,7533863.0,336260.0,Derived Holdings 2026-04-13 SPY 2017.xlsx,False
SPY,2017-12-31,COF.N,CAPITAL ONE FINANCIAL CORP ORD,UNITED STATES,0.002067,5760713.0,319680.0,Derived Holdings 2026-04-13 SPY 2017.xlsx,False
SPY,2017-12-31,SO.N,SOUTHERN CO ORD,UNITED STATES,0.002066,11926281.0,616556.0,Derived Holdings 2026-04-13 SPY 2017.xlsx,False
SPY,2017-12-31,ATVIn.BCU,ACTIVISION BLIZZARD INC ORD,UNITED STATES,0.002043,8954807.0,399062.0,Derived Holdings 2026-04-13 SPY 2017.xlsx,False
SPY,2017-12-31,MU.OQ,MICRON TECHNOLOGY INC ORD,UNITED STATES,0.002029,13694745.0,1072684.0,Derived Holdings 2026-04-13 SPY 2017.xlsx,False
SPY,2017-12-31,KHC.OQ,KRAFT HEINZ CO ORD,UNITED STATES,0.00198,7068029.0,315376.0,Derived Holdings 2026-04-13 SPY 2017.xlsx,False
SPY,2017-12-31,CCI.N,CROWN CASTLE INC ORD,UNITED STATES,0.001925,4811998.0,214438.0,Derived Holdings 2026-04-13 SPY 2017.xlsx,False
SPY,2017-12-31,EMR.N,EMERSON ELECTRIC CO ORD,UNITED STATES,0.001917,7632972.0,338858.0,Derived Holdings 2026-04-13 SPY 2017.xlsx,False
SPY,2017-12-31,PX.N,PRAXAIR INC ORD,UNITED STATES,0.001896,3402655.0,185210.0,Derived Holdings 2026-04-13 SPY 2017.xlsx,False
SPY,2017-12-31,SPGI.N,S&P GLOBAL INC ORD,UNITED STATES,0.001867,3058137.0,136050.0,Derived Holdings 2026-04-13 SPY 2017.xlsx,False
SPY,2017-12-31,PSX.N,PHILLIPS 66 ORD,UNITED STATES,0.001854,5086643.0,227150.0,Derived Holdings 2026-04-13 SPY 2017.xlsx,False
SPY,2017-12-31,KMB.O,KIMBERLY-CLARK CORP ORD,UNITED STATES,0.001831,4212779.0,186898.0,Derived Holdings 2026-04-13 SPY 2017.xlsx,False
SPY,2017-12-31,HAL.N,HALLIBURTON CO ORD,UNITED STATES,0.001826,10368233.0,563790.0,Derived Holdings 2026-04-13 SPY 2017.xlsx,False
SPY,2017-12-31,ESRX.O^L18,EXPRESS SCRIPTS HOLDING CO ORD,UNITED STATES,0.001811,6733934.0,202838.0,Derived Holdings 2026-04-13 SPY 2017.xlsx,False
SPY,2017-12-31,NSC.N,NORFOLK SOUTHERN CORP ORD,UNITED STATES,0.001794,3436910.0,152394.0,Derived Holdings 2026-04-13 SPY 2017.xlsx,False
SPY,2017-12-31,MRSH.K,MARSH & MCLENNAN COMPANIES INC ORD,UNITED STATES,0.001789,6099348.0,270584.0,Derived Holdings 2026-04-13 SPY 2017.xlsx,False
SPY,2017-12-31,CTSH.OQ,COGNIZANT TECHNOLOGY SOLUTIONS CORP ORD,UNITED STATES,0.001786,6979921.0,312352.0,Derived Holdings 2026-04-13 SPY 2017.xlsx,False
SPY,2017-12-31,MAR.OQ,MARRIOTT INTERNATIONAL INC ORD,UNITED STATES,0.001781,3641271.0,85406.0,Derived Holdings 2026-04-13 SPY 2017.xlsx,False
SPY,2017-12-31,ICE.N,INTERCONTINENTAL EXCHANGE INC ORD,UNITED STATES,0.001772,6968520.0,311168.0,Derived Holdings 2026-04-13 SPY 2017.xlsx,False
SPY,2017-12-31,ISRG.OQ,INTUITIVE SURGICAL INC ORD,UNITED STATES,0.001743,1325550.0,59020.0,Derived Holdings 2026-04-13 SPY 2017.xlsx,False
SPY,2017-12-31,VLO.N,VALERO ENERGY CORP ORD,UNITED STATES,0.001732,5229223.0,233206.0,Derived Holdings 2026-04-13 SPY 2017.xlsx,False
SPY,2017-12-31,STZ.N,CONSTELLATION BRANDS INC ORD,UNITED STATES,0.001683,2043199.0,90950.0,Derived Holdings 2026-04-13 SPY 2017.xlsx,False
SPY,2017-12-31,nan,TRUIST FINANCIAL CORP ORD,UNITED STATES,0.001681,9380868.0,201010.0,Derived Holdings 2026-04-13 SPY 2017.xlsx,False
SPY,2017-12-31,INTU.OQ,INTUIT INC ORD,UNITED STATES,0.0016359999999999,2877321.0,128936.0,Derived Holdings 2026-04-13 SPY 2017.xlsx,False
SPY,2017-12-31,EXC.O,EXELON CORP ORD,UNITED STATES,0.001616,11378643.0,507872.0,Derived Holdings 2026-04-13 SPY 2017.xlsx,False
SPY,2017-12-31,VRTX.OQ,VERTEX PHARMACEUTICALS INC ORD,UNITED STATES,0.001613,2986948.0,133626.0,Derived Holdings 2026-04-13 SPY 2017.xlsx,False
SPY,2017-12-31,ALL.N,ALLSTATE CORP ORD,UNITED STATES,0.001609,4264945.0,136880.0,Derived Holdings 2026-04-13 SPY 2017.xlsx,False
SPY,2017-12-31,TRV.N,TRAVELERS COMPANIES INC ORD,UNITED STATES,0.00159,3253480.0,92038.0,Derived Holdings 2026-04-13 SPY 2017.xlsx,False
SPY,2017-12-31,DAL.N,DELTA AIR LINES INC ORD,UNITED STATES,0.001588,7872383.0,351554.0,Derived Holdings 2026-04-13 SPY 2017.xlsx,False
SPY,2017-12-31,EBAY.OQ,EBAY INC ORD,UNITED STATES,0.001571,11551256.0,291632.0,Derived Holdings 2026-04-13 SPY 2017.xlsx,False
SPY,2017-12-31,STT.N,STATE STREET CORP ORD,UNITED STATES,0.001559,4433564.0,197794.0,Derived Holdings 2026-04-13 SPY 2017.xlsx,False
SPY,2017-12-31,nan,TWENTY-FIRST CENTURY FOX INC ORD,UNITED STATES,0.001557,12513286.0,556928.0,Derived Holdings 2026-04-13 SPY 2017.xlsx,False
SPY,2017-12-31,AEP.O,AMERICAN ELECTRIC POWER COMPANY INC ORD,UNITED STATES,0.0015429999999999,5820136.0,259838.0,Derived Holdings 2026-04-13 SPY 2017.xlsx,False
SPY,2017-12-31,LUV.N,SOUTHWEST AIRLINES CO ORD,UNITED STATES,0.001535,6509142.0,291042.0,Derived Holdings 2026-04-13 SPY 2017.xlsx,False
SPY,2017-12-31,APD.N,AIR PRODUCTS AND CHEMICALS INC ORD,UNITED STATES,0.001531,2590297.0,139916.0,Derived Holdings 2026-04-13 SPY 2017.xlsx,False
SPY,2017-12-31,HUM.N,HUMANA INC ORD,UNITED STATES,0.0015279999999999,1709793.0,76122.0,Derived Holdings 2026-04-13 SPY 2017.xlsx,False
SPY,2017-12-31,LYB.N,LYONDELLBASELL INDUSTRIES NV ORD,UNITED KINGDOM,0.001527,3842642.0,171612.0,Derived Holdings 2026-04-13 SPY 2017.xlsx,False
SPY,2017-12-31,TGT.N,TARGET CORP ORD,UNITED STATES,0.0015199999999999,6467195.0,288594.0,Derived Holdings 2026-04-13 SPY 2017.xlsx,False
SPY,2017-12-31,JCI.N,JOHNSON CONTROLS INTERNATIONAL PLC ORD,IRELAND,0.0015199999999999,11066822.0,492594.0,Derived Holdings 2026-04-13 SPY 2017.xlsx,False
SPY,2017-12-31,EQIX.OQ,EQUINIX INC ORD,UNITED STATES,0.0015179999999999,929555.0,51110.0,Derived Holdings 2026-04-13 SPY 2017.xlsx,False
SPY,2017-12-31,ZTS.N,ZOETIS INC ORD,UNITED STATES,0.00151,5818510.0,259538.0,Derived Holdings 2026-04-13 SPY 2017.xlsx,False
SPY,2017-12-31,ECL.N,ECOLAB INC ORD,UNITED STATES,0.001501,3104579.0,138016.0,Derived Holdings 2026-04-13 SPY 2017.xlsx,False
SPY,2017-12-31,HPQ.N,HP INC ORD,UNITED STATES,0.001497,19777934.0,883026.0,Derived Holdings 2026-04-13 SPY 2017.xlsx,False
SPY,2017-12-31,ETN.N,EATON CORPORATION PLC ORD,IRELAND,0.001491,5237313.0,156172.0,Derived Holdings 2026-04-13 SPY 2017.xlsx,False
SPY,2017-12-31,WM.N,WASTE MANAGEMENT INC ORD,UNITED STATES,0.001488,4786818.0,213838.0,Derived Holdings 2026-04-13 SPY 2017.xlsx,False
SPY,2017-12-31,AFL.N,AFLAC INC ORD,UNITED STATES,0.00148,4680250.0,208840.0,Derived Holdings 2026-04-13 SPY 2017.xlsx,False
SPY,2017-12-31,KMI.N,KINDER MORGAN INC ORD,UNITED STATES,0.001477,22687096.0,1014986.0,Derived Holdings 2026-04-13 SPY 2017.xlsx,False
SPY,2017-12-31,PLD.N,PROLOGIS INC ORD,UNITED STATES,0.00147,6323608.0,364445.0,Derived Holdings 2026-04-13 SPY 2017.xlsx,False
SPY,2017-12-31,BSX.N,BOSTON SCIENTIFIC CORP ORD,UNITED STATES,0.001449,16224152.0,725816.0,Derived Holdings 2026-04-13 SPY 2017.xlsx,False
SPY,2017-12-31,SHW.N,SHERWIN-WILLIAMS CO ORD,UNITED STATES,0.0014449999999999,978047.0,59684.0,Derived Holdings 2026-04-13 SPY 2017.xlsx,False
SPY,2017-12-31,GIS.N,GENERAL MILLS INC ORD,UNITED STATES,0.001443,6756746.0,199388.0,Derived Holdings 2026-04-13 SPY 2017.xlsx,False
SPY,2017-12-31,AON.N,AON PLC ORD,IRELAND,0.001434,2971012.0,95284.0,Derived Holdings 2026-04-13 SPY 2017.xlsx,False
SPY,2017-12-31,TEL.N,TE CONNECTIVITY PLC ORD,IRELAND,0.001433,4184788.0,186898.0,Derived Holdings 2026-04-13 SPY 2017.xlsx,False
SPY,2017-12-31,MCK.N,MCKESSON CORP ORD,UNITED STATES,0.001406,2501605.0,110776.0,Derived Holdings 2026-04-13 SPY 2017.xlsx,False
SPY,2017-12-31,PGR.N,PROGRESSIVE CORP ORD,UNITED STATES,0.0013969999999999,6882694.0,307962.0,Derived Holdings 2026-04-13 SPY 2017.xlsx,False
SPY,2017-12-31,ADI.OQ,ANALOG DEVICES INC ORD,UNITED STATES,0.001395,4347999.0,194462.0,Derived Holdings 2026-04-13 SPY 2017.xlsx,False
SPY,2017-12-31,BAX.N,BAXTER INTERNATIONAL INC ORD,UNITED STATES,0.001383,5940211.0,265286.0,Derived Holdings 2026-04-13 SPY 2017.xlsx,False
SPY,2017-12-31,EA.OQ,ELECTRONIC ARTS INC ORD,UNITED STATES,0.001382,3650435.0,163440.0,Derived Holdings 2026-04-13 SPY 2017.xlsx,False
SPY,2017-12-31,MPC.N,MARATHON PETROLEUM CORP ORD,UNITED STATES,0.001381,5809368.0,84160.0,Derived Holdings 2026-04-13 SPY 2017.xlsx,False
SPY,2017-12-31,ILMN.OQ,ILLUMINA INC ORD,UNITED STATES,0.001358,1724616.0,77180.0,Derived Holdings 2026-04-13 SPY 2017.xlsx,False
SPY,2017-12-31,FIS.N,FIDELITY NATIONAL INFORMATION SERVICES INC ORD,UNITED STATES,0.001345,3967149.0,248644.0,Derived Holdings 2026-04-13 SPY 2017.xlsx,False
SPY,2017-12-31,PSA.N,PUBLIC STORAGE ORD,UNITED STATES,0.001339,1778645.0,97296.0,Derived Holdings 2026-04-13 SPY 2017.xlsx,False
SPY,2017-12-31,ROST.OQ,ROSS STORES INC ORD,UNITED STATES,0.001325,4583647.0,128290.0,Derived Holdings 2026-04-13 SPY 2017.xlsx,False
SPY,2017-12-31,SUUf.TRE,SUNTRUST BANKS INC ORD,UNITED STATES,0.001322,5682617.0,253182.0,Derived Holdings 2026-04-13 SPY 2017.xlsx,False
SPY,2017-12-31,PPG.N,PPG INDUSTRIES INC ORD,UNITED STATES,0.00128,3041558.0,135292.0,Derived Holdings 2026-04-13 SPY 2017.xlsx,False
SPY,2017-12-31,APC^H19,ANADARKO PETROLEUM CORP ORD,UNITED STATES,0.001275,6594722.0,295108.0,Derived Holdings 2026-04-13 SPY 2017.xlsx,False
SPY,2017-12-31,LRCX.OQ,LAM RESEARCH CORP ORD,UNITED STATES,0.001275,1921974.0,86260.0,Derived Holdings 2026-04-13 SPY 2017.xlsx,False
SPY,2017-12-31,SYY.N,SYSCO CORP ORD,UNITED STATES,0.001258,5749769.0,256514.0,Derived Holdings 2026-04-13 SPY 2017.xlsx,False
SPY,2017-12-31,PNKf.TPRM,PIONEER NATURAL RESOURCES CO ORD,UNITED STATES,0.001252,2009961.0,89892.0,Derived Holdings 2026-04-13 SPY 2017.xlsx,False
SPY,2017-12-31,REGN.OQ,REGENERON PHARMACEUTICALS INC ORD,UNITED STATES,0.00124,915547.0,55160.0,Derived Holdings 2026-04-13 SPY 2017.xlsx,False
SPY,2017-12-31,SYF.N,SYNCHRONY FINANCIAL ORD,UNITED STATES,0.001231,8847958.0,394230.0,Derived Holdings 2026-04-13 SPY 2017.xlsx,False
SPY,2017-12-31,EL.N,ESTEE LAUDER COMPANIES INC ORD,UNITED STATES,0.001216,2651794.0,118190.0,Derived Holdings 2026-04-13 SPY 2017.xlsx,False
SPY,2017-12-31,DFS.MX,DISCOVER FINANCIAL SERVICES ORD,UNITED STATES,0.001198,4321058.0,109686.0,Derived Holdings 2026-04-13 SPY 2017.xlsx,False
SPY,2017-12-31,GLW.N,CORNING INC ORD,UNITED STATES,0.001192,10337624.0,122508.0,Derived Holdings 2026-04-13 SPY 2017.xlsx,False
SPY,2017-12-31,CMI.N,CUMMINS INC ORD,UNITED STATES,0.001188,1866914.0,83386.0,Derived Holdings 2026-04-13 SPY 2017.xlsx,False
SPY,2017-12-31,YUM.N,YUM! BRANDS INC ORD,UNITED STATES,0.001178,4007248.0,103208.0,Derived Holdings 2026-04-13 SPY 2017.xlsx,False
SPY,2017-12-31,FISV.O,FISERV INC ORD,UNITED STATES,0.001177,2492056.0,111490.0,Derived Holdings 2026-04-13 SPY 2017.xlsx,False
SPY,2017-12-31,CCL.N,CARNIVAL CORP ORD,UNITED STATES,0.001154,4826978.0,215346.0,Derived Holdings 2026-04-13 SPY 2017.xlsx,False
SPY,2017-12-31,APH.N,AMPHENOL CORP ORD,UNITED STATES,0.001151,3639740.0,161624.0,Derived Holdings 2026-04-13 SPY 2017.xlsx,False
SPY,2017-12-31,DXC.N,DXC TECHNOLOGY CO ORD,UNITED STATES,0.001149,3360627.0,150878.0,Derived Holdings 2026-04-13 SPY 2017.xlsx,False
SPY,2017-12-31,ALXN.O^G21,ALEXION PHARMACEUTICALS INC (PRE-MERGER) ORD,UNITED STATES,0.001145,2657970.0,118040.0,Derived Holdings 2026-04-13 SPY 2017.xlsx,False
SPY,2017-12-31,SRE.N,SEMPRA ORD,UNITED STATES,0.00114,2959423.0,132718.0,Derived Holdings 2026-04-13 SPY 2017.xlsx,False
SPY,2017-12-31,WY.N,WEYERHAEUSER CO ORD,UNITED STATES,0.00114,8969931.0,499554.0,Derived Holdings 2026-04-13 SPY 2017.xlsx,False
SPY,2017-12-31,PH.N,PARKER-HANNIFIN CORP ORD,UNITED STATES,0.00113,1571283.0,70066.0,Derived Holdings 2026-04-13 SPY 2017.xlsx,False
SPY,2017-12-31,ED.N,CONSOLIDATED EDISON INC ORD,UNITED STATES,0.0011279999999999,3684734.0,234490.0,Derived Holdings 2026-04-13 SPY 2017.xlsx,False
SPY,2017-12-31,ROP.O,ROPER TECHNOLOGIES INC ORD,UNITED STATES,0.001125,1205870.0,53722.0,Derived Holdings 2026-04-13 SPY 2017.xlsx,False
SPY,2017-12-31,MNST.OQ,MONSTER BEVERAGE CORP ORD,UNITED STATES,0.001121,4913937.0,218678.0,Derived Holdings 2026-04-13 SPY 2017.xlsx,False
SPY,2017-12-31,PEG.N,PUBLIC SERVICE ENTERPRISE GROUP INC ORD,UNITED STATES,0.001112,5991637.0,267252.0,Derived Holdings 2026-04-13 SPY 2017.xlsx,False
SPY,2017-12-31,SWK.N,STANLEY BLACK & DECKER INC ORD,UNITED STATES,0.001105,1806654.0,80962.0,Derived Holdings 2026-04-13 SPY 2017.xlsx,False
SPY,2017-12-31,MTB.N,M&T BANK CORP ORD,UNITED STATES,0.001102,1788939.0,46504.0,Derived Holdings 2026-04-13 SPY 2017.xlsx,False
SPY,2017-12-31,FCX.N,FREEPORT-MCMORAN INC ORD,UNITED STATES,0.001093,15998929.0,1067914.0,Derived Holdings 2026-04-13 SPY 2017.xlsx,False
SPY,2017-12-31,TROW.OQ,T ROWE PRICE GROUP INC ORD,UNITED STATES,0.001089,2879240.0,159720.0,Derived Holdings 2026-04-13 SPY 2017.xlsx,False
SPY,2017-12-31,DLTR.OQ,DOLLAR TREE INC ORD,UNITED STATES,0.001084,2804005.0,125304.0,Derived Holdings 2026-04-13 SPY 2017.xlsx,False
SPY,2017-12-31,AMP.N,AMERIPRISE FINANCIAL INC ORD,UNITED STATES,0.001084,1774585.0,78846.0,Derived Holdings 2026-04-13 SPY 2017.xlsx,False
SPY,2017-12-31,ROK.N,ROCKWELL AUTOMATION INC ORD,UNITED STATES,0.001083,1530160.0,68100.0,Derived Holdings 2026-04-13 SPY 2017.xlsx,False
SPY,2017-12-31,HCA.N,HCA HEALTHCARE INC ORD,UNITED STATES,0.001081,3415215.0,152094.0,Derived Holdings 2026-04-13 SPY 2017.xlsx,False
SPY,2017-12-31,WMB.N,WILLIAMS COMPANIES INC ORD,UNITED STATES,0.0010739999999999,9777199.0,437048.0,Derived Holdings 2026-04-13 SPY 2017.xlsx,False
SPY,2017-12-31,PCAR.OQ,PACCAR INC ORD,UNITED STATES,0.0010639999999999,4153909.0,186014.0,Derived Holdings 2026-04-13 SPY 2017.xlsx,False
SPY,2017-12-31,KR.N,KROGER CO ORD,UNITED STATES,0.001051,10623579.0,474138.0,Derived Holdings 2026-04-13 SPY 2017.xlsx,False
SPY,2017-12-31,MCO.N,MOODY'S CORP ORD,UNITED STATES,0.001051,1975413.0,88076.0,Derived Holdings 2026-04-13 SPY 2017.xlsx,False
SPY,2017-12-31,AVB.N,AVALONBAY COMMUNITIES INC ORD,UNITED STATES,0.001045,1625533.0,72790.0,Derived Holdings 2026-04-13 SPY 2017.xlsx,False
SPY,2017-12-31,XEL.OQ,XCEL ENERGY INC ORD,UNITED STATES,0.001043,6015043.0,268792.0,Derived Holdings 2026-04-13 SPY 2017.xlsx,False
SPY,2017-12-31,VFC.N,VF CORP ORD,UNITED STATES,0.001039,3897376.0,269820.0,Derived Holdings 2026-04-13 SPY 2017.xlsx,False
SPY,2017-12-31,DG.N,DOLLAR GENERAL CORP ORD,UNITED STATES,0.001035,3087519.0,138016.0,Derived Holdings 2026-04-13 SPY 2017.xlsx,False
SPY,2017-12-31,ZBH.N,"ZIMMER BIOMET HOLDINGS, INC ORD",UNITED STATES,0.001035,2381596.0,107144.0,Derived Holdings 2026-04-13 SPY 2017.xlsx,False
SPY,2017-12-31,TSN.N,TYSON FOODS INC ORD,UNITED STATES,0.001032,3534284.0,257944.0,Derived Holdings 2026-04-13 SPY 2017.xlsx,False
SPY,2017-12-31,IP.N,INTERNATIONAL PAPER CO ORD,UNITED STATES,0.001021,4891094.0,218070.0,Derived Holdings 2026-04-13 SPY 2017.xlsx,False
SPY,2017-12-31,EW.N,EDWARDS LIFESCIENCES CORP ORD,UNITED STATES,0.001014,2497813.0,111834.0,Derived Holdings 2026-04-13 SPY 2017.xlsx,False
SPY,2017-12-31,WELL.K,WELLTOWER INC ORD,UNITED STATES,0.001011,4401123.0,256570.0,Derived Holdings 2026-04-13 SPY 2017.xlsx,False
SPY,2017-12-31,WDC.OQ,WESTERN DIGITAL CORP ORD,UNITED STATES,0.001007,3515167.0,218426.0,Derived Holdings 2026-04-13 SPY 2017.xlsx,False
SPY,2017-12-31,EQR.N,EQUITY RESIDENTIAL ORD,UNITED STATES,0.000999,4345933.0,194462.0,Derived Holdings 2026-04-13 SPY 2017.xlsx,False
SPY,2017-12-31,DLR.N,DIGITAL REALTY TRUST INC ORD,UNITED STATES,0.000999,2433653.0,108202.0,Derived Holdings 2026-04-13 SPY 2017.xlsx,False
SPY,2017-12-31,ADSK.OQ,AUTODESK INC ORD,UNITED STATES,0.000983,2602171.0,116224.0,Derived Holdings 2026-04-13 SPY 2017.xlsx,False
SPY,2017-12-31,HPE.N,HEWLETT PACKARD ENTERPRISE CO ORD,UNITED STATES,0.000981,18968386.0,189148.0,Derived Holdings 2026-04-13 SPY 2017.xlsx,False
SPY,2017-12-31,PCG.N,PG&E CORP ORD,UNITED STATES,0.000977,6050399.0,271382.0,Derived Holdings 2026-04-13 SPY 2017.xlsx,False
SPY,2017-12-31,ADM.N,ARCHER-DANIELS-MIDLAND CO ORD,UNITED STATES,0.000975,6752595.0,296916.0,Derived Holdings 2026-04-13 SPY 2017.xlsx,False
SPY,2017-12-31,APTV.N,APTIV PLC ORD,SWITZERLAND,0.000974,3186264.0,140740.0,Derived Holdings 2026-04-13 SPY 2017.xlsx,False
SPY,2017-12-31,nan,VIATRIS INC ORD,UNITED STATES,0.000971,6368573.0,283446.0,Derived Holdings 2026-04-13 SPY 2017.xlsx,False
SPY,2017-12-31,nan,TRANE TECHNOLOGIES PLC ORD,IRELAND,0.000965,3003741.0,134084.0,Derived Holdings 2026-04-13 SPY 2017.xlsx,False
SPY,2017-12-31,AAL.OQ,AMERICAN AIRLINES GROUP INC ORD,UNITED STATES,0.00096,5118663.0,228366.0,Derived Holdings 2026-04-13 SPY 2017.xlsx,False
SPY,2017-12-31,CXO^A21,CONCHO RESOURCES INC ORD,UNITED STATES,0.00095,1755028.0,78996.0,Derived Holdings 2026-04-13 SPY 2017.xlsx,False
SPY,2017-12-31,FTV.N,FORTIVE CORP ORD,UNITED STATES,0.000948,3634828.0,230248.0,Derived Holdings 2026-04-13 SPY 2017.xlsx,False
SPY,2017-12-31,KEY.N,KEYCORP ORD,UNITED STATES,0.0009429999999999,12976363.0,574014.0,Derived Holdings 2026-04-13 SPY 2017.xlsx,False
SPY,2017-12-31,COL^K18,ROCKWELL COLLINS INC ORD,UNITED STATES,0.000939,1921988.0,86260.0,Derived Holdings 2026-04-13 SPY 2017.xlsx,False
SPY,2017-12-31,PAYX.OQ,PAYCHEX INC ORD,UNITED STATES,0.000932,3798787.0,169038.0,Derived Holdings 2026-04-13 SPY 2017.xlsx,False
SPY,2017-12-31,DVN.N,DEVON ENERGY CORP ORD,UNITED STATES,0.0009289999999999,6227586.0,277998.0,Derived Holdings 2026-04-13 SPY 2017.xlsx,False
SPY,2017-12-31,A.N,AGILENT TECHNOLOGIES INC ORD,UNITED STATES,0.000922,3820085.0,169946.0,Derived Holdings 2026-04-13 SPY 2017.xlsx,False
SPY,2017-12-31,RHT^G19,RED HAT INC ORD,UNITED STATES,0.000922,2129605.0,93524.0,Derived Holdings 2026-04-13 SPY 2017.xlsx,False
SPY,2017-12-31,FITB.OQ,FIFTH THIRD BANCORP ORD,UNITED STATES,0.000918,8393907.0,-83918.0,Derived Holdings 2026-04-13 SPY 2017.xlsx,False
SPY,2017-12-31,NTRS.OQ,NORTHERN TRUST CORP ORD,UNITED STATES,0.000916,2545565.0,113500.0,Derived Holdings 2026-04-13 SPY 2017.xlsx,False
SPY,2017-12-31,nan,PARAMOUNT SKYDANCE CORP ORD,UNITED STATES,0.000916,4310811.0,192496.0,Derived Holdings 2026-04-13 SPY 2017.xlsx,False
SPY,2017-12-31,VTR.N,VENTAS INC ORD,UNITED STATES,0.000915,4232423.0,240606.0,Derived Holdings 2026-04-13 SPY 2017.xlsx,False
SPY,2017-12-31,CERN.O^F22,CERNER CORP ORD,UNITED STATES,0.000907,3735234.0,166314.0,Derived Holdings 2026-04-13 SPY 2017.xlsx,False
SPY,2017-12-31,PPL.N,PPL CORP ORD,UNITED STATES,0.000897,8048076.0,361534.0,Derived Holdings 2026-04-13 SPY 2017.xlsx,False
SPY,2017-12-31,WEC.N,WEC ENERGY GROUP INC ORD,UNITED STATES,0.000895,3738628.0,167072.0,Derived Holdings 2026-04-13 SPY 2017.xlsx,False
SPY,2017-12-31,CFG.N,CITIZENS FINANCIAL GROUP INC ORD,UNITED STATES,0.0008849999999999,5849066.0,94428.0,Derived Holdings 2026-04-13 SPY 2017.xlsx,False
SPY,2017-12-31,MCHP.OQ,MICROCHIP TECHNOLOGY INC ORD,UNITED STATES,0.0008799999999999,2779272.0,182580.0,Derived Holdings 2026-04-13 SPY 2017.xlsx,False
SPY,2017-12-31,EIX.N,EDISON INTERNATIONAL ORD,UNITED STATES,0.000879,3856897.0,172520.0,Derived Holdings 2026-04-13 SPY 2017.xlsx,False
SPY,2017-12-31,RCL.N,ROYAL CARIBBEAN CRUISES LTD ORD,UNITED STATES,0.0008759999999999,2038337.0,90800.0,Derived Holdings 2026-04-13 SPY 2017.xlsx,False
SPY,2017-12-31,ORLY.OQ,O'REILLY AUTOMOTIVE INC ORD,UNITED STATES,0.0008759999999999,1011212.0,16158.0,Derived Holdings 2026-04-13 SPY 2017.xlsx,False
SPY,2017-12-31,OKE.N,ONEOK INC ORD,UNITED STATES,0.000867,4502001.0,201118.0,Derived Holdings 2026-04-13 SPY 2017.xlsx,False
SPY,2017-12-31,NUE.N,NUCOR CORP ORD,UNITED STATES,0.0008649999999999,3774488.0,168888.0,Derived Holdings 2026-04-13 SPY 2017.xlsx,False
SPY,2017-12-31,WTW.O,WILLIS TOWERS WATSON PLC ORD,UNITED KINGDOM,0.000864,1591671.0,70674.0,Derived Holdings 2026-04-13 SPY 2017.xlsx,False
SPY,2017-12-31,HIG.N,HARTFORD INSURANCE GROUP INC ORD,UNITED STATES,0.00086,4241323.0,83796.0,Derived Holdings 2026-04-13 SPY 2017.xlsx,False
SPY,2017-12-31,RF.N,REGIONS FINANCIAL CORP ORD,UNITED STATES,0.000859,13795129.0,170692.0,Derived Holdings 2026-04-13 SPY 2017.xlsx,False
SPY,2017-12-31,NEM.N,NEWMONT CORPORATION ORD,UNITED STATES,0.000854,6316651.0,281630.0,Derived Holdings 2026-04-13 SPY 2017.xlsx,False
SPY,2017-12-31,BXP.N,BXP INC ORD,UNITED STATES,0.000854,1823003.0,81720.0,Derived Holdings 2026-04-13 SPY 2017.xlsx,False
SPY,2017-12-31,ES.N,EVERSOURCE ENERGY ORD,UNITED STATES,0.000846,3717066.0,167222.0,Derived Holdings 2026-04-13 SPY 2017.xlsx,False
SPY,2017-12-31,SBAC.OQ,SBA COMMUNICATIONS CORP ORD,UNITED STATES,0.000839,1424761.0,63410.0,Derived Holdings 2026-04-13 SPY 2017.xlsx,False
SPY,2017-12-31,AZO.N,AUTOZONE INC ORD,UNITED STATES,0.000838,326765.0,1328.0,Derived Holdings 2026-04-13 SPY 2017.xlsx,False
SPY,2017-12-31,DTE.N,DTE ENERGY CO ORD,UNITED STATES,0.000838,2123806.0,94582.0,Derived Holdings 2026-04-13 SPY 2017.xlsx,False
SPY,2017-12-31,CAH.N,CARDINAL HEALTH INC ORD,UNITED STATES,0.000824,3733655.0,167072.0,Derived Holdings 2026-04-13 SPY 2017.xlsx,False
SPY,2017-12-31,CLX.N,CLOROX CO ORD,UNITED STATES,0.00081,1510923.0,68100.0,Derived Holdings 2026-04-13 SPY 2017.xlsx,False
SPY,2017-12-31,PFG.OQ,PRINCIPAL FINANCIAL GROUP INC ORD,UNITED STATES,0.000801,3151426.0,141798.0,Derived Holdings 2026-04-13 SPY 2017.xlsx,False
SPY,2017-12-31,nan,KEURIG DR PEPPER INC ORD,UNITED STATES,0.000762,2179264.0,96098.0,Derived Holdings 2026-04-13 SPY 2017.xlsx,False
SPY,2017-12-31,SWKS.OQ,SKYWORKS SOLUTIONS INC ORD,UNITED STATES,0.000749,2188018.0,97156.0,Derived Holdings 2026-04-13 SPY 2017.xlsx,False
SPY,2017-12-31,BBY.N,BEST BUY CO INC ORD,UNITED STATES,0.000746,3025279.0,-36918.0,Derived Holdings 2026-04-13 SPY 2017.xlsx,False
SPY,2017-12-31,nan,GEN DIGITAL INC ORD,UNITED STATES,0.000744,7356800.0,325664.0,Derived Holdings 2026-04-13 SPY 2017.xlsx,False
SPY,2017-12-31,CNC.N,CENTENE CORP ORD,UNITED STATES,0.000742,2040781.0,90950.0,Derived Holdings 2026-04-13 SPY 2017.xlsx,False
SPY,2017-12-31,UAL.O,UNITED AIRLINES HOLDINGS INC ORD,UNITED STATES,0.000742,3056711.0,136382.0,Derived Holdings 2026-04-13 SPY 2017.xlsx,False
SPY,2017-12-31,MGM.N,MGM RESORTS INTERNATIONAL ORD,UNITED STATES,0.000738,6137980.0,272858.0,Derived Holdings 2026-04-13 SPY 2017.xlsx,False
SPY,2017-12-31,DHI.N,D.R. HORTON INC ORD,UNITED STATES,0.000737,4005954.0,179934.0,Derived Holdings 2026-04-13 SPY 2017.xlsx,False
SPY,2017-12-31,MHK.N,MOHAWK INDUSTRIES INC ORD,UNITED STATES,0.000737,741657.0,33596.0,Derived Holdings 2026-04-13 SPY 2017.xlsx,False
SPY,2017-12-31,OMC.N,OMNICOM GROUP INC ORD,UNITED STATES,0.000731,2786187.0,121822.0,Derived Holdings 2026-04-13 SPY 2017.xlsx,False
SPY,2017-12-31,nan,L3HARRIS TECHNOLOGIES INC ORD,UNITED STATES,0.000724,1418184.0,63560.0,Derived Holdings 2026-04-13 SPY 2017.xlsx,False
SPY,2017-12-31,US4878361082.TRE,KELLANOVA ORD,UNITED STATES,0.000723,2951408.0,131660.0,Derived Holdings 2026-04-13 SPY 2017.xlsx,False
SPY,2017-12-31,XLNX.O^B22,XILINX INC ORD,UNITED STATES,0.000722,2974099.0,131960.0,Derived Holdings 2026-04-13 SPY 2017.xlsx,False
SPY,2017-12-31,VMC.N,VULCAN MATERIALS CO ORD,UNITED STATES,0.0007199999999999,1555987.0,69916.0,Derived Holdings 2026-04-13 SPY 2017.xlsx,False
SPY,2017-12-31,LNC.N,LINCOLN NATIONAL CORP ORD,UNITED STATES,0.0007199999999999,2601376.0,23882.0,Derived Holdings 2026-04-13 SPY 2017.xlsx,False
SPY,2017-12-31,AME.N,AMETEK INC ORD,UNITED STATES,0.0007149999999999,2739857.0,121822.0,Derived Holdings 2026-04-13 SPY 2017.xlsx,False
SPY,2017-12-31,INCY.OQ,INCYTE CORP ORD,UNITED STATES,0.0007099999999999,2080175.0,168742.0,Derived Holdings 2026-04-13 SPY 2017.xlsx,False
SPY,2017-12-31,ANDV.K^J18,ANDEAVOR ORD,UNITED STATES,0.000704,1707904.0,76272.0,Derived Holdings 2026-04-13 SPY 2017.xlsx,False
SPY,2017-12-31,KLAC.OQ,KLA CORP ORD,UNITED STATES,0.0007019999999999,1855076.0,82778.0,Derived Holdings 2026-04-13 SPY 2017.xlsx,False
SPY,2017-12-31,INFO.K^B22,IHS MARKIT LTD ORD,BERMUDA,0.0007019999999999,4312246.0,191738.0,Derived Holdings 2026-04-13 SPY 2017.xlsx,False
SPY,2017-12-31,AWK.N,AMERICAN WATER WORKS CO INC ORD,UNITED STATES,0.000696,2111122.0,94432.0,Derived Holdings 2026-04-13 SPY 2017.xlsx,False
SPY,2017-12-31,HLT.N,HILTON WORLDWIDE HOLDINGS INC ORD,UNITED STATES,0.000695,2414050.0,107902.0,Derived Holdings 2026-04-13 SPY 2017.xlsx,False
SPY,2017-12-31,LH.N,LABCORP HOLDINGS INC ORD,UNITED STATES,0.000689,1199174.0,53572.0,Derived Holdings 2026-04-13 SPY 2017.xlsx,False
SPY,2017-12-31,US96145D1054.TPRM,WESTROCK CO ORD,UNITED STATES,0.000689,3025833.0,200434.0,Derived Holdings 2026-04-13 SPY 2017.xlsx,False
SPY,2017-12-31,MTD.N,METTLER-TOLEDO INTERNATIONAL INC ORD,UNITED STATES,0.000688,308315.0,13620.0,Derived Holdings 2026-04-13 SPY 2017.xlsx,False
SPY,2017-12-31,nan,LUMEN TECHNOLOGIES INC ORD,UNITED STATES,0.000688,11445419.0,514102.0,Derived Holdings 2026-04-13 SPY 2017.xlsx,False
SPY,2017-12-31,O.N,REALTY INCOME CORP ORD,UNITED STATES,0.000688,3346940.0,279104.0,Derived Holdings 2026-04-13 SPY 2017.xlsx,False
SPY,2017-12-31,ALGN.OQ,ALIGN TECHNOLOGY INC ORD,UNITED STATES,0.000683,853480.0,38136.0,Derived Holdings 2026-04-13 SPY 2017.xlsx,False
SPY,2017-12-31,GPN.N,GLOBAL PAYMENTS INC ORD,UNITED STATES,0.000682,1889542.0,170312.0,Derived Holdings 2026-04-13 SPY 2017.xlsx,False
SPY,2017-12-31,HSY.N,HERSHEY CO ORD,UNITED STATES,0.000681,1664703.0,74456.0,Derived Holdings 2026-04-13 SPY 2017.xlsx,False
SPY,2017-12-31,nan,APA CORP (US) ORD,UNITED STATES,0.000681,4479829.0,201576.0,Derived Holdings 2026-04-13 SPY 2017.xlsx,False
SPY,2017-12-31,ESS.N,ESSEX PROPERTY TRUST INC ORD,UNITED STATES,0.000676,777104.0,34654.0,Derived Holdings 2026-04-13 SPY 2017.xlsx,False
SPY,2017-12-31,DOV.N,DOVER CORP ORD,UNITED STATES,0.000671,1844343.0,82628.0,Derived Holdings 2026-04-13 SPY 2017.xlsx,False
SPY,2017-12-31,FAST.OQ,FASTENAL CO ORD,UNITED STATES,0.000667,3385844.0,152544.0,Derived Holdings 2026-04-13 SPY 2017.xlsx,False
SPY,2017-12-31,HBAN.OQ,HUNTINGTON BANCSHARES INC ORD,UNITED STATES,0.000667,12723738.0,575222.0,Derived Holdings 2026-04-13 SPY 2017.xlsx,False
SPY,2017-12-31,CAG.N,CONAGRA BRANDS INC ORD,UNITED STATES,0.000665,4897035.0,219286.0,Derived Holdings 2026-04-13 SPY 2017.xlsx,False
SPY,2017-12-31,RSG.N,REPUBLIC SERVICES INC ORD,UNITED STATES,0.000664,2726217.0,120764.0,Derived Holdings 2026-04-13 SPY 2017.xlsx,False
SPY,2017-12-31,WAT.N,WATERS CORP ORD,UNITED STATES,0.000658,945238.0,41768.0,Derived Holdings 2026-04-13 SPY 2017.xlsx,False
SPY,2017-12-31,LLL^G19,L3 TECHNOLOGIES INC ORD,UNITED STATES,0.000658,923447.0,41768.0,Derived Holdings 2026-04-13 SPY 2017.xlsx,False
SPY,2017-12-31,US2003401070.TRE,COMERICA INC ORD,UNITED STATES,0.000651,2081501.0,92616.0,Derived Holdings 2026-04-13 SPY 2017.xlsx,False
SPY,2017-12-31,XRAY.OQ,DENTSPLY SIRONA INC ORD,UNITED STATES,0.000651,2742871.0,121672.0,Derived Holdings 2026-04-13 SPY 2017.xlsx,False
SPY,2017-12-31,COR,CENCORA INC ORD,UNITED STATES,0.00065,1963691.0,85352.0,Derived Holdings 2026-04-13 SPY 2017.xlsx,False
SPY,2017-12-31,TAP.N,MOLSON COORS BEVERAGE CO ORD,UNITED STATES,0.0006469999999999,2186407.0,96715.0,Derived Holdings 2026-04-13 SPY 2017.xlsx,False
SPY,2017-12-31,TXT.N,TEXTRON INC ORD,UNITED STATES,0.0006429999999999,3155844.0,139832.0,Derived Holdings 2026-04-13 SPY 2017.xlsx,False
SPY,2017-12-31,IVZ.N,INVESCO LTD ORD,UNITED STATES,0.000639,4850730.0,215346.0,Derived Holdings 2026-04-13 SPY 2017.xlsx,False
SPY,2017-12-31,NTAP.OQ,NETAPP INC ORD,UNITED STATES,0.000639,3205555.0,142706.0,Derived Holdings 2026-04-13 SPY 2017.xlsx,False
SPY,2017-12-31,VRSK.OQ,VERISK ANALYTICS INC ORD,UNITED STATES,0.000639,1846868.0,119170.0,Derived Holdings 2026-04-13 SPY 2017.xlsx,False
SPY,2017-12-31,NWL.O,NEWELL BRANDS INC ORD,UNITED STATES,0.000638,5727738.0,258930.0,Derived Holdings 2026-04-13 SPY 2017.xlsx,False
SPY,2017-12-31,nan,TWENTY-FIRST CENTURY FOX INC ORD,UNITED STATES,0.000638,5191129.0,232706.0,Derived Holdings 2026-04-13 SPY 2017.xlsx,False
SPY,2017-12-31,nan,BATH & BODY WORKS INC ORD,UNITED STATES,0.000637,2935356.0,219410.0,Derived Holdings 2026-04-13 SPY 2017.xlsx,False
SPY,2017-12-31,EXPE.OQ,EXPEDIA GROUP INC ORD,UNITED STATES,0.00063,1460684.0,99118.0,Derived Holdings 2026-04-13 SPY 2017.xlsx,False
SPY,2017-12-31,HST.O,"HOST HOTELS AND RESORTS, INC ORD",UNITED STATES,0.000627,8763508.0,391498.0,Derived Holdings 2026-04-13 SPY 2017.xlsx,False
SPY,2017-12-31,GGP^H18,BROOKFIELD PROPERTY REIT INC ORD,UNITED STATES,0.000626,7424918.0,329904.0,Derived Holdings 2026-04-13 SPY 2017.xlsx,False
SPY,2017-12-31,MSI.N,MOTOROLA SOLUTIONS INC ORD,UNITED STATES,0.000626,1922756.0,86260.0,Derived Holdings 2026-04-13 SPY 2017.xlsx,False
SPY,2017-12-31,ETR.N,ENTERGY CORP ORD,UNITED STATES,0.000623,2123296.0,94582.0,Derived Holdings 2026-04-13 SPY 2017.xlsx,False
SPY,2017-12-31,URI.N,UNITED RENTALS INC ORD,UNITED STATES,0.000616,994265.0,44492.0,Derived Holdings 2026-04-13 SPY 2017.xlsx,False
SPY,2017-12-31,IQV.N,IQVIA HOLDINGS INC ORD,UNITED STATES,0.000611,1731810.0,13754.0,Derived Holdings 2026-04-13 SPY 2017.xlsx,False
SPY,2017-12-31,BEN.N,FRANKLIN RESOURCES INC ORD,UNITED STATES,0.000608,3893949.0,174060.0,Derived Holdings 2026-04-13 SPY 2017.xlsx,False
SPY,2017-12-31,NBL.O^J20,NOBLE ENERGY INC ORD,UNITED STATES,0.000606,5769207.0,257114.0,Derived Holdings 2026-04-13 SPY 2017.xlsx,False
SPY,2017-12-31,MRO.MX,MARATHON OIL CORP ORD,UNITED STATES,0.000606,9933987.0,449610.0,Derived Holdings 2026-04-13 SPY 2017.xlsx,False
SPY,2017-12-31,AEE.N,AMEREN CORP ORD,UNITED STATES,0.000604,2843007.0,128178.0,Derived Holdings 2026-04-13 SPY 2017.xlsx,False
SPY,2017-12-31,ALB.N,ALBEMARLE CORP ORD,UNITED STATES,0.000603,1308970.0,58262.0,Derived Holdings 2026-04-13 SPY 2017.xlsx,False
SPY,2017-12-31,EFX.N,EQUIFAX INC ORD,UNITED STATES,0.000603,1419388.0,63560.0,Derived Holdings 2026-04-13 SPY 2017.xlsx,False
SPY,2017-12-31,SJM.N,J M SMUCKER CO ORD,UNITED STATES,0.000602,1344299.0,59928.0,Derived Holdings 2026-04-13 SPY 2017.xlsx,False
SPY,2017-12-31,CBOE.K,CBOE GLOBAL MARKETS INC ORD,UNITED STATES,0.000602,1341061.0,59928.0,Derived Holdings 2026-04-13 SPY 2017.xlsx,False
SPY,2017-12-31,MAS.N,MASCO CORP ORD,UNITED STATES,0.0006,3789007.0,167830.0,Derived Holdings 2026-04-13 SPY 2017.xlsx,False
SPY,2017-12-31,GPC.N,GENUINE PARTS CO ORD,UNITED STATES,0.000599,1750663.0,77330.0,Derived Holdings 2026-04-13 SPY 2017.xlsx,False
SPY,2017-12-31,MLM.N,MARTIN MARIETTA MATERIALS INC ORD,UNITED STATES,0.000598,750452.0,33596.0,Derived Holdings 2026-04-13 SPY 2017.xlsx,False
SPY,2017-12-31,EQT.N,EQT CORP ORD,UNITED STATES,0.000596,2908402.0,196570.0,Derived Holdings 2026-04-13 SPY 2017.xlsx,False
SPY,2017-12-31,L.N,LOEWS CORP ORD,UNITED STATES,0.000588,3261564.0,146188.0,Derived Holdings 2026-04-13 SPY 2017.xlsx,False
SPY,2017-12-31,IDXX.OQ,IDEXX LABORATORIES INC ORD,UNITED STATES,0.000586,1040660.0,46308.0,Derived Holdings 2026-04-13 SPY 2017.xlsx,False
SPY,2017-12-31,ETFC.O^J20,E*TRADE FINANCIAL CORP ORD,UNITED STATES,0.000586,3281585.0,144980.0,Derived Holdings 2026-04-13 SPY 2017.xlsx,False
SPY,2017-12-31,FTI.N,TECHNIPFMC PLC ORD,UNITED KINGDOM,0.000586,5195317.0,232448.0,Derived Holdings 2026-04-13 SPY 2017.xlsx,False
SPY,2017-12-31,TDG.N,TRANSDIGM GROUP INC ORD,UNITED STATES,0.000582,588072.0,25424.0,Derived Holdings 2026-04-13 SPY 2017.xlsx,False
SPY,2017-12-31,NOV.N,NOV INC ORD,UNITED STATES,0.000582,4483675.0,200818.0,Derived Holdings 2026-04-13 SPY 2017.xlsx,False
SPY,2017-12-31,EMN.N,EASTMAN CHEMICAL CO ORD,UNITED STATES,0.000581,1739145.0,76272.0,Derived Holdings 2026-04-13 SPY 2017.xlsx,False
SPY,2017-12-31,CTRA.K,COTERRA ENERGY INC ORD,UNITED STATES,0.000579,5618974.0,244402.0,Derived Holdings 2026-04-13 SPY 2017.xlsx,False
SPY,2017-12-31,FE.N,FIRSTENERGY CORP ORD,UNITED STATES,0.000578,5242159.0,235322.0,Derived Holdings 2026-04-13 SPY 2017.xlsx,False
SPY,2017-12-31,DGX.N,QUEST DIAGNOSTICS INC ORD,UNITED STATES,0.000577,1625199.0,71882.0,Derived Holdings 2026-04-13 SPY 2017.xlsx,False
SPY,2017-12-31,WYNN.OQ,WYNN RESORTS LTD ORD,UNITED STATES,0.000576,948847.0,42676.0,Derived Holdings 2026-04-13 SPY 2017.xlsx,False
SPY,2017-12-31,BKR.O,BAKER HUGHES CO ORD,UNITED STATES,0.000575,5042052.0,226242.0,Derived Holdings 2026-04-13 SPY 2017.xlsx,False
SPY,2017-12-31,BFb.N,BROWN-FORMAN CORP ORD,UNITED STATES,0.000575,2323515.0,103512.0,Derived Holdings 2026-04-13 SPY 2017.xlsx,False
SPY,2017-12-31,VNO.N,VORNADO REALTY TRUST ORD,UNITED STATES,0.000574,2037111.0,90950.0,Derived Holdings 2026-04-13 SPY 2017.xlsx,False
SPY,2017-12-31,CMS.N,CMS ENERGY CORP ORD,UNITED STATES,0.000571,3351509.0,228162.0,Derived Holdings 2026-04-13 SPY 2017.xlsx,False
SPY,2017-12-31,CTAS.OQ,CINTAS CORP ORD,UNITED STATES,0.000569,1012612.0,45400.0,Derived Holdings 2026-04-13 SPY 2017.xlsx,False
SPY,2017-12-31,BALL.K,BALL CORP ORD,UNITED STATES,0.000566,4148749.0,185990.0,Derived Holdings 2026-04-13 SPY 2017.xlsx,False
SPY,2017-12-31,TSS^I19,TOTAL SYSTEM SERVICES INC ORD,UNITED STATES,0.000563,1977059.0,88984.0,Derived Holdings 2026-04-13 SPY 2017.xlsx,False
SPY,2017-12-31,ULTA.OQ,ULTA BEAUTY INC ORD,UNITED STATES,0.000555,689124.0,30872.0,Derived Holdings 2026-04-13 SPY 2017.xlsx,False
SPY,2017-12-31,CBRE.K,CBRE GROUP INC ORD,UNITED STATES,0.000553,3542763.0,159050.0,Derived Holdings 2026-04-13 SPY 2017.xlsx,False
SPY,2017-12-31,LEN.N,LENNAR CORP ORD,UNITED STATES,0.000548,2406237.0,107294.0,Derived Holdings 2026-04-13 SPY 2017.xlsx,False
SPY,2017-12-31,CHD.N,CHURCH & DWIGHT CO INC ORD,UNITED STATES,0.000547,3024951.0,131810.0,Derived Holdings 2026-04-13 SPY 2017.xlsx,False
SPY,2017-12-31,SNPS.OQ,SYNOPSYS INC ORD,UNITED STATES,0.000545,1773061.0,79146.0,Derived Holdings 2026-04-13 SPY 2017.xlsx,False
SPY,2017-12-31,CTXS.O^J22,CITRIX SYSTEMS INC ORD,UNITED STATES,0.00054,1703249.0,76272.0,Derived Holdings 2026-04-13 SPY 2017.xlsx,False
SPY,2017-12-31,HES.MX,HESS CORP ORD,UNITED STATES,0.000539,3149277.0,142706.0,Derived Holdings 2026-04-13 SPY 2017.xlsx,False
SPY,2017-12-31,CHRW.OQ,CH ROBINSON WORLDWIDE INC ORD,UNITED STATES,0.000536,1668869.0,74306.0,Derived Holdings 2026-04-13 SPY 2017.xlsx,False
SPY,2017-12-31,UNM.N,UNUM GROUP ORD,UNITED STATES,0.000536,2710006.0,118948.0,Derived Holdings 2026-04-13 SPY 2017.xlsx,False
SPY,2017-12-31,ARE.N,ALEXANDRIA REAL ESTATE EQUITIES INC ORD,UNITED STATES,0.000535,1136746.0,115932.0,Derived Holdings 2026-04-13 SPY 2017.xlsx,False
SPY,2017-12-31,ANSS.MX,ANSYS INC ORD,UNITED STATES,0.000535,1006540.0,44642.0,Derived Holdings 2026-04-13 SPY 2017.xlsx,False
SPY,2017-12-31,WHR.N,WHIRLPOOL CORP ORD,UNITED STATES,0.000534,879484.0,38136.0,Derived Holdings 2026-04-13 SPY 2017.xlsx,False
SPY,2017-12-31,FMC.N,FMC CORP ORD,UNITED STATES,0.0005319999999999,1561183.0,70824.0,Derived Holdings 2026-04-13 SPY 2017.xlsx,False
SPY,2017-12-31,TPR.N,TAPESTRY INC ORD,UNITED STATES,0.000531,3330872.0,149212.0,Derived Holdings 2026-04-13 SPY 2017.xlsx,False
SPY,2017-12-31,LKQ.OQ,LKQ CORP ORD,UNITED STATES,0.000526,3592338.0,163440.0,Derived Holdings 2026-04-13 SPY 2017.xlsx,False
SPY,2017-12-31,GWW.N,WW GRAINGER INC ORD,UNITED STATES,0.000525,616632.0,4498.0,Derived Holdings 2026-04-13 SPY 2017.xlsx,False
SPY,2017-12-31,XYL.N,XYLEM INC ORD,UNITED STATES,0.000523,2128656.0,95214.0,Derived Holdings 2026-04-13 SPY 2017.xlsx,False
SPY,2017-12-31,BFH,BREAD FINANCIAL HOLDINGS INC ORD,UNITED STATES,0.000521,570051.0,25424.0,Derived Holdings 2026-04-13 SPY 2017.xlsx,False
SPY,2017-12-31,STX.OQ,SEAGATE TECHNOLOGY HOLDINGS PLC ORD,SINGAPORE,0.00052,3451884.0,152568.0,Derived Holdings 2026-04-13 SPY 2017.xlsx,False
SPY,2017-12-31,MKC.N,MCCORMICK & COMPANY INC ORD,UNITED STATES,0.000518,1409479.0,62802.0,Derived Holdings 2026-04-13 SPY 2017.xlsx,False
SPY,2017-12-31,nan,TRAVEL + LEISURE CO ORD,UNITED STATES,0.000518,1240826.0,54330.0,Derived Holdings 2026-04-13 SPY 2017.xlsx,False
SPY,2017-12-31,NLSN.K^J22,NIELSEN HOLDINGS PLC ORD,UNITED STATES,0.000518,3949853.0,177210.0,Derived Holdings 2026-04-13 SPY 2017.xlsx,False
SPY,2017-12-31,nan,HEALTHPEAK PROPERTIES INC ORD,UNITED STATES,0.000514,5474675.0,248034.0,Derived Holdings 2026-04-13 SPY 2017.xlsx,False
SPY,2017-12-31,CNP.N,CENTERPOINT ENERGY INC ORD,UNITED STATES,0.000513,5022738.0,228058.0,Derived Holdings 2026-04-13 SPY 2017.xlsx,False
SPY,2017-12-31,KMX.N,CARMAX INC ORD,UNITED STATES,0.000511,2212098.0,97006.0,Derived Holdings 2026-04-13 SPY 2017.xlsx,False
SPY,2017-12-31,HOLX.MX,HOLOGIC INC ORD,UNITED STATES,0.000511,3316696.0,147704.0,Derived Holdings 2026-04-13 SPY 2017.xlsx,False
SPY,2017-12-31,DRI.N,DARDEN RESTAURANTS INC ORD,UNITED STATES,0.0005099999999999,1473657.0,66134.0,Derived Holdings 2026-04-13 SPY 2017.xlsx,False
SPY,2017-12-31,IFF.N,INTERNATIONAL FLAVORS & FRAGRANCES INC ORD,UNITED STATES,0.0005099999999999,928033.0,41768.0,Derived Holdings 2026-04-13 SPY 2017.xlsx,False
SPY,2017-12-31,CDNS.OQ,CADENCE DESIGN SYSTEMS INC ORD,UNITED STATES,0.0005099999999999,3383030.0,148304.0,Derived Holdings 2026-04-13 SPY 2017.xlsx,False
SPY,2017-12-31,RMD.N,RESMED INC ORD,UNITED STATES,0.000509,1669640.0,75364.0,Derived Holdings 2026-04-13 SPY 2017.xlsx,False
SPY,2017-12-31,PNR.N,PENTAIR PLC ORD,IRELAND,0.000502,1971447.0,87168.0,Derived Holdings 2026-04-13 SPY 2017.xlsx,False
SPY,2017-12-31,AMG.N,AFFILIATED MANAGERS GROUP INC ORD,UNITED STATES,0.000496,671267.0,29814.0,Derived Holdings 2026-04-13 SPY 2017.xlsx,False
SPY,2017-12-31,RJF.N,RAYMOND JAMES FINANCIAL INC ORD,UNITED STATES,0.000495,1537032.0,68100.0,Derived Holdings 2026-04-13 SPY 2017.xlsx,False
SPY,2017-12-31,EXPD.K,EXPEDITORS INTERNATIONAL OF WASHINGTON INC ORD,UNITED STATES,0.000495,2124908.0,95190.0,Derived Holdings 2026-04-13 SPY 2017.xlsx,False
SPY,2017-12-31,PRGO.N,PERRIGO COMPANY PLC ORD,IRELAND,0.000492,1568014.0,69766.0,Derived Holdings 2026-04-13 SPY 2017.xlsx,False
SPY,2017-12-31,nan,HOWMET AEROSPACE INC ORD,UNITED STATES,0.000491,5004784.0,223518.0,Derived Holdings 2026-04-13 SPY 2017.xlsx,False
SPY,2017-12-31,XEC^J21,CIMAREX ENERGY CO ORD,UNITED STATES,0.000487,1107147.0,50090.0,Derived Holdings 2026-04-13 SPY 2017.xlsx,False
SPY,2017-12-31,AJG.N,ARTHUR J. GALLAGHER & CO. ORD,UNITED STATES,0.000485,2126977.0,95490.0,Derived Holdings 2026-04-13 SPY 2017.xlsx,False
SPY,2017-12-31,PKG.N,PACKAGING CORP OF AMERICA ORD,UNITED STATES,0.000482,1108950.0,49940.0,Derived Holdings 2026-04-13 SPY 2017.xlsx,False
SPY,2017-12-31,IT.N,GARTNER INC ORD,UNITED STATES,0.000482,1086832.0,48124.0,Derived Holdings 2026-04-13 SPY 2017.xlsx,False
SPY,2017-12-31,AKAM.OQ,AKAMAI TECHNOLOGIES INC ORD,UNITED STATES,0.000481,2050652.0,90650.0,Derived Holdings 2026-04-13 SPY 2017.xlsx,False
SPY,2017-12-31,MAA.N,MID-AMERICA APARTMENT COMMUNITIES INC ORD,UNITED STATES,0.000481,1328648.0,59928.0,Derived Holdings 2026-04-13 SPY 2017.xlsx,False
SPY,2017-12-31,DVA.N,DAVITA INC ORD,UNITED STATES,0.000479,1840144.0,80662.0,Derived Holdings 2026-04-13 SPY 2017.xlsx,False
SPY,2017-12-31,KSU^L21,KANSAS CITY SOUTHERN (PRE-MERGER) ORD,UNITED STATES,0.000479,1263847.0,55238.0,Derived Holdings 2026-04-13 SPY 2017.xlsx,False
SPY,2017-12-31,CINF.OQ,CINCINNATI FINANCIAL CORP ORD,UNITED STATES,0.000478,1769254.0,78996.0,Derived Holdings 2026-04-13 SPY 2017.xlsx,False
SPY,2017-12-31,HSIC.OQ,HENRY SCHEIN INC ORD,UNITED STATES,0.000472,1874250.0,83536.0,Derived Holdings 2026-04-13 SPY 2017.xlsx,False
SPY,2017-12-31,PVH.N,PVH CORP ORD,UNITED STATES,0.000471,952753.0,40860.0,Derived Holdings 2026-04-13 SPY 2017.xlsx,False
SPY,2017-12-31,VIAB.O^L19,VIACOM INC ORD,UNITED STATES,0.000463,4173246.0,186290.0,Derived Holdings 2026-04-13 SPY 2017.xlsx,False
SPY,2017-12-31,EXR.N,EXTRA SPACE STORAGE INC ORD,UNITED STATES,0.000461,1461556.0,66434.0,Derived Holdings 2026-04-13 SPY 2017.xlsx,False
SPY,2017-12-31,DISH.O^A24,DISH NETWORK CORP ORD,UNITED STATES,0.00046,2675672.0,120638.0,Derived Holdings 2026-04-13 SPY 2017.xlsx,False
SPY,2017-12-31,JNPR.MX,JUNIPER NETWORKS INC ORD,UNITED STATES,0.00046,4478666.0,200368.0,Derived Holdings 2026-04-13 SPY 2017.xlsx,False
SPY,2017-12-31,TIF^A21,TIFFANY & CO ORD,UNITED STATES,0.000452,1207786.0,53722.0,Derived Holdings 2026-04-13 SPY 2017.xlsx,False
SPY,2017-12-31,nan,COOPER COMPANIES INC ORD,UNITED STATES,0.000449,571834.0,25574.0,Derived Holdings 2026-04-13 SPY 2017.xlsx,False
SPY,2017-12-31,CA.O^K18,CA INC ORD,UNITED STATES,0.000445,3712418.0,166922.0,Derived Holdings 2026-04-13 SPY 2017.xlsx,False
SPY,2017-12-31,VAR^D21,VARIAN MEDICAL SYSTEMS INC ORD,UNITED STATES,0.000444,1109226.0,48274.0,Derived Holdings 2026-04-13 SPY 2017.xlsx,False
SPY,2017-12-31,HAS.OQ,HASBRO INC ORD,UNITED STATES,0.000441,1347014.0,96028.0,Derived Holdings 2026-04-13 SPY 2017.xlsx,False
SPY,2017-12-31,FBIN.K,FORTUNE BRANDS INNOVATIONS INC ORD,UNITED STATES,0.000441,1787624.0,81720.0,Derived Holdings 2026-04-13 SPY 2017.xlsx,False
SPY,2017-12-31,SLG.N,SL GREEN REALTY CORP ORD,UNITED STATES,0.0004379999999999,1204582.0,52514.0,Derived Holdings 2026-04-13 SPY 2017.xlsx,False
SPY,2017-12-31,ZION.OQ,ZIONS BANCORPORATION NA ORD,UNITED STATES,0.000437,2388142.0,106994.0,Derived Holdings 2026-04-13 SPY 2017.xlsx,False
SPY,2017-12-31,BWA.N,BORGWARNER INC ORD,UNITED STATES,0.0004349999999999,2361742.0,104570.0,Derived Holdings 2026-04-13 SPY 2017.xlsx,False
SPY,2017-12-31,VRSN.OQ,"VERISIGN, INC ORD",UNITED STATES,0.000433,1051330.0,45400.0,Derived Holdings 2026-04-13 SPY 2017.xlsx,False
SPY,2017-12-31,UDR.N,UDR INC ORD,UNITED STATES,0.000433,3118153.0,141648.0,Derived Holdings 2026-04-13 SPY 2017.xlsx,False
SPY,2017-12-31,AVY.N,AVERY DENNISON CORP ORD,UNITED STATES,0.000432,1042785.0,46458.0,Derived Holdings 2026-04-13 SPY 2017.xlsx,False
SPY,2017-12-31,REG.O,REGENCY CENTERS CORP ORD,UNITED STATES,0.000431,1729565.0,78088.0,Derived Holdings 2026-04-13 SPY 2017.xlsx,False
SPY,2017-12-31,JBHT.OQ,J B HUNT TRANSPORT SERVICES INC ORD,UNITED STATES,0.000429,1036739.0,45400.0,Derived Holdings 2026-04-13 SPY 2017.xlsx,False
SPY,2017-12-31,nan,GLOBE LIFE INC ORD,UNITED STATES,0.000428,1310541.0,57204.0,Derived Holdings 2026-04-13 SPY 2017.xlsx,False
SPY,2017-12-31,UHS.N,UNIVERSAL HEALTH SERVICES INC ORD,UNITED STATES,0.000428,1048856.0,46308.0,Derived Holdings 2026-04-13 SPY 2017.xlsx,False
SPY,2017-12-31,SNA.N,SNAP-ON INC ORD,UNITED STATES,0.000426,678630.0,30722.0,Derived Holdings 2026-04-13 SPY 2017.xlsx,False
SPY,2017-12-31,IRM.N,IRON MOUNTAIN INC ORD,UNITED STATES,0.000426,3131888.0,136148.0,Derived Holdings 2026-04-13 SPY 2017.xlsx,False
SPY,2017-12-31,TSCO.OQ,TRACTOR SUPPLY CO ORD,UNITED STATES,0.000419,1556496.0,67042.0,Derived Holdings 2026-04-13 SPY 2017.xlsx,False
SPY,2017-12-31,CF.N,CF INDUSTRIES HOLDINGS INC ORD,UNITED STATES,0.000419,2732054.0,123488.0,Derived Holdings 2026-04-13 SPY 2017.xlsx,False
SPY,2017-12-31,LNT.O,ALLIANT ENERGY CORP ORD,UNITED STATES,0.000415,2700481.0,121822.0,Derived Holdings 2026-04-13 SPY 2017.xlsx,False
SPY,2017-12-31,HRL.N,HORMEL FOODS CORP ORD,UNITED STATES,0.000412,3142350.0,142556.0,Derived Holdings 2026-04-13 SPY 2017.xlsx,False
SPY,2017-12-31,DURf.TPRM,DUKE REALTY CORP ORD,UNITED STATES,0.00041,4185760.0,188106.0,Derived Holdings 2026-04-13 SPY 2017.xlsx,False
SPY,2017-12-31,FRT.N,FEDERAL REALTY INVESTMENT TRUST ORD,UNITED STATES,0.000408,853394.0,38136.0,Derived Holdings 2026-04-13 SPY 2017.xlsx,False
SPY,2017-12-31,nan,CAPRI HOLDINGS LTD ORD,UNITED KINGDOM,0.000407,1794320.0,80054.0,Derived Holdings 2026-04-13 SPY 2017.xlsx,False
SPY,2017-12-31,KSS.N,KOHLS CORP ORD,UNITED STATES,0.0004059999999999,2079128.0,88984.0,Derived Holdings 2026-04-13 SPY 2017.xlsx,False
SPY,2017-12-31,XL^I18,XL GROUP LTD ORD,BERMUDA,0.000402,3170278.0,136200.0,Derived Holdings 2026-04-13 SPY 2017.xlsx,False
SPY,2017-12-31,NCLH.N,NORWEGIAN CRUISE LINE HOLDINGS LTD ORD,UNITED STATES,0.000399,2080548.0,94432.0,Derived Holdings 2026-04-13 SPY 2017.xlsx,False
SPY,2017-12-31,COTY.N,COTY INC ORD,UNITED STATES,0.000399,5569500.0,249724.0,Derived Holdings 2026-04-13 SPY 2017.xlsx,False
SPY,2017-12-31,PNW.N,PINNACLE WEST CAPITAL CORP ORD,UNITED STATES,0.000398,1296628.0,59020.0,Derived Holdings 2026-04-13 SPY 2017.xlsx,False
SPY,2017-12-31,CPB.O,CAMPBELL'S CO ORD,UNITED STATES,0.000397,2287444.0,102454.0,Derived Holdings 2026-04-13 SPY 2017.xlsx,False
SPY,2017-12-31,EG,EVEREST GROUP LTD ORD,BERMUDA,0.000386,484000.0,21792.0,Derived Holdings 2026-04-13 SPY 2017.xlsx,False
SPY,2017-12-31,PHM.N,PULTEGROUP INC ORD,UNITED STATES,0.000385,3216212.0,-15904.0,Derived Holdings 2026-04-13 SPY 2017.xlsx,False
SPY,2017-12-31,AOS.N,A O SMITH CORP ORD,UNITED STATES,0.000383,1732470.0,77180.0,Derived Holdings 2026-04-13 SPY 2017.xlsx,False
SPY,2017-12-31,NDAQ.OQ,NASDAQ INC ORD,UNITED STATES,0.000383,1382973.0,107844.0,Derived Holdings 2026-04-13 SPY 2017.xlsx,False
SPY,2017-12-31,ALK.N,ALASKA AIR GROUP INC ORD,UNITED STATES,0.0003819999999999,1443393.0,65376.0,Derived Holdings 2026-04-13 SPY 2017.xlsx,False
SPY,2017-12-31,HOG.N,HARLEY-DAVIDSON INC ORD,UNITED STATES,0.0003819999999999,2082745.0,89742.0,Derived Holdings 2026-04-13 SPY 2017.xlsx,False
SPY,2017-12-31,SEE.SG,SEALED AIR CORP ORD,UNITED STATES,0.000381,2143688.0,-61060.0,Derived Holdings 2026-04-13 SPY 2017.xlsx,False
SPY,2017-12-31,MOS.N,MOSAIC CO ORD,UNITED STATES,0.0003799999999999,4112646.0,185382.0,Derived Holdings 2026-04-13 SPY 2017.xlsx,False
SPY,2017-12-31,WU.N,WESTERN UNION CO ORD,UNITED STATES,0.000376,5493152.0,244860.0,Derived Holdings 2026-04-13 SPY 2017.xlsx,False
SPY,2017-12-31,NRG.N,NRG ENERGY INC ORD,UNITED STATES,0.000374,3643804.0,159050.0,Derived Holdings 2026-04-13 SPY 2017.xlsx,False
SPY,2017-12-31,nan,JEFFERIES FINANCIAL GROUP INC ORD,UNITED STATES,0.00037,3881342.0,166922.0,Derived Holdings 2026-04-13 SPY 2017.xlsx,False
SPY,2017-12-31,NI.N,NISOURCE INC ORD,UNITED STATES,0.00037,3999758.0,338370.0,Derived Holdings 2026-04-13 SPY 2017.xlsx,False
SPY,2017-12-31,FFIV.OQ,F5 INC ORD,UNITED STATES,0.000362,765564.0,33596.0,Derived Holdings 2026-04-13 SPY 2017.xlsx,False
SPY,2017-12-31,QRVO.OQ,QORVO INC ORD,UNITED STATES,0.0003599999999999,1499321.0,67192.0,Derived Holdings 2026-04-13 SPY 2017.xlsx,False
SPY,2017-12-31,AMD.OQ,ADVANCED MICRO DEVICES INC ORD,UNITED STATES,0.0003529999999999,9538852.0,426594.0,Derived Holdings 2026-04-13 SPY 2017.xlsx,False
SPY,2017-12-31,GT.OQ,GOODYEAR TIRE & RUBBER CO ORD,UNITED STATES,0.000347,2978585.0,133026.0,Derived Holdings 2026-04-13 SPY 2017.xlsx,False
SPY,2017-12-31,SNI.O^C18,SCRIPPS NETWORKS INTERACTIVE INC ORD,UNITED STATES,0.000341,1109352.0,50848.0,Derived Holdings 2026-04-13 SPY 2017.xlsx,False
SPY,2017-12-31,nan,JACOBS SOLUTIONS INC ORD,UNITED STATES,0.00034,1428557.0,63560.0,Derived Holdings 2026-04-13 SPY 2017.xlsx,False
SPY,2017-12-31,US4606901001.TRE,INTERPUBLIC GROUP OF COMPANIES INC ORD,UNITED STATES,0.00034,4683500.0,207632.0,Derived Holdings 2026-04-13 SPY 2017.xlsx,False
SPY,2017-12-31,RVTY.K,REVVITY INC ORD,UNITED STATES,0.000334,1268961.0,58112.0,Derived Holdings 2026-04-13 SPY 2017.xlsx,False
SPY,2017-12-31,HN9f.ICEM,HANESBRANDS LLC ORD,UNITED STATES,0.000333,4420663.0,192646.0,Derived Holdings 2026-04-13 SPY 2017.xlsx,False
SPY,2017-12-31,M.N,MACY'S INC ORD,UNITED STATES,0.000328,3613469.0,160866.0,Derived Holdings 2026-04-13 SPY 2017.xlsx,False
SPY,2017-12-31,GAP,GAP INC ORD,UNITED STATES,0.000323,2628117.0,116074.0,Derived Holdings 2026-04-13 SPY 2017.xlsx,False
SPY,2017-12-31,AYI.N,ACUITY INC ORD,UNITED STATES,0.000322,507971.0,22435.0,Derived Holdings 2026-04-13 SPY 2017.xlsx,False
SPY,2017-12-31,KIM.N,KIMCO REALTY CORP ORD,UNITED STATES,0.000322,4920681.0,225334.0,Derived Holdings 2026-04-13 SPY 2017.xlsx,False
SPY,2017-12-31,ALLE.N,ALLEGION PLC ORD,IRELAND,0.0003209999999999,1121008.0,49940.0,Derived Holdings 2026-04-13 SPY 2017.xlsx,False
SPY,2017-12-31,CMG.N,CHIPOTLE MEXICAN GRILL INC ORD,UNITED STATES,0.000309,296650.0,13620.0,Derived Holdings 2026-04-13 SPY 2017.xlsx,False
SPY,2017-12-31,AAP.N,ADVANCE AUTO PARTS INC ORD,UNITED STATES,0.000308,857485.0,39044.0,Derived Holdings 2026-04-13 SPY 2017.xlsx,False
SPY,2017-12-31,MAC.N,MACERICH CO ORD,UNITED STATES,0.000305,1286884.0,57204.0,Derived Holdings 2026-04-13 SPY 2017.xlsx,False
SPY,2017-12-31,RHI.N,ROBERT HALF INC ORD,UNITED STATES,0.000305,1524504.0,66284.0,Derived Holdings 2026-04-13 SPY 2017.xlsx,False
SPY,2017-12-31,FLR.N,FLUOR CORP ORD,UNITED STATES,0.000301,1619496.0,73698.0,Derived Holdings 2026-04-13 SPY 2017.xlsx,False
SPY,2017-12-31,AES.N,AES CORP ORD,UNITED STATES,0.0003,7695694.0,348972.0,Derived Holdings 2026-04-13 SPY 2017.xlsx,False
SPY,2017-12-31,HP.N,HELMERICH AND PAYNE INC ORD,UNITED STATES,0.000294,1260878.0,57204.0,Derived Holdings 2026-04-13 SPY 2017.xlsx,False
SPY,2017-12-31,GRMN.K,GARMIN LTD ORD,SWITZERLAND,0.000293,1365690.0,59020.0,Derived Holdings 2026-04-13 SPY 2017.xlsx,False
SPY,2017-12-31,AIV.N,APARTMENT INVESTMENT AND MANAGEMENT CO ORD,UNITED STATES,0.000288,1828323.0,82778.0,Derived Holdings 2026-04-13 SPY 2017.xlsx,False
SPY,2017-12-31,PBCT.O^D22,PEOPLE'S UNITED FINANCIAL INC ORD,UNITED STATES,0.000275,4078811.0,181900.0,Derived Holdings 2026-04-13 SPY 2017.xlsx,False
SPY,2017-12-31,LEG.N,LEGGETT & PLATT INC ORD,UNITED STATES,0.000272,1580316.0,69916.0,Derived Holdings 2026-04-13 SPY 2017.xlsx,False
SPY,2017-12-31,FLIR.O^E21,TELEDYNE FLIR LLC ORD,UNITED STATES,0.000269,1603231.0,72790.0,Derived Holdings 2026-04-13 SPY 2017.xlsx,False
SPY,2017-12-31,nan,XEROX HOLDINGS CORP ORD,UNITED STATES,0.000264,2512951.0,112742.0,Derived Holdings 2026-04-13 SPY 2017.xlsx,False
SPY,2017-12-31,NFX^B19,NEWFIELD EXPLORATION CO ORD,UNITED STATES,0.000263,2314257.0,105328.0,Derived Holdings 2026-04-13 SPY 2017.xlsx,False
SPY,2017-12-31,NWSA.OQ,NEWS CORP ORD,UNITED STATES,0.000259,4440034.0,201876.0,Derived Holdings 2026-04-13 SPY 2017.xlsx,False
SPY,2017-12-31,RL.N,RALPH LAUREN CORP ORD,UNITED STATES,0.000252,674744.0,29056.0,Derived Holdings 2026-04-13 SPY 2017.xlsx,False
SPY,2017-12-31,PWR.N,QUANTA SERVICES INC ORD,UNITED STATES,0.00025,1771972.0,80204.0,Derived Holdings 2026-04-13 SPY 2017.xlsx,False
SPY,2017-12-31,FL.MX,FOOT LOCKER INC ORD,UNITED STATES,0.000249,1473526.0,-50324.0,Derived Holdings 2026-04-13 SPY 2017.xlsx,False
SPY,2017-12-31,BHF.OQ,BRIGHTHOUSE FINANCIAL INC ORD,UNITED STATES,0.000248,1173678.0,50848.0,Derived Holdings 2026-04-13 SPY 2017.xlsx,False
SPY,2017-12-31,SY9f.TPRM,STERICYCLE INC ORD,UNITED STATES,0.000243,992251.0,45400.0,Derived Holdings 2026-04-13 SPY 2017.xlsx,False
SPY,2017-12-31,AIZ.N,ASSURANT INC ORD,UNITED STATES,0.000239,656964.0,28148.0,Derived Holdings 2026-04-13 SPY 2017.xlsx,False
SPY,2017-12-31,SCG^A19,SCANA CORP ORD,UNITED STATES,0.000239,1667764.0,75364.0,Derived Holdings 2026-04-13 SPY 2017.xlsx,False
SPY,2017-12-31,JWN.MX,NORDSTROM INC ORD,UNITED STATES,0.000234,1372854.0,61744.0,Derived Holdings 2026-04-13 SPY 2017.xlsx,False
SPY,2017-12-31,HRB.N,H & R BLOCK INC ORD,UNITED STATES,0.0002319999999999,2452735.0,110776.0,Derived Holdings 2026-04-13 SPY 2017.xlsx,False
SPY,2017-12-31,FLS.N,FLOWSERVE CORP ORD,UNITED STATES,0.0002309999999999,1519279.0,69008.0,Derived Holdings 2026-04-13 SPY 2017.xlsx,False
SPY,2017-12-31,MAT.OQ,MATTEL INC ORD,UNITED STATES,0.0002199999999999,3970278.0,180992.0,Derived Holdings 2026-04-13 SPY 2017.xlsx,False
SPY,2017-12-31,CSRA.K^D18,CSRA INC ORD,UNITED STATES,0.0002089999999999,1939975.0,86410.0,Derived Holdings 2026-04-13 SPY 2017.xlsx,False
SPY,2017-12-31,DISCK.O^D22,WARNER BROS DISCOVERY INC ORD,UNITED STATES,0.000194,2544878.0,107294.0,Derived Holdings 2026-04-13 SPY 2017.xlsx,False
SPY,2017-12-31,EVHC.K^J18,ENVISION HEALTHCARE CORP ORD,UNITED STATES,0.000171,1375520.0,63710.0,Derived Holdings 2026-04-13 SPY 2017.xlsx,False
SPY,2017-12-31,RRC.N,RANGE RESOURCES CORP ORD,UNITED STATES,0.000165,2682251.0,119098.0,Derived Holdings 2026-04-13 SPY 2017.xlsx,False
SPY,2017-12-31,TRIP.OQ,TRIPADVISOR INC ORD,UNITED STATES,0.000165,1327223.0,57204.0,Derived Holdings 2026-04-13 SPY 2017.xlsx,False
SPY,2017-12-31,nan,CHESAPEAKE ENERGY CORP ORD,UNITED STATES,0.000154,10788040.0,480506.0,Derived Holdings 2026-04-13 SPY 2017.xlsx,False
SPY,2017-12-31,NAVI.OQ,NAVIENT CORP ORD,UNITED STATES,0.00015,3129011.0,-291820.0,Derived Holdings 2026-04-13 SPY 2017.xlsx,False
SPY,2017-12-31,SIG.N,SIGNET JEWELERS LTD ORD,BERMUDA,0.000145,713931.0,31780.0,Derived Holdings 2026-04-13 SPY 2017.xlsx,False
SPY,2017-12-31,nan,WARNER BROS DISCOVERY INC ORD,UNITED STATES,0.000142,1755855.0,81720.0,Derived Holdings 2026-04-13 SPY 2017.xlsx,False
SPY,2017-12-31,PD2f.TPRM,PATTERSON COMPANIES INC ORD,UNITED STATES,0.000127,974932.0,43584.0,Derived Holdings 2026-04-13 SPY 2017.xlsx,False
SPY,2017-12-31,UAA.N,UNDER ARMOUR INC ORD,UNITED STATES,0.0001099999999999,2123913.0,98064.0,Derived Holdings 2026-04-13 SPY 2017.xlsx,False
SPY,2017-12-31,UA.N,UNDER ARMOUR INC ORD,UNITED STATES,0.000103,2137312.0,98064.0,Derived Holdings 2026-04-13 SPY 2017.xlsx,False
SPY,2017-12-31,NWS.OQ,NEWS CORP ORD,UNITED STATES,7.8e-05,1297655.0,64468.0,Derived Holdings 2026-04-13 SPY 2017.xlsx,False
SPY,2018-12-31,MSFT.OQ,MICROSOFT CORP ORD,UNITED STATES,0.036787,88153615.0,1034966.0,Derived Holdings 2026-04-13 SPY 2018.xlsx,False
SPY,2018-12-31,AAPL.OQ,APPLE INC ORD,UNITED STATES,0.033349,51457953.0,-671074.0,Derived Holdings 2026-04-13 SPY 2018.xlsx,False
SPY,2018-12-31,AMZN.OQ,AMAZON.COM INC ORD,UNITED STATES,0.028914,4685487.0,30942.0,Derived Holdings 2026-04-13 SPY 2018.xlsx,False
SPY,2018-12-31,BRKb.N,BERKSHIRE HATHAWAY INC ORD,UNITED STATES,0.018619,22194935.0,47551.0,Derived Holdings 2026-04-13 SPY 2018.xlsx,False
SPY,2018-12-31,JNJ.N,JOHNSON & JOHNSON ORD,UNITED STATES,0.016223,30597637.0,118697.0,Derived Holdings 2026-04-13 SPY 2018.xlsx,False
SPY,2018-12-31,JPM.N,JPMORGAN CHASE & CO ORD,UNITED STATES,0.015221,37949736.0,-233415.0,Derived Holdings 2026-04-13 SPY 2018.xlsx,False
SPY,2018-12-31,GOOG.OQ,ALPHABET INC CLASS C ORD,UNITED STATES,0.014935,3510000.0,12107.0,Derived Holdings 2026-04-13 SPY 2018.xlsx,False
SPY,2018-12-31,META.O,META PLATFORMS INC ORD,UNITED STATES,0.014763,27411142.0,12186.0,Derived Holdings 2026-04-13 SPY 2018.xlsx,False
SPY,2018-12-31,GOOGL.OQ,ALPHABET INC CLASS A ORD,UNITED STATES,0.0146439999999999,3410833.0,14827.0,Derived Holdings 2026-04-13 SPY 2018.xlsx,False
SPY,2018-12-31,XOM.N,EXXON MOBIL CORP ORD,UNITED STATES,0.0135319999999999,48301133.0,200692.0,Derived Holdings 2026-04-13 SPY 2018.xlsx,False
SPY,2018-12-31,PFE.N,PFIZER INC ORD,UNITED STATES,0.011832,65974375.0,-624971.0,Derived Holdings 2026-04-13 SPY 2018.xlsx,False
SPY,2018-12-31,UNH.N,UNITEDHEALTH GROUP INC ORD,UNITED STATES,0.011233,10975003.0,40468.0,Derived Holdings 2026-04-13 SPY 2018.xlsx,False
SPY,2018-12-31,VZ.N,VERIZON COMMUNICATIONS INC ORD,UNITED STATES,0.010889,47139807.0,196853.0,Derived Holdings 2026-04-13 SPY 2018.xlsx,False
SPY,2018-12-31,V.N,VISA INC ORD,UNITED STATES,0.0108709999999999,20053784.0,-130851.0,Derived Holdings 2026-04-13 SPY 2018.xlsx,False
SPY,2018-12-31,PG.N,PROCTER & GAMBLE CO ORD,UNITED STATES,0.0107339999999999,28422014.0,142607.0,Derived Holdings 2026-04-13 SPY 2018.xlsx,False
SPY,2018-12-31,BAC.N,BANK OF AMERICA CORP ORD,UNITED STATES,0.0105469999999999,104182380.0,-1350851.0,Derived Holdings 2026-04-13 SPY 2018.xlsx,False
SPY,2018-12-31,INTC.OQ,INTEL CORP ORD,UNITED STATES,0.010043,52084325.0,-301188.0,Derived Holdings 2026-04-13 SPY 2018.xlsx,False
SPY,2018-12-31,CVX.N,CHEVRON CORP ORD,UNITED STATES,0.009744,21800726.0,31294.0,Derived Holdings 2026-04-13 SPY 2018.xlsx,False
SPY,2018-12-31,T.N,AT&T INC ORD,UNITED STATES,0.009735,83024681.0,521226.0,Derived Holdings 2026-04-13 SPY 2018.xlsx,False
SPY,2018-12-31,MRK.N,MERCK & CO INC ORD,UNITED STATES,0.00932,29686579.0,-528254.0,Derived Holdings 2026-04-13 SPY 2018.xlsx,False
SPY,2018-12-31,WFC.N,WELLS FARGO & CO ORD,UNITED STATES,0.009157,48365319.0,-879128.0,Derived Holdings 2026-04-13 SPY 2018.xlsx,False
SPY,2018-12-31,CSCO.OQ,CISCO SYSTEMS INC ORD,UNITED STATES,0.009136,51317539.0,-617538.0,Derived Holdings 2026-04-13 SPY 2018.xlsx,False
SPY,2018-12-31,HD.N,HOME DEPOT INC ORD,UNITED STATES,0.0091,12891329.0,-107199.0,Derived Holdings 2026-04-13 SPY 2018.xlsx,False
SPY,2018-12-31,KO.N,COCA-COLA CO ORD,UNITED STATES,0.008502,43702949.0,217298.0,Derived Holdings 2026-04-13 SPY 2018.xlsx,False
SPY,2018-12-31,MA.N,MASTERCARD INC ORD,UNITED STATES,0.008023,10351319.0,-13361.0,Derived Holdings 2026-04-13 SPY 2018.xlsx,False
SPY,2018-12-31,BA.N,BOEING CO ORD,UNITED STATES,0.007987,6027470.0,-42634.0,Derived Holdings 2026-04-13 SPY 2018.xlsx,False
SPY,2018-12-31,DIS.N,WALT DISNEY CO ORD,UNITED STATES,0.007651,16982573.0,85915.0,Derived Holdings 2026-04-13 SPY 2018.xlsx,False
SPY,2018-12-31,PEP.OQ,PEPSICO INC ORD,UNITED STATES,0.00731,16104387.0,36260.0,Derived Holdings 2026-04-13 SPY 2018.xlsx,False
SPY,2018-12-31,CMCSA.OQ,COMCAST CORP ORD,UNITED STATES,0.0072529999999999,51846651.0,-63387.0,Derived Holdings 2026-04-13 SPY 2018.xlsx,False
SPY,2018-12-31,ABBV.N,ABBVIE INC ORD,UNITED STATES,0.006508,17182231.0,-21456.0,Derived Holdings 2026-04-13 SPY 2018.xlsx,False
SPY,2018-12-31,MCD.N,MCDONALD'S CORP ORD,UNITED STATES,0.006422,8802745.0,-10992.0,Derived Holdings 2026-04-13 SPY 2018.xlsx,False
SPY,2018-12-31,WMT.O,WALMART INC ORD,UNITED STATES,0.006232,16284611.0,-19502.0,Derived Holdings 2026-04-13 SPY 2018.xlsx,False
SPY,2018-12-31,nan,USD CASH,UNITED STATES,0.005988,1457412081.0,51722948.0,Derived Holdings 2026-04-13 SPY 2018.xlsx,False
SPY,2018-12-31,C.N,CITIGROUP INC ORD,UNITED STATES,0.005965,27886189.0,-705089.0,Derived Holdings 2026-04-13 SPY 2018.xlsx,False
SPY,2018-12-31,ABT.N,ABBOTT LABORATORIES ORD,UNITED STATES,0.005954,20036099.0,105327.0,Derived Holdings 2026-04-13 SPY 2018.xlsx,False
SPY,2018-12-31,AMGN.OQ,AMGEN INC ORD,UNITED STATES,0.005817,7272735.0,-80893.0,Derived Holdings 2026-04-13 SPY 2018.xlsx,False
SPY,2018-12-31,nan,DUPONT DE NEMOURS INC ORD,UNITED STATES,0.005753,26181380.0,-32712.0,Derived Holdings 2026-04-13 SPY 2018.xlsx,False
SPY,2018-12-31,MDT.N,MEDTRONIC PLC ORD,IRELAND,0.0057269999999999,15323894.0,-19152.0,Derived Holdings 2026-04-13 SPY 2018.xlsx,False
SPY,2018-12-31,NFLX.OQ,NETFLIX INC ORD,UNITED STATES,0.005471,4974777.0,27582.0,Derived Holdings 2026-04-13 SPY 2018.xlsx,False
SPY,2018-12-31,ORCL.N,ORACLE CORP ORD,UNITED STATES,0.005385,29031597.0,-3078188.0,Derived Holdings 2026-04-13 SPY 2018.xlsx,False
SPY,2018-12-31,MMM.N,3M CO ORD,UNITED STATES,0.0052049999999999,6649048.0,-8304.0,Derived Holdings 2026-04-13 SPY 2018.xlsx,False
SPY,2018-12-31,ADBE.OQ,ADOBE INC ORD,UNITED STATES,0.0051639999999999,5555658.0,-7361.0,Derived Holdings 2026-04-13 SPY 2018.xlsx,False
SPY,2018-12-31,LLY.N,ELI LILLY AND CO ORD,UNITED STATES,0.005116,10760648.0,-87235.0,Derived Holdings 2026-04-13 SPY 2018.xlsx,False
SPY,2018-12-31,AVGO.OQ,BROADCOM INC ORD,UNITED STATES,0.004934,4722933.0,-181295.0,Derived Holdings 2026-04-13 SPY 2018.xlsx,False
SPY,2018-12-31,CRM.N,SALESFORCE INC ORD,UNITED STATES,0.00491,8724624.0,127706.0,Derived Holdings 2026-04-13 SPY 2018.xlsx,False
SPY,2018-12-31,PM.N,PHILIP MORRIS INTERNATIONAL INC ORD,UNITED STATES,0.004864,17734404.0,73718.0,Derived Holdings 2026-04-13 SPY 2018.xlsx,False
SPY,2018-12-31,IBM.N,INTERNATIONAL BUSINESS MACHINES CORP ORD,UNITED STATES,0.004837,10356728.0,-13361.0,Derived Holdings 2026-04-13 SPY 2018.xlsx,False
SPY,2018-12-31,UNP.N,UNION PACIFIC CORP ORD,UNITED STATES,0.004765,8389976.0,-10913.0,Derived Holdings 2026-04-13 SPY 2018.xlsx,False
SPY,2018-12-31,PYPL.OQ,PAYPAL HOLDINGS INC ORD,UNITED STATES,0.00464,13430551.0,-17201.0,Derived Holdings 2026-04-13 SPY 2018.xlsx,False
SPY,2018-12-31,HON.O,HONEYWELL INTERNATIONAL INC ORD,UNITED STATES,0.004574,8425806.0,-10961.0,Derived Holdings 2026-04-13 SPY 2018.xlsx,False
SPY,2018-12-31,NKE.N,NIKE INC ORD,UNITED STATES,0.004421,14513505.0,-18407.0,Derived Holdings 2026-04-13 SPY 2018.xlsx,False
SPY,2018-12-31,MO.N,ALTRIA GROUP INC ORD,UNITED STATES,0.004335,21365100.0,-28250.0,Derived Holdings 2026-04-13 SPY 2018.xlsx,False
SPY,2018-12-31,TXN.OQ,TEXAS INSTRUMENTS INC ORD,UNITED STATES,0.0042559999999999,10962030.0,-83201.0,Derived Holdings 2026-04-13 SPY 2018.xlsx,False
SPY,2018-12-31,TMO.N,THERMO FISHER SCIENTIFIC INC ORD,UNITED STATES,0.004223,4592948.0,21663.0,Derived Holdings 2026-04-13 SPY 2018.xlsx,False
SPY,2018-12-31,ACN.N,ACCENTURE PLC ORD,IRELAND,0.004212,7270016.0,-9497.0,Derived Holdings 2026-04-13 SPY 2018.xlsx,False
SPY,2018-12-31,COST.OQ,COSTCO WHOLESALE CORP ORD,UNITED STATES,0.004184,4999506.0,22459.0,Derived Holdings 2026-04-13 SPY 2018.xlsx,False
SPY,2018-12-31,nan,RTX CORP ORD,UNITED STATES,0.00405,9258143.0,42727.0,Derived Holdings 2026-04-13 SPY 2018.xlsx,False
SPY,2018-12-31,nan,LINDE PLC ORD,UNITED KINGDOM,0.00403,6286575.0,,Derived Holdings 2026-04-13 SPY 2018.xlsx,False
SPY,2018-12-31,BMY.N,BRISTOL-MYERS SQUIBB CO ORD,UNITED STATES,0.003977,18620659.0,73914.0,Derived Holdings 2026-04-13 SPY 2018.xlsx,False
SPY,2018-12-31,CVS.N,CVS HEALTH CORP ORD,UNITED STATES,0.003965,14729776.0,8726.0,Derived Holdings 2026-04-13 SPY 2018.xlsx,False
SPY,2018-12-31,NEE.N,NEXTERA ENERGY INC ORD,UNITED STATES,0.0038929999999999,5450664.0,90779.0,Derived Holdings 2026-04-13 SPY 2018.xlsx,False
SPY,2018-12-31,NVDA.OQ,NVIDIA CORP ORD,UNITED STATES,0.0038169999999999,6958337.0,50946.0,Derived Holdings 2026-04-13 SPY 2018.xlsx,False
SPY,2018-12-31,GILD.OQ,GILEAD SCIENCES INC ORD,UNITED STATES,0.00378,14708025.0,-19659.0,Derived Holdings 2026-04-13 SPY 2018.xlsx,False
SPY,2018-12-31,SBUX.OQ,STARBUCKS CORP ORD,UNITED STATES,0.003745,14153503.0,75508.0,Derived Holdings 2026-04-13 SPY 2018.xlsx,False
SPY,2018-12-31,BKNG.OQ,BOOKING HOLDINGS INC ORD,UNITED STATES,0.0037419999999999,528740.0,-10772.0,Derived Holdings 2026-04-13 SPY 2018.xlsx,False
SPY,2018-12-31,CAT.N,CATERPILLAR INC ORD,UNITED STATES,0.003517,6736567.0,-8424.0,Derived Holdings 2026-04-13 SPY 2018.xlsx,False
SPY,2018-12-31,LOW.N,LOWE'S COMPANIES INC ORD,UNITED STATES,0.003493,9205548.0,-10646.0,Derived Holdings 2026-04-13 SPY 2018.xlsx,False
SPY,2018-12-31,COP.N,CONOCOPHILLIPS ORD,UNITED STATES,0.003378,13187102.0,-15614.0,Derived Holdings 2026-04-13 SPY 2018.xlsx,False
SPY,2018-12-31,CI.N,CIGNA GROUP ORD,UNITED STATES,0.003327,4263952.0,1501923.0,Derived Holdings 2026-04-13 SPY 2018.xlsx,False
SPY,2018-12-31,AMT.N,AMERICAN TOWER CORP ORD,UNITED STATES,0.003266,5025099.0,16810.0,Derived Holdings 2026-04-13 SPY 2018.xlsx,False
SPY,2018-12-31,USB.N,US BANCORP ORD,UNITED STATES,0.003263,17379275.0,-21271.0,Derived Holdings 2026-04-13 SPY 2018.xlsx,False
SPY,2018-12-31,QCOM.OQ,QUALCOMM INC ORD,UNITED STATES,0.0032329999999999,13828977.0,57616.0,Derived Holdings 2026-04-13 SPY 2018.xlsx,False
SPY,2018-12-31,ELV,ELEVANCE HEALTH INC ORD,UNITED STATES,0.003184,2951069.0,-3696.0,Derived Holdings 2026-04-13 SPY 2018.xlsx,False
SPY,2018-12-31,UPS.N,UNITED PARCEL SERVICE INC ORD,UNITED STATES,0.003178,7930984.0,50185.0,Derived Holdings 2026-04-13 SPY 2018.xlsx,False
SPY,2018-12-31,CME.OQ,CME GROUP INC ORD,UNITED STATES,0.003154,4080071.0,64084.0,Derived Holdings 2026-04-13 SPY 2018.xlsx,False
SPY,2018-12-31,AXP.N,AMERICAN EXPRESS CO ORD,UNITED STATES,0.003139,8014600.0,-9583.0,Derived Holdings 2026-04-13 SPY 2018.xlsx,False
SPY,2018-12-31,GE.N,GENERAL ELECTRIC CO ORD,UNITED STATES,0.0030859999999999,99228935.0,450770.0,Derived Holdings 2026-04-13 SPY 2018.xlsx,False
SPY,2018-12-31,LMT.N,LOCKHEED MARTIN CORP ORD,UNITED STATES,0.003024,2810884.0,-3929.0,Derived Holdings 2026-04-13 SPY 2018.xlsx,False
SPY,2018-12-31,DHR.N,DANAHER CORP ORD,UNITED STATES,0.0029809999999999,7036405.0,37851.0,Derived Holdings 2026-04-13 SPY 2018.xlsx,False
SPY,2018-12-31,DUK.N,DUKE ENERGY CORP ORD,UNITED STATES,0.002884,8132575.0,35321.0,Derived Holdings 2026-04-13 SPY 2018.xlsx,False
SPY,2018-12-31,BIIB.OQ,BIOGEN INC ORD,UNITED STATES,0.002842,2298491.0,9919.0,Derived Holdings 2026-04-13 SPY 2018.xlsx,False
SPY,2018-12-31,BDX.N,BECTON DICKINSON AND CO ORD,UNITED STATES,0.002833,3060304.0,19283.0,Derived Holdings 2026-04-13 SPY 2018.xlsx,False
SPY,2018-12-31,CB.N,CHUBB LIMITED ORD,SWITZERLAND,0.002791,5258197.0,-6576.0,Derived Holdings 2026-04-13 SPY 2018.xlsx,False
SPY,2018-12-31,MDLZ.OQ,MONDELEZ INTERNATIONAL INC ORD,UNITED STATES,0.0027389999999999,16654088.0,-19934.0,Derived Holdings 2026-04-13 SPY 2018.xlsx,False
SPY,2018-12-31,GS.N,GOLDMAN SACHS GROUP INC ORD,UNITED STATES,0.00271,3947943.0,-42643.0,Derived Holdings 2026-04-13 SPY 2018.xlsx,False
SPY,2018-12-31,ADP.OQ,AUTOMATIC DATA PROCESSING INC ORD,UNITED STATES,0.002679,4972792.0,-6641.0,Derived Holdings 2026-04-13 SPY 2018.xlsx,False
SPY,2018-12-31,TJX.N,TJX COMPANIES INC ORD,UNITED STATES,0.002614,14218833.0,-15234.0,Derived Holdings 2026-04-13 SPY 2018.xlsx,False
SPY,2018-12-31,WBA.MX,WALGREENS BOOTS ALLIANCE INC ORD,UNITED STATES,0.002579,9184767.0,-380752.0,Derived Holdings 2026-04-13 SPY 2018.xlsx,False
SPY,2018-12-31,ISRG.OQ,INTUITIVE SURGICAL INC ORD,UNITED STATES,0.0025629999999999,1302526.0,9767.0,Derived Holdings 2026-04-13 SPY 2018.xlsx,False
SPY,2018-12-31,PNC.N,PNC FINANCIAL SERVICES GROUP INC ORD,UNITED STATES,0.002531,5269972.0,-6576.0,Derived Holdings 2026-04-13 SPY 2018.xlsx,False
SPY,2018-12-31,MS.N,MORGAN STANLEY ORD,UNITED STATES,0.002431,14920565.0,-146742.0,Derived Holdings 2026-04-13 SPY 2018.xlsx,False
SPY,2018-12-31,SPG.N,SIMON PROPERTY GROUP INC ORD,UNITED STATES,0.002422,3509308.0,-4817.0,Derived Holdings 2026-04-13 SPY 2018.xlsx,False
SPY,2018-12-31,CL.N,COLGATE-PALMOLIVE CO ORD,UNITED STATES,0.002405,9834782.0,-13162.0,Derived Holdings 2026-04-13 SPY 2018.xlsx,False
SPY,2018-12-31,INTU.OQ,INTUIT INC ORD,UNITED STATES,0.002395,2960766.0,19203.0,Derived Holdings 2026-04-13 SPY 2018.xlsx,False
SPY,2018-12-31,nan,TWENTY-FIRST CENTURY FOX INC ORD,UNITED STATES,0.002384,12057667.0,82623.0,Derived Holdings 2026-04-13 SPY 2018.xlsx,False
SPY,2018-12-31,CHTR.OQ,CHARTER COMMUNICATIONS INC ORD,UNITED STATES,0.002372,2025911.0,-2520.0,Derived Holdings 2026-04-13 SPY 2018.xlsx,False
SPY,2018-12-31,EOG.N,EOG RESOURCES INC ORD,UNITED STATES,0.002355,6573668.0,-9483.0,Derived Holdings 2026-04-13 SPY 2018.xlsx,False
SPY,2018-12-31,CSX.OQ,CSX CORP ORD,UNITED STATES,0.002337,9156426.0,-110143.0,Derived Holdings 2026-04-13 SPY 2018.xlsx,False
SPY,2018-12-31,SLB.N,SLB NV ORD,UNITED STATES,0.002329,15708788.0,-21757.0,Derived Holdings 2026-04-13 SPY 2018.xlsx,False
SPY,2018-12-31,SCHW.N,CHARLES SCHWAB CORP ORD,UNITED STATES,0.002329,13647872.0,-18740.0,Derived Holdings 2026-04-13 SPY 2018.xlsx,False
SPY,2018-12-31,BSX.N,BOSTON SCIENTIFIC CORP ORD,UNITED STATES,0.0022789999999999,15696192.0,-21733.0,Derived Holdings 2026-04-13 SPY 2018.xlsx,False
SPY,2018-12-31,SYK.N,STRYKER CORP ORD,UNITED STATES,0.002268,3521646.0,-5242.0,Derived Holdings 2026-04-13 SPY 2018.xlsx,False
SPY,2018-12-31,BLK.N,BLACKROCK INC ORD,UNITED STATES,0.002247,1392130.0,-1327.0,Derived Holdings 2026-04-13 SPY 2018.xlsx,False
SPY,2018-12-31,DE.N,DEERE & CO ORD,UNITED STATES,0.002234,3645803.0,-4985.0,Derived Holdings 2026-04-13 SPY 2018.xlsx,False
SPY,2018-12-31,D.N,DOMINION ENERGY INC ORD,UNITED STATES,0.002199,7488288.0,57736.0,Derived Holdings 2026-04-13 SPY 2018.xlsx,False
SPY,2018-12-31,OXY.N,OCCIDENTAL PETROLEUM CORP ORD,UNITED STATES,0.002189,8678398.0,-9573.0,Derived Holdings 2026-04-13 SPY 2018.xlsx,False
SPY,2018-12-31,SO.N,SOUTHERN CO ORD,UNITED STATES,0.002117,11733058.0,206824.0,Derived Holdings 2026-04-13 SPY 2018.xlsx,False
SPY,2018-12-31,CELG.OQ,CELGENE CORP ORD,UNITED STATES,0.002102,7983174.0,-10223.0,Derived Holdings 2026-04-13 SPY 2018.xlsx,False
SPY,2018-12-31,CCI.N,CROWN CASTLE INC ORD,UNITED STATES,0.002101,4706390.0,-6568.0,Derived Holdings 2026-04-13 SPY 2018.xlsx,False
SPY,2018-12-31,ILMN.OQ,ILLUMINA INC ORD,UNITED STATES,0.002055,1667861.0,-2088.0,Derived Holdings 2026-04-13 SPY 2018.xlsx,False
SPY,2018-12-31,GM.N,GENERAL MOTORS CO ORD,UNITED STATES,0.0020469999999999,14896388.0,-20725.0,Derived Holdings 2026-04-13 SPY 2018.xlsx,False
SPY,2018-12-31,GD.N,GENERAL DYNAMICS CORP ORD,UNITED STATES,0.002042,3161644.0,-3800.0,Derived Holdings 2026-04-13 SPY 2018.xlsx,False
SPY,2018-12-31,RTN^D20,RAYTHEON CO ORD,UNITED STATES,0.0020369999999999,3232794.0,-4457.0,Derived Holdings 2026-04-13 SPY 2018.xlsx,False
SPY,2018-12-31,EXC.O,EXELON CORP ORD,UNITED STATES,0.002031,10958172.0,-15404.0,Derived Holdings 2026-04-13 SPY 2018.xlsx,False
SPY,2018-12-31,BK.N,BANK OF NEW YORK MELLON CORP ORD,UNITED STATES,0.002018,10435117.0,-12020.0,Derived Holdings 2026-04-13 SPY 2018.xlsx,False
SPY,2018-12-31,ICE.N,INTERCONTINENTAL EXCHANGE INC ORD,UNITED STATES,0.002014,6508567.0,-7974.0,Derived Holdings 2026-04-13 SPY 2018.xlsx,False
SPY,2018-12-31,SPGI.N,S&P GLOBAL INC ORD,UNITED STATES,0.001991,2852087.0,-3576.0,Derived Holdings 2026-04-13 SPY 2018.xlsx,False
SPY,2018-12-31,NOC.N,NORTHROP GRUMMAN CORP ORD,UNITED STATES,0.001988,1975639.0,-2472.0,Derived Holdings 2026-04-13 SPY 2018.xlsx,False
SPY,2018-12-31,AGN^E20,ALLERGAN PLC ORD,IRELAND,0.001988,3620441.0,-4512.0,Derived Holdings 2026-04-13 SPY 2018.xlsx,False
SPY,2018-12-31,VRTX.OQ,VERTEX PHARMACEUTICALS INC ORD,UNITED STATES,0.001975,2900545.0,-4049.0,Derived Holdings 2026-04-13 SPY 2018.xlsx,False
SPY,2018-12-31,ZTS.N,ZOETIS INC ORD,UNITED STATES,0.001918,5456565.0,-7103.0,Derived Holdings 2026-04-13 SPY 2018.xlsx,False
SPY,2018-12-31,NSC.N,NORFOLK SOUTHERN CORP ORD,UNITED STATES,0.00191,3109333.0,-65985.0,Derived Holdings 2026-04-13 SPY 2018.xlsx,False
SPY,2018-12-31,MPC.N,MARATHON PETROLEUM CORP ORD,UNITED STATES,0.0019089999999999,7874500.0,271183.0,Derived Holdings 2026-04-13 SPY 2018.xlsx,False
SPY,2018-12-31,MET.N,METLIFE INC ORD,UNITED STATES,0.001905,11291159.0,-13262.0,Derived Holdings 2026-04-13 SPY 2018.xlsx,False
SPY,2018-12-31,MRSH.K,MARSH & MCLENNAN COMPANIES INC ORD,UNITED STATES,0.001874,5718591.0,-7577.0,Derived Holdings 2026-04-13 SPY 2018.xlsx,False
SPY,2018-12-31,KMB.O,KIMBERLY-CLARK CORP ORD,UNITED STATES,0.001843,3936940.0,-5345.0,Derived Holdings 2026-04-13 SPY 2018.xlsx,False
SPY,2018-12-31,HUM.N,HUMANA INC ORD,UNITED STATES,0.001839,1562799.0,-2369.0,Derived Holdings 2026-04-13 SPY 2018.xlsx,False
SPY,2018-12-31,FDX.N,FEDEX CORP ORD,UNITED STATES,0.001826,2755508.0,-3456.0,Derived Holdings 2026-04-13 SPY 2018.xlsx,False
SPY,2018-12-31,ITW.N,ILLINOIS TOOL WORKS INC ORD,UNITED STATES,0.001823,3502955.0,-3943.0,Derived Holdings 2026-04-13 SPY 2018.xlsx,False
SPY,2018-12-31,ECL.N,ECOLAB INC ORD,UNITED STATES,0.0017469999999999,2884915.0,-4025.0,Derived Holdings 2026-04-13 SPY 2018.xlsx,False
SPY,2018-12-31,EMR.N,EMERSON ELECTRIC CO ORD,UNITED STATES,0.001746,7113425.0,-9329.0,Derived Holdings 2026-04-13 SPY 2018.xlsx,False
SPY,2018-12-31,PLD.N,PROLOGIS INC ORD,UNITED STATES,0.001723,7142250.0,-9778.0,Derived Holdings 2026-04-13 SPY 2018.xlsx,False
SPY,2018-12-31,AEP.O,AMERICAN ELECTRIC POWER COMPANY INC ORD,UNITED STATES,0.001717,5592320.0,-7834.0,Derived Holdings 2026-04-13 SPY 2018.xlsx,False
SPY,2018-12-31,PSX.N,PHILLIPS 66 ORD,UNITED STATES,0.001716,4849146.0,-6048.0,Derived Holdings 2026-04-13 SPY 2018.xlsx,False
SPY,2018-12-31,CTSH.OQ,COGNIZANT TECHNOLOGY SOLUTIONS CORP ORD,UNITED STATES,0.001714,6570825.0,-8657.0,Derived Holdings 2026-04-13 SPY 2018.xlsx,False
SPY,2018-12-31,COF.N,CAPITAL ONE FINANCIAL CORP ORD,UNITED STATES,0.001687,5430585.0,-5942.0,Derived Holdings 2026-04-13 SPY 2018.xlsx,False
SPY,2018-12-31,MU.OQ,MICRON TECHNOLOGY INC ORD,UNITED STATES,0.001668,12792032.0,-384574.0,Derived Holdings 2026-04-13 SPY 2018.xlsx,False
SPY,2018-12-31,ATVIn.BCU,ACTIVISION BLIZZARD INC ORD,UNITED STATES,0.001656,8653163.0,-12075.0,Derived Holdings 2026-04-13 SPY 2018.xlsx,False
SPY,2018-12-31,AON.N,AON PLC ORD,IRELAND,0.001643,2750414.0,-3432.0,Derived Holdings 2026-04-13 SPY 2018.xlsx,False
SPY,2018-12-31,PGR.N,PROGRESSIVE CORP ORD,UNITED STATES,0.00164,6615252.0,-9369.0,Derived Holdings 2026-04-13 SPY 2018.xlsx,False
SPY,2018-12-31,APD.N,AIR PRODUCTS AND CHEMICALS INC ORD,UNITED STATES,0.0016359999999999,2488136.0,-3120.0,Derived Holdings 2026-04-13 SPY 2018.xlsx,False
SPY,2018-12-31,WM.N,WASTE MANAGEMENT INC ORD,UNITED STATES,0.001633,4466932.0,-5592.0,Derived Holdings 2026-04-13 SPY 2018.xlsx,False
SPY,2018-12-31,AFL.N,AFLAC INC ORD,UNITED STATES,0.0016289999999999,8703768.0,-9955.0,Derived Holdings 2026-04-13 SPY 2018.xlsx,False
SPY,2018-12-31,AIG.N,AMERICAN INTERNATIONAL GROUP INC ORD,UNITED STATES,0.0016289999999999,10061407.0,-13025.0,Derived Holdings 2026-04-13 SPY 2018.xlsx,False
SPY,2018-12-31,TGT.N,TARGET CORP ORD,UNITED STATES,0.0016189999999999,5961452.0,-7039.0,Derived Holdings 2026-04-13 SPY 2018.xlsx,False
SPY,2018-12-31,PRU.N,PRUDENTIAL FINANCIAL INC ORD,UNITED STATES,0.001589,4742062.0,-5479.0,Derived Holdings 2026-04-13 SPY 2018.xlsx,False
SPY,2018-12-31,FIS.N,FIDELITY NATIONAL INFORMATION SERVICES INC ORD,UNITED STATES,0.00157,3726711.0,-5081.0,Derived Holdings 2026-04-13 SPY 2018.xlsx,False
SPY,2018-12-31,HCA.N,HCA HEALTHCARE INC ORD,UNITED STATES,0.001566,3062662.0,-4079.0,Derived Holdings 2026-04-13 SPY 2018.xlsx,False
SPY,2018-12-31,nan,TRUIST FINANCIAL CORP ORD,UNITED STATES,0.0015609999999999,8770330.0,-11393.0,Derived Holdings 2026-04-13 SPY 2018.xlsx,False
SPY,2018-12-31,BAX.N,BAXTER INTERNATIONAL INC ORD,UNITED STATES,0.0015249999999999,5637493.0,-7457.0,Derived Holdings 2026-04-13 SPY 2018.xlsx,False
SPY,2018-12-31,SHW.N,SHERWIN-WILLIAMS CO ORD,UNITED STATES,0.0015199999999999,940171.0,9924.0,Derived Holdings 2026-04-13 SPY 2018.xlsx,False
SPY,2018-12-31,HPQ.N,HP INC ORD,UNITED STATES,0.001509,17954021.0,-24565.0,Derived Holdings 2026-04-13 SPY 2018.xlsx,False
SPY,2018-12-31,AMAT.OQ,APPLIED MATERIALS INC ORD,UNITED STATES,0.0015,11154198.0,-15219.0,Derived Holdings 2026-04-13 SPY 2018.xlsx,False
SPY,2018-12-31,EW.N,EDWARDS LIFESCIENCES CORP ORD,UNITED STATES,0.001497,2379569.0,-2976.0,Derived Holdings 2026-04-13 SPY 2018.xlsx,False
SPY,2018-12-31,VLO.N,VALERO ENERGY CORP ORD,UNITED STATES,0.001492,4844409.0,-6048.0,Derived Holdings 2026-04-13 SPY 2018.xlsx,False
SPY,2018-12-31,TRV.N,TRAVELERS COMPANIES INC ORD,UNITED STATES,0.001492,3031972.0,-3367.0,Derived Holdings 2026-04-13 SPY 2018.xlsx,False
SPY,2018-12-31,ADI.OQ,ANALOG DEVICES INC ORD,UNITED STATES,0.001487,4217341.0,-5280.0,Derived Holdings 2026-04-13 SPY 2018.xlsx,False
SPY,2018-12-31,DAL.N,DELTA AIR LINES INC ORD,UNITED STATES,0.001464,7139746.0,-8503.0,Derived Holdings 2026-04-13 SPY 2018.xlsx,False
SPY,2018-12-31,ROST.OQ,ROSS STORES INC ORD,UNITED STATES,0.001461,4274760.0,-5328.0,Derived Holdings 2026-04-13 SPY 2018.xlsx,False
SPY,2018-12-31,MAR.OQ,MARRIOTT INTERNATIONAL INC ORD,UNITED STATES,0.001458,3269086.0,-3230.0,Derived Holdings 2026-04-13 SPY 2018.xlsx,False
SPY,2018-12-31,RHT^G19,RED HAT INC ORD,UNITED STATES,0.001451,2010572.0,-2520.0,Derived Holdings 2026-04-13 SPY 2018.xlsx,False
SPY,2018-12-31,PSA.N,PUBLIC STORAGE ORD,UNITED STATES,0.001414,1700409.0,-2136.0,Derived Holdings 2026-04-13 SPY 2018.xlsx,False
SPY,2018-12-31,SYY.N,SYSCO CORP ORD,UNITED STATES,0.0013969999999999,5426911.0,-7618.0,Derived Holdings 2026-04-13 SPY 2018.xlsx,False
SPY,2018-12-31,F.N,FORD MOTOR CO ORD,UNITED STATES,0.001396,44417336.0,-59576.0,Derived Holdings 2026-04-13 SPY 2018.xlsx,False
SPY,2018-12-31,ETN.N,EATON CORPORATION PLC ORD,IRELAND,0.001385,4910639.0,-6903.0,Derived Holdings 2026-04-13 SPY 2018.xlsx,False
SPY,2018-12-31,FISV.O,FISERV INC ORD,UNITED STATES,0.001385,4586785.0,-4886.0,Derived Holdings 2026-04-13 SPY 2018.xlsx,False
SPY,2018-12-31,SRE.N,SEMPRA ORD,UNITED STATES,0.00138,3104435.0,-4313.0,Derived Holdings 2026-04-13 SPY 2018.xlsx,False
SPY,2018-12-31,KMI.N,KINDER MORGAN INC ORD,UNITED STATES,0.001361,21532008.0,-29879.0,Derived Holdings 2026-04-13 SPY 2018.xlsx,False
SPY,2018-12-31,EL.N,ESTEE LAUDER COMPANIES INC ORD,UNITED STATES,0.00136,2543835.0,-2743.0,Derived Holdings 2026-04-13 SPY 2018.xlsx,False
SPY,2018-12-31,YUM.N,YUM! BRANDS INC ORD,UNITED STATES,0.001357,3594463.0,-4063.0,Derived Holdings 2026-04-13 SPY 2018.xlsx,False
SPY,2018-12-31,REGN.OQ,REGENERON PHARMACEUTICALS INC ORD,UNITED STATES,0.001349,879170.0,-1104.0,Derived Holdings 2026-04-13 SPY 2018.xlsx,False
SPY,2018-12-31,DG.N,DOLLAR GENERAL CORP ORD,UNITED STATES,0.001339,3015822.0,-3343.0,Derived Holdings 2026-04-13 SPY 2018.xlsx,False
SPY,2018-12-31,ALL.N,ALLSTATE CORP ORD,UNITED STATES,0.001331,3921393.0,-4670.0,Derived Holdings 2026-04-13 SPY 2018.xlsx,False
SPY,2018-12-31,EQIX.OQ,EQUINIX INC ORD,UNITED STATES,0.001328,916711.0,13447.0,Derived Holdings 2026-04-13 SPY 2018.xlsx,False
SPY,2018-12-31,ADSK.OQ,AUTODESK INC ORD,UNITED STATES,0.001307,2473225.0,-3521.0,Derived Holdings 2026-04-13 SPY 2018.xlsx,False
SPY,2018-12-31,ORLY.OQ,O'REILLY AUTOMOTIVE INC ORD,UNITED STATES,0.001292,912937.0,-1152.0,Derived Holdings 2026-04-13 SPY 2018.xlsx,False
SPY,2018-12-31,ROP.O,ROPER TECHNOLOGIES INC ORD,UNITED STATES,0.0012839999999999,1172665.0,-1464.0,Derived Holdings 2026-04-13 SPY 2018.xlsx,False
SPY,2018-12-31,JCI.N,JOHNSON CONTROLS INTERNATIONAL PLC ORD,IRELAND,0.001278,10493561.0,-14379.0,Derived Holdings 2026-04-13 SPY 2018.xlsx,False
SPY,2018-12-31,STZ.N,CONSTELLATION BRANDS INC ORD,UNITED STATES,0.001253,1896864.0,-2376.0,Derived Holdings 2026-04-13 SPY 2018.xlsx,False
SPY,2018-12-31,KHC.OQ,KRAFT HEINZ CO ORD,UNITED STATES,0.001248,7059728.0,-9992.0,Derived Holdings 2026-04-13 SPY 2018.xlsx,False
SPY,2018-12-31,WMB.N,WILLIAMS COMPANIES INC ORD,UNITED STATES,0.0012439999999999,13728478.0,-19261.0,Derived Holdings 2026-04-13 SPY 2018.xlsx,False
SPY,2018-12-31,LYB.N,LYONDELLBASELL INDUSTRIES NV ORD,UNITED KINGDOM,0.0012389999999999,3626165.0,-3686.0,Derived Holdings 2026-04-13 SPY 2018.xlsx,False
SPY,2018-12-31,TEL.N,TE CONNECTIVITY PLC ORD,IRELAND,0.001227,3949233.0,-4094.0,Derived Holdings 2026-04-13 SPY 2018.xlsx,False
SPY,2018-12-31,PEG.N,PUBLIC SERVICE ENTERPRISE GROUP INC ORD,UNITED STATES,0.001226,5732968.0,-8002.0,Derived Holdings 2026-04-13 SPY 2018.xlsx,False
SPY,2018-12-31,WELL.N,WELLTOWER INC ORD,UNITED STATES,0.001222,4284461.0,57745.0,Derived Holdings 2026-04-13 SPY 2018.xlsx,False
SPY,2018-12-31,EBAY.OQ,EBAY INC ORD,UNITED STATES,0.001192,10333515.0,-239501.0,Derived Holdings 2026-04-13 SPY 2018.xlsx,False
SPY,2018-12-31,XEL.OQ,XCEL ENERGY INC ORD,UNITED STATES,0.001187,5862888.0,79076.0,Derived Holdings 2026-04-13 SPY 2018.xlsx,False
SPY,2018-12-31,PPG.N,PPG INDUSTRIES INC ORD,UNITED STATES,0.001154,2746419.0,-3432.0,Derived Holdings 2026-04-13 SPY 2018.xlsx,False
SPY,2018-12-31,GLW.N,CORNING INC ORD,UNITED STATES,0.0011409999999999,9193992.0,-10622.0,Derived Holdings 2026-04-13 SPY 2018.xlsx,False
SPY,2018-12-31,EQR.N,EQUITY RESIDENTIAL ORD,UNITED STATES,0.001133,4178406.0,-5657.0,Derived Holdings 2026-04-13 SPY 2018.xlsx,False
SPY,2018-12-31,APH.N,AMPHENOL CORP ORD,UNITED STATES,0.001132,3400670.0,-5098.0,Derived Holdings 2026-04-13 SPY 2018.xlsx,False
SPY,2018-12-31,EA.OQ,ELECTRONIC ARTS INC ORD,UNITED STATES,0.0011229999999999,3464127.0,-3985.0,Derived Holdings 2026-04-13 SPY 2018.xlsx,False
SPY,2018-12-31,AVB.N,AVALONBAY COMMUNITIES INC ORD,UNITED STATES,0.001121,1568254.0,-1968.0,Derived Holdings 2026-04-13 SPY 2018.xlsx,False
SPY,2018-12-31,LUV.N,SOUTHWEST AIRLINES CO ORD,UNITED STATES,0.001118,5853701.0,-5620.0,Derived Holdings 2026-04-13 SPY 2018.xlsx,False
SPY,2018-12-31,STT.N,STATE STREET CORP ORD,UNITED STATES,0.001116,4307448.0,-6135.0,Derived Holdings 2026-04-13 SPY 2018.xlsx,False
SPY,2018-12-31,ED.N,CONSOLIDATED EDISON INC ORD,UNITED STATES,0.001109,3529426.0,-4841.0,Derived Holdings 2026-04-13 SPY 2018.xlsx,False
SPY,2018-12-31,CNC.N,CENTENE CORP ORD,UNITED STATES,0.001103,2328576.0,-3329.0,Derived Holdings 2026-04-13 SPY 2018.xlsx,False
SPY,2018-12-31,HAL.N,HALLIBURTON CO ORD,UNITED STATES,0.001091,9987859.0,-12814.0,Derived Holdings 2026-04-13 SPY 2018.xlsx,False
SPY,2018-12-31,MCO.N,MOODY'S CORP ORD,UNITED STATES,0.00109,1894471.0,-2376.0,Derived Holdings 2026-04-13 SPY 2018.xlsx,False
SPY,2018-12-31,nan,TWENTY-FIRST CENTURY FOX INC ORD,UNITED STATES,0.001086,5533426.0,-7337.0,Derived Holdings 2026-04-13 SPY 2018.xlsx,False
SPY,2018-12-31,VFC.N,VF CORP ORD,UNITED STATES,0.001083,3696201.0,-5033.0,Derived Holdings 2026-04-13 SPY 2018.xlsx,False
SPY,2018-12-31,GIS.N,GENERAL MILLS INC ORD,UNITED STATES,0.001082,6761447.0,-9298.0,Derived Holdings 2026-04-13 SPY 2018.xlsx,False
SPY,2018-12-31,SUUf.TRE,SUNTRUST BANKS INC ORD,UNITED STATES,0.001082,5220000.0,-4403.0,Derived Holdings 2026-04-13 SPY 2018.xlsx,False
SPY,2018-12-31,ADM.N,ARCHER-DANIELS-MIDLAND CO ORD,UNITED STATES,0.001073,6375610.0,-8794.0,Derived Holdings 2026-04-13 SPY 2018.xlsx,False
SPY,2018-12-31,APC^H19,ANADARKO PETROLEUM CORP ORD,UNITED STATES,0.001048,5816303.0,-6398.0,Derived Holdings 2026-04-13 SPY 2018.xlsx,False
SPY,2018-12-31,TROW.OQ,T ROWE PRICE GROUP INC ORD,UNITED STATES,0.001044,2751619.0,-3031.0,Derived Holdings 2026-04-13 SPY 2018.xlsx,False
SPY,2018-12-31,nan,TRANE TECHNOLOGIES PLC ORD,IRELAND,0.001043,2783820.0,-3905.0,Derived Holdings 2026-04-13 SPY 2018.xlsx,False
SPY,2018-12-31,PNKf.TPRM,PIONEER NATURAL RESOURCES CO ORD,UNITED STATES,0.00104,1924051.0,-2424.0,Derived Holdings 2026-04-13 SPY 2018.xlsx,False
SPY,2018-12-31,OKE.N,ONEOK INC ORD,UNITED STATES,0.001034,4665876.0,-6257.0,Derived Holdings 2026-04-13 SPY 2018.xlsx,False
SPY,2018-12-31,MCK.N,MCKESSON CORP ORD,UNITED STATES,0.001028,2265214.0,-1982.0,Derived Holdings 2026-04-13 SPY 2018.xlsx,False
SPY,2018-12-31,DLR.N,DIGITAL REALTY TRUST INC ORD,UNITED STATES,0.001024,2338025.0,-3353.0,Derived Holdings 2026-04-13 SPY 2018.xlsx,False
SPY,2018-12-31,KR.N,KROGER CO ORD,UNITED STATES,0.001019,9021312.0,-12579.0,Derived Holdings 2026-04-13 SPY 2018.xlsx,False
SPY,2018-12-31,WEC.N,WEC ENERGY GROUP INC ORD,UNITED STATES,0.001013,3561554.0,-5152.0,Derived Holdings 2026-04-13 SPY 2018.xlsx,False
SPY,2018-12-31,ALXN.O^G21,ALEXION PHARMACEUTICALS INC (PRE-MERGER) ORD,UNITED STATES,0.001011,2528418.0,-3593.0,Derived Holdings 2026-04-13 SPY 2018.xlsx,False
SPY,2018-12-31,XLNX.O^B22,XILINX INC ORD,UNITED STATES,0.001002,2863573.0,-4001.0,Derived Holdings 2026-04-13 SPY 2018.xlsx,False
SPY,2018-12-31,LRCX.OQ,LAM RESEARCH CORP ORD,UNITED STATES,0.001001,1788564.0,-1807.0,Derived Holdings 2026-04-13 SPY 2018.xlsx,False
SPY,2018-12-31,A.N,AGILENT TECHNOLOGIES INC ORD,UNITED STATES,0.000999,3603064.0,-4937.0,Derived Holdings 2026-04-13 SPY 2018.xlsx,False
SPY,2018-12-31,HLT.N,HILTON WORLDWIDE HOLDINGS INC ORD,UNITED STATES,0.000999,3386758.0,-4224.0,Derived Holdings 2026-04-13 SPY 2018.xlsx,False
SPY,2018-12-31,DLTR.OQ,DOLLAR TREE INC ORD,UNITED STATES,0.000996,2684039.0,-3384.0,Derived Holdings 2026-04-13 SPY 2018.xlsx,False
SPY,2018-12-31,AZO.N,AUTOZONE INC ORD,UNITED STATES,0.000993,288306.0,-13059.0,Derived Holdings 2026-04-13 SPY 2018.xlsx,False
SPY,2018-12-31,ZBH.N,"ZIMMER BIOMET HOLDINGS, INC ORD",UNITED STATES,0.000984,2308509.0,-3305.0,Derived Holdings 2026-04-13 SPY 2018.xlsx,False
SPY,2018-12-31,PAYX.OQ,PAYCHEX INC ORD,UNITED STATES,0.000972,3631976.0,-4961.0,Derived Holdings 2026-04-13 SPY 2018.xlsx,False
SPY,2018-12-31,VTR.N,VENTAS INC ORD,UNITED STATES,0.000968,4022239.0,-5489.0,Derived Holdings 2026-04-13 SPY 2018.xlsx,False
SPY,2018-12-31,TWRde.TPRM,TWITTER INC ORD,UNITED STATES,0.000966,8177123.0,-12325.0,Derived Holdings 2026-04-13 SPY 2018.xlsx,False
SPY,2018-12-31,CXO^A21,CONCHO RESOURCES INC ORD,UNITED STATES,0.00096,2273875.0,-3257.0,Derived Holdings 2026-04-13 SPY 2018.xlsx,False
SPY,2018-12-31,MTB.N,M&T BANK CORP ORD,UNITED STATES,0.000959,1630772.0,-1190.0,Derived Holdings 2026-04-13 SPY 2018.xlsx,False
SPY,2018-12-31,ES.N,EVERSOURCE ENERGY ORD,UNITED STATES,0.000956,3577008.0,-4913.0,Derived Holdings 2026-04-13 SPY 2018.xlsx,False
SPY,2018-12-31,PPL.N,PPL CORP ORD,UNITED STATES,0.000956,8209114.0,307413.0,Derived Holdings 2026-04-13 SPY 2018.xlsx,False
SPY,2018-12-31,DFS.MX,DISCOVER FINANCIAL SERVICES ORD,UNITED STATES,0.0009429999999999,3889806.0,-3998.0,Derived Holdings 2026-04-13 SPY 2018.xlsx,False
SPY,2018-12-31,CMI.N,CUMMINS INC ORD,UNITED STATES,0.000936,1705396.0,-1711.0,Derived Holdings 2026-04-13 SPY 2018.xlsx,False
SPY,2018-12-31,DTE.N,DTE ENERGY CO ORD,UNITED STATES,0.000935,2062206.0,-2993.0,Derived Holdings 2026-04-13 SPY 2018.xlsx,False
SPY,2018-12-31,FTV.N,FORTIVE CORP ORD,UNITED STATES,0.0009329999999999,3357502.0,-136893.0,Derived Holdings 2026-04-13 SPY 2018.xlsx,False
SPY,2018-12-31,PCAR.OQ,PACCAR INC ORD,UNITED STATES,0.000932,3971225.0,-5393.0,Derived Holdings 2026-04-13 SPY 2018.xlsx,False
SPY,2018-12-31,CCL.N,CARNIVAL CORP ORD,UNITED STATES,0.0009279999999999,4583135.0,-5712.0,Derived Holdings 2026-04-13 SPY 2018.xlsx,False
SPY,2018-12-31,WTW.O,WILLIS TOWERS WATSON PLC ORD,UNITED KINGDOM,0.0009239999999999,1480925.0,-1848.0,Derived Holdings 2026-04-13 SPY 2018.xlsx,False
SPY,2018-12-31,CLX.N,CLOROX CO ORD,UNITED STATES,0.000922,1455599.0,-1824.0,Derived Holdings 2026-04-13 SPY 2018.xlsx,False
SPY,2018-12-31,PH.N,PARKER-HANNIFIN CORP ORD,UNITED STATES,0.00092,1500636.0,-2297.0,Derived Holdings 2026-04-13 SPY 2018.xlsx,False
SPY,2018-12-31,MNST.OQ,MONSTER BEVERAGE CORP ORD,UNITED STATES,0.000913,4513469.0,-6490.0,Derived Holdings 2026-04-13 SPY 2018.xlsx,False
SPY,2018-12-31,UAL.OQ,UNITED AIRLINES HOLDINGS INC ORD,UNITED STATES,0.0008939999999999,2598165.0,-3665.0,Derived Holdings 2026-04-13 SPY 2018.xlsx,False
SPY,2018-12-31,MSI.N,MOTOROLA SOLUTIONS INC ORD,UNITED STATES,0.000882,1865318.0,32771.0,Derived Holdings 2026-04-13 SPY 2018.xlsx,False
SPY,2018-12-31,HPE.N,HEWLETT PACKARD ENTERPRISE CO ORD,UNITED STATES,0.000882,16250636.0,-470019.0,Derived Holdings 2026-04-13 SPY 2018.xlsx,False
SPY,2018-12-31,O.N,REALTY INCOME CORP ORD,UNITED STATES,0.0008719999999999,3365009.0,67896.0,Derived Holdings 2026-04-13 SPY 2018.xlsx,False
SPY,2018-12-31,IQV.N,IQVIA HOLDINGS INC ORD,UNITED STATES,0.0008719999999999,1827686.0,-1454.0,Derived Holdings 2026-04-13 SPY 2018.xlsx,False
SPY,2018-12-31,NTRS.OQ,NORTHERN TRUST CORP ORD,UNITED STATES,0.0008709999999999,2535811.0,-3168.0,Derived Holdings 2026-04-13 SPY 2018.xlsx,False
SPY,2018-12-31,SBAC.OQ,SBA COMMUNICATIONS CORP ORD,UNITED STATES,0.0008649999999999,1300854.0,-1207.0,Derived Holdings 2026-04-13 SPY 2018.xlsx,False
SPY,2018-12-31,ROK.N,ROCKWELL AUTOMATION INC ORD,UNITED STATES,0.000863,1395433.0,-1327.0,Derived Holdings 2026-04-13 SPY 2018.xlsx,False
SPY,2018-12-31,EIX.N,EDISON INTERNATIONAL ORD,UNITED STATES,0.000858,3677749.0,-5458.0,Derived Holdings 2026-04-13 SPY 2018.xlsx,False
SPY,2018-12-31,NEM.N,NEWMONT CORPORATION ORD,UNITED STATES,0.000857,6022064.0,-8248.0,Derived Holdings 2026-04-13 SPY 2018.xlsx,False
SPY,2018-12-31,SWK.N,STANLEY BLACK & DECKER INC ORD,UNITED STATES,0.000857,1742037.0,-2160.0,Derived Holdings 2026-04-13 SPY 2018.xlsx,False
SPY,2018-12-31,FE.N,FIRSTENERGY CORP ORD,UNITED STATES,0.000852,5519812.0,-7738.0,Derived Holdings 2026-04-13 SPY 2018.xlsx,False
SPY,2018-12-31,VRSK.OQ,VERISK ANALYTICS INC ORD,UNITED STATES,0.000838,1870236.0,-2753.0,Derived Holdings 2026-04-13 SPY 2018.xlsx,False
SPY,2018-12-31,BXP.N,BXP INC ORD,UNITED STATES,0.000806,1742103.0,-2609.0,Derived Holdings 2026-04-13 SPY 2018.xlsx,False
SPY,2018-12-31,CERN.O^F22,CERNER CORP ORD,UNITED STATES,0.000805,3735214.0,-5506.0,Derived Holdings 2026-04-13 SPY 2018.xlsx,False
SPY,2018-12-31,INFO.K^B22,IHS MARKIT LTD ORD,BERMUDA,0.000802,4067907.0,-5914.0,Derived Holdings 2026-04-13 SPY 2018.xlsx,False
SPY,2018-12-31,MKC.N,MCCORMICK & COMPANY INC ORD,UNITED STATES,0.000787,1376047.0,-1728.0,Derived Holdings 2026-04-13 SPY 2018.xlsx,False
SPY,2018-12-31,MCHP.OQ,MICROCHIP TECHNOLOGY INC ORD,UNITED STATES,0.000784,2652386.0,-4186.0,Derived Holdings 2026-04-13 SPY 2018.xlsx,False
SPY,2018-12-31,RCL.N,ROYAL CARIBBEAN CRUISES LTD ORD,UNITED STATES,0.000781,1943954.0,-2849.0,Derived Holdings 2026-04-13 SPY 2018.xlsx,False
SPY,2018-12-31,IP.N,INTERNATIONAL PAPER CO ORD,UNITED STATES,0.0007689999999999,4635114.0,-5113.0,Derived Holdings 2026-04-13 SPY 2018.xlsx,False
SPY,2018-12-31,WY.N,WEYERHAEUSER CO ORD,UNITED STATES,0.0007679999999999,8546730.0,-9477.0,Derived Holdings 2026-04-13 SPY 2018.xlsx,False
SPY,2018-12-31,TDG.N,TRANSDIGM GROUP INC ORD,UNITED STATES,0.000767,549035.0,-696.0,Derived Holdings 2026-04-13 SPY 2018.xlsx,False
SPY,2018-12-31,OMC.N,OMNICOM GROUP INC ORD,UNITED STATES,0.000765,2543029.0,-3192.0,Derived Holdings 2026-04-13 SPY 2018.xlsx,False
SPY,2018-12-31,AWK.N,AMERICAN WATER WORKS CO INC ORD,UNITED STATES,0.0007639999999999,2048117.0,-2568.0,Derived Holdings 2026-04-13 SPY 2018.xlsx,False
SPY,2018-12-31,NUE.N,NUCOR CORP ORD,UNITED STATES,0.0007639999999999,3591082.0,-4488.0,Derived Holdings 2026-04-13 SPY 2018.xlsx,False
SPY,2018-12-31,nan,CORPAY INC ORD,UNITED STATES,0.0007639999999999,1001390.0,-1673.0,Derived Holdings 2026-04-13 SPY 2018.xlsx,False
SPY,2018-12-31,GPN.N,GLOBAL PAYMENTS INC ORD,UNITED STATES,0.000763,1800753.0,-2657.0,Derived Holdings 2026-04-13 SPY 2018.xlsx,False
SPY,2018-12-31,APTV.N,APTIV PLC ORD,SWITZERLAND,0.000761,3007514.0,-4169.0,Derived Holdings 2026-04-13 SPY 2018.xlsx,False
SPY,2018-12-31,AMD.OQ,ADVANCED MICRO DEVICES INC ORD,UNITED STATES,0.0007599999999999,10025997.0,272532.0,Derived Holdings 2026-04-13 SPY 2018.xlsx,False
SPY,2018-12-31,RMD.N,RESMED INC ORD,UNITED STATES,0.000752,1607299.0,-2441.0,Derived Holdings 2026-04-13 SPY 2018.xlsx,False
SPY,2018-12-31,ESS.N,ESSEX PROPERTY TRUST INC ORD,UNITED STATES,0.000751,745593.0,-936.0,Derived Holdings 2026-04-13 SPY 2018.xlsx,False
SPY,2018-12-31,IDXX.OQ,IDEXX LABORATORIES INC ORD,UNITED STATES,0.000751,982061.0,-1224.0,Derived Holdings 2026-04-13 SPY 2018.xlsx,False
SPY,2018-12-31,CHD.N,CHURCH & DWIGHT CO INC ORD,UNITED STATES,0.000746,2761896.0,-3905.0,Derived Holdings 2026-04-13 SPY 2018.xlsx,False
SPY,2018-12-31,SYF.N,SYNCHRONY FINANCIAL ORD,UNITED STATES,0.000746,7735906.0,-5823.0,Derived Holdings 2026-04-13 SPY 2018.xlsx,False
SPY,2018-12-31,VRSN.OQ,"VERISIGN, INC ORD",UNITED STATES,0.000743,1219063.0,-1512.0,Derived Holdings 2026-04-13 SPY 2018.xlsx,False
SPY,2018-12-31,nan,L3HARRIS TECHNOLOGIES INC ORD,UNITED STATES,0.00074,1338009.0,-2081.0,Derived Holdings 2026-04-13 SPY 2018.xlsx,False
SPY,2018-12-31,BALL.K,BALL CORP ORD,UNITED STATES,0.000739,3913994.0,-4447.0,Derived Holdings 2026-04-13 SPY 2018.xlsx,False
SPY,2018-12-31,HIG.N,HARTFORD INSURANCE GROUP INC ORD,UNITED STATES,0.000738,4042503.0,-5513.0,Derived Holdings 2026-04-13 SPY 2018.xlsx,False
SPY,2018-12-31,AEE.N,AMEREN CORP ORD,UNITED STATES,0.000737,2750101.0,-3881.0,Derived Holdings 2026-04-13 SPY 2018.xlsx,False
SPY,2018-12-31,TSN.N,TYSON FOODS INC ORD,UNITED STATES,0.000737,3359841.0,-4200.0,Derived Holdings 2026-04-13 SPY 2018.xlsx,False
SPY,2018-12-31,RSG.N,REPUBLIC SERVICES INC ORD,UNITED STATES,0.000733,2473930.0,-3096.0,Derived Holdings 2026-04-13 SPY 2018.xlsx,False
SPY,2018-12-31,FITB.OQ,FIFTH THIRD BANCORP ORD,UNITED STATES,0.000731,7563464.0,-7756.0,Derived Holdings 2026-04-13 SPY 2018.xlsx,False
SPY,2018-12-31,AME.N,AMETEK INC ORD,UNITED STATES,0.000727,2613794.0,-3713.0,Derived Holdings 2026-04-13 SPY 2018.xlsx,False
SPY,2018-12-31,KEY.N,KEYCORP ORD,UNITED STATES,0.000724,11926074.0,-12354.0,Derived Holdings 2026-04-13 SPY 2018.xlsx,False
SPY,2018-12-31,ETR.N,ENTERGY CORP ORD,UNITED STATES,0.000722,2040919.0,-2993.0,Derived Holdings 2026-04-13 SPY 2018.xlsx,False
SPY,2018-12-31,NTAP.OQ,NETAPP INC ORD,UNITED STATES,0.000722,2943396.0,-2397.0,Derived Holdings 2026-04-13 SPY 2018.xlsx,False
SPY,2018-12-31,EVRG.O,EVERGY INC ORD,UNITED STATES,0.0007149999999999,3063514.0,-2565.0,Derived Holdings 2026-04-13 SPY 2018.xlsx,False
SPY,2018-12-31,ALGN.OQ,ALIGN TECHNOLOGY INC ORD,UNITED STATES,0.000714,829864.0,-1032.0,Derived Holdings 2026-04-13 SPY 2018.xlsx,False
SPY,2018-12-31,HSY.N,HERSHEY CO ORD,UNITED STATES,0.000698,1586061.0,-1992.0,Derived Holdings 2026-04-13 SPY 2018.xlsx,False
SPY,2018-12-31,FAST.OQ,FASTENAL CO ORD,UNITED STATES,0.000697,3246283.0,-4906.0,Derived Holdings 2026-04-13 SPY 2018.xlsx,False
SPY,2018-12-31,FCX.N,FREEPORT-MCMORAN INC ORD,UNITED STATES,0.000697,16456123.0,-22669.0,Derived Holdings 2026-04-13 SPY 2018.xlsx,False
SPY,2018-12-31,DXC.N,DXC TECHNOLOGY CO ORD,UNITED STATES,0.000696,3186913.0,-3984.0,Derived Holdings 2026-04-13 SPY 2018.xlsx,False
SPY,2018-12-31,nan,PARAMOUNT SKYDANCE CORP ORD,UNITED STATES,0.000689,3837236.0,-4800.0,Derived Holdings 2026-04-13 SPY 2018.xlsx,False
SPY,2018-12-31,AMP.N,AMERIPRISE FINANCIAL INC ORD,UNITED STATES,0.000689,1607119.0,-1591.0,Derived Holdings 2026-04-13 SPY 2018.xlsx,False
SPY,2018-12-31,FRCB.PK,FIRST REPUBLIC BANK ORD,UNITED STATES,0.000683,1913600.0,,Derived Holdings 2026-04-13 SPY 2018.xlsx,False
SPY,2018-12-31,ABMD.O^L22,ABIOMED INC ORD,UNITED STATES,0.00068,509418.0,-648.0,Derived Holdings 2026-04-13 SPY 2018.xlsx,False
SPY,2018-12-31,WAT.N,WATERS CORP ORD,UNITED STATES,0.000677,873243.0,-679.0,Derived Holdings 2026-04-13 SPY 2018.xlsx,False
SPY,2018-12-31,US4878361082.TRE,KELLANOVA ORD,UNITED STATES,0.000673,2872549.0,-4426.0,Derived Holdings 2026-04-13 SPY 2018.xlsx,False
SPY,2018-12-31,CTAS.OQ,CINTAS CORP ORD,UNITED STATES,0.000673,975797.0,-1224.0,Derived Holdings 2026-04-13 SPY 2018.xlsx,False
SPY,2018-12-31,nan,LUMEN TECHNOLOGIES INC ORD,UNITED STATES,0.000671,10785269.0,-15164.0,Derived Holdings 2026-04-13 SPY 2018.xlsx,False
SPY,2018-12-31,MXIM.O^H21,MAXIM INTEGRATED PRODUCTS INC ORD,UNITED STATES,0.000668,3196339.0,-4361.0,Derived Holdings 2026-04-13 SPY 2018.xlsx,False
SPY,2018-12-31,MTD.N,METTLER-TOLEDO INTERNATIONAL INC ORD,UNITED STATES,0.000664,285580.0,-360.0,Derived Holdings 2026-04-13 SPY 2018.xlsx,False
SPY,2018-12-31,FANG.OQ,DIAMONDBACK ENERGY INC ORD,UNITED STATES,0.000664,1744290.0,-3010.0,Derived Holdings 2026-04-13 SPY 2018.xlsx,False
SPY,2018-12-31,CFG.N,CITIZENS FINANCIAL GROUP INC ORD,UNITED STATES,0.00066,5403008.0,-5469.0,Derived Holdings 2026-04-13 SPY 2018.xlsx,False
SPY,2018-12-31,nan,VIATRIS INC ORD,UNITED STATES,0.000659,5849687.0,-7745.0,Derived Holdings 2026-04-13 SPY 2018.xlsx,False
SPY,2018-12-31,CMS.N,CMS ENERGY CORP ORD,UNITED STATES,0.000656,3213776.0,-4433.0,Derived Holdings 2026-04-13 SPY 2018.xlsx,False
SPY,2018-12-31,KLAC.OQ,KLA CORP ORD,UNITED STATES,0.0006519999999999,1771993.0,-1783.0,Derived Holdings 2026-04-13 SPY 2018.xlsx,False
SPY,2018-12-31,GPC.N,GENUINE PARTS CO ORD,UNITED STATES,0.0006519999999999,1651791.0,-2088.0,Derived Holdings 2026-04-13 SPY 2018.xlsx,False
SPY,2018-12-31,ULTA.OQ,ULTA BEAUTY INC ORD,UNITED STATES,0.0006479999999999,643817.0,-391.0,Derived Holdings 2026-04-13 SPY 2018.xlsx,False
SPY,2018-12-31,RF.N,REGIONS FINANCIAL CORP ORD,UNITED STATES,0.0006479999999999,11795107.0,-704439.0,Derived Holdings 2026-04-13 SPY 2018.xlsx,False
SPY,2018-12-31,CNP.N,CENTERPOINT ENERGY INC ORD,UNITED STATES,0.0006469999999999,5580909.0,-9959.0,Derived Holdings 2026-04-13 SPY 2018.xlsx,False
SPY,2018-12-31,TSS^I19,TOTAL SYSTEM SERVICES INC ORD,UNITED STATES,0.000636,1904758.0,-2801.0,Derived Holdings 2026-04-13 SPY 2018.xlsx,False
SPY,2018-12-31,IFF.N,INTERNATIONAL FLAVORS & FRAGRANCES INC ORD,UNITED STATES,0.000634,1148387.0,-1440.0,Derived Holdings 2026-04-13 SPY 2018.xlsx,False
SPY,2018-12-31,LLL^G19,L3 TECHNOLOGIES INC ORD,UNITED STATES,0.000632,885568.0,-1529.0,Derived Holdings 2026-04-13 SPY 2018.xlsx,False
SPY,2018-12-31,nan,HEALTHPEAK PROPERTIES INC ORD,UNITED STATES,0.000625,5444883.0,134978.0,Derived Holdings 2026-04-13 SPY 2018.xlsx,False
SPY,2018-12-31,CAH.N,CARDINAL HEALTH INC ORD,UNITED STATES,0.000623,3402543.0,-124143.0,Derived Holdings 2026-04-13 SPY 2018.xlsx,False
SPY,2018-12-31,AJG.N,ARTHUR J. GALLAGHER & CO. ORD,UNITED STATES,0.000623,2057135.0,-3017.0,Derived Holdings 2026-04-13 SPY 2018.xlsx,False
SPY,2018-12-31,EXPE.OQ,EXPEDIA GROUP INC ORD,UNITED STATES,0.000623,1346379.0,-1680.0,Derived Holdings 2026-04-13 SPY 2018.xlsx,False
SPY,2018-12-31,AAL.OQ,AMERICAN AIRLINES GROUP INC ORD,UNITED STATES,0.000613,4644836.0,-6658.0,Derived Holdings 2026-04-13 SPY 2018.xlsx,False
SPY,2018-12-31,CTXS.O^J22,CITRIX SYSTEMS INC ORD,UNITED STATES,0.000612,1453701.0,-1824.0,Derived Holdings 2026-04-13 SPY 2018.xlsx,False
SPY,2018-12-31,MSCI.N,MSCI INC ORD,UNITED STATES,0.000609,1005885.0,-1248.0,Derived Holdings 2026-04-13 SPY 2018.xlsx,False
SPY,2018-12-31,VMC.N,VULCAN MATERIALS CO ORD,UNITED STATES,0.000606,1492310.0,-1872.0,Derived Holdings 2026-04-13 SPY 2018.xlsx,False
SPY,2018-12-31,LH.N,LABCORP HOLDINGS INC ORD,UNITED STATES,0.0006,1154934.0,-1440.0,Derived Holdings 2026-04-13 SPY 2018.xlsx,False
SPY,2018-12-31,GWW.N,WW GRAINGER INC ORD,UNITED STATES,0.000598,515536.0,-648.0,Derived Holdings 2026-04-13 SPY 2018.xlsx,False
SPY,2018-12-31,HBAN.OQ,HUNTINGTON BANCSHARES INC ORD,UNITED STATES,0.000594,12124741.0,-420423.0,Derived Holdings 2026-04-13 SPY 2018.xlsx,False
SPY,2018-12-31,L.N,LOEWS CORP ORD,UNITED STATES,0.0005909999999999,3158002.0,-3936.0,Derived Holdings 2026-04-13 SPY 2018.xlsx,False
SPY,2018-12-31,CBRE.N,CBRE GROUP INC ORD,UNITED STATES,0.0005899999999999,3587912.0,-4913.0,Derived Holdings 2026-04-13 SPY 2018.xlsx,False
SPY,2018-12-31,BBY.N,BEST BUY CO INC ORD,UNITED STATES,0.000582,2674262.0,-98531.0,Derived Holdings 2026-04-13 SPY 2018.xlsx,False
SPY,2018-12-31,nan,COOPER COMPANIES INC ORD,UNITED STATES,0.000579,553413.0,-696.0,Derived Holdings 2026-04-13 SPY 2018.xlsx,False
SPY,2018-12-31,SNPS.OQ,SYNOPSYS INC ORD,UNITED STATES,0.000579,1672108.0,-2537.0,Derived Holdings 2026-04-13 SPY 2018.xlsx,False
SPY,2018-12-31,MGM.N,MGM RESORTS INTERNATIONAL ORD,UNITED STATES,0.000578,5803001.0,-5548.0,Derived Holdings 2026-04-13 SPY 2018.xlsx,False
SPY,2018-12-31,DRI.N,DARDEN RESTAURANTS INC ORD,UNITED STATES,0.000577,1407439.0,-2177.0,Derived Holdings 2026-04-13 SPY 2018.xlsx,False
SPY,2018-12-31,HST.O,"HOST HOTELS AND RESORTS, INC ORD",UNITED STATES,0.0005729999999999,8368094.0,-11787.0,Derived Holdings 2026-04-13 SPY 2018.xlsx,False
SPY,2018-12-31,CDNS.OQ,CADENCE DESIGN SYSTEMS INC ORD,UNITED STATES,0.00057,3191954.0,-4433.0,Derived Holdings 2026-04-13 SPY 2018.xlsx,False
SPY,2018-12-31,PCG.N,PG&E CORP ORD,UNITED STATES,0.000569,5829124.0,-8595.0,Derived Holdings 2026-04-13 SPY 2018.xlsx,False
SPY,2018-12-31,ARE.N,ALEXANDRIA REAL ESTATE EQUITIES INC ORD,UNITED STATES,0.000568,1199868.0,-2338.0,Derived Holdings 2026-04-13 SPY 2018.xlsx,False
SPY,2018-12-31,MRO.MX,MARATHON OIL CORP ORD,UNITED STATES,0.000568,9636167.0,-7409.0,Derived Holdings 2026-04-13 SPY 2018.xlsx,False
SPY,2018-12-31,nan,GEN DIGITAL INC ORD,UNITED STATES,0.000565,7282514.0,256467.0,Derived Holdings 2026-04-13 SPY 2018.xlsx,False
SPY,2018-12-31,HSIC.OQ,HENRY SCHEIN INC ORD,UNITED STATES,0.000559,1733508.0,-2585.0,Derived Holdings 2026-04-13 SPY 2018.xlsx,False
SPY,2018-12-31,SWKS.OQ,SKYWORKS SOLUTIONS INC ORD,UNITED STATES,0.000558,2027295.0,-2382.0,Derived Holdings 2026-04-13 SPY 2018.xlsx,False
SPY,2018-12-31,ANSS.MX,ANSYS INC ORD,UNITED STATES,0.000558,949681.0,-1200.0,Derived Holdings 2026-04-13 SPY 2018.xlsx,False
SPY,2018-12-31,XYL.N,XYLEM INC ORD,UNITED STATES,0.000557,2030721.0,-2969.0,Derived Holdings 2026-04-13 SPY 2018.xlsx,False
SPY,2018-12-31,COR,CENCORA INC ORD,UNITED STATES,0.000555,1814013.0,-1430.0,Derived Holdings 2026-04-13 SPY 2018.xlsx,False
SPY,2018-12-31,EXPD.K,EXPEDITORS INTERNATIONAL OF WASHINGTON INC ORD,UNITED STATES,0.000553,1976161.0,-2472.0,Derived Holdings 2026-04-13 SPY 2018.xlsx,False
SPY,2018-12-31,DHI.N,D.R. HORTON INC ORD,UNITED STATES,0.000552,3876800.0,-4872.0,Derived Holdings 2026-04-13 SPY 2018.xlsx,False
SPY,2018-12-31,WCG.N,WELLCARE HEALTH PLANS INC ORD,UNITED STATES,0.00055,567169.0,-720.0,Derived Holdings 2026-04-13 SPY 2018.xlsx,False
SPY,2018-12-31,CE.N,CELANESE CORP ORD,UNITED STATES,0.000547,1480325.0,,Derived Holdings 2026-04-13 SPY 2018.xlsx,False
SPY,2018-12-31,CINF.OQ,CINCINNATI FINANCIAL CORP ORD,UNITED STATES,0.000546,1716843.0,-2561.0,Derived Holdings 2026-04-13 SPY 2018.xlsx,False
SPY,2018-12-31,PFG.OQ,PRINCIPAL FINANCIAL GROUP INC ORD,UNITED STATES,0.000546,3006831.0,-3744.0,Derived Holdings 2026-04-13 SPY 2018.xlsx,False
SPY,2018-12-31,TTWO.OQ,TAKE-TWO INTERACTIVE SOFTWARE INC ORD,UNITED STATES,0.000546,1290792.0,-2033.0,Derived Holdings 2026-04-13 SPY 2018.xlsx,False
SPY,2018-12-31,CHRW.OQ,CH ROBINSON WORLDWIDE INC ORD,UNITED STATES,0.000544,1575151.0,-1968.0,Derived Holdings 2026-04-13 SPY 2018.xlsx,False
SPY,2018-12-31,AAP.N,ADVANCE AUTO PARTS INC ORD,UNITED STATES,0.000541,836038.0,-631.0,Derived Holdings 2026-04-13 SPY 2018.xlsx,False
SPY,2018-12-31,HRL.N,HORMEL FOODS CORP ORD,UNITED STATES,0.000541,3084736.0,-4289.0,Derived Holdings 2026-04-13 SPY 2018.xlsx,False
SPY,2018-12-31,KEYS.N,KEYSIGHT TECHNOLOGIES INC ORD,UNITED STATES,0.00054,2118185.0,-2664.0,Derived Holdings 2026-04-13 SPY 2018.xlsx,False
SPY,2018-12-31,IT.N,GARTNER INC ORD,UNITED STATES,0.000539,1025870.0,-1296.0,Derived Holdings 2026-04-13 SPY 2018.xlsx,False
SPY,2018-12-31,NRG.N,NRG ENERGY INC ORD,UNITED STATES,0.000539,3312287.0,-133021.0,Derived Holdings 2026-04-13 SPY 2018.xlsx,False
SPY,2018-12-31,EXR.N,EXTRA SPACE STORAGE INC ORD,UNITED STATES,0.000534,1435272.0,-1800.0,Derived Holdings 2026-04-13 SPY 2018.xlsx,False
SPY,2018-12-31,LEN.N,LENNAR CORP ORD,UNITED STATES,0.000533,3312424.0,-4978.0,Derived Holdings 2026-04-13 SPY 2018.xlsx,False
SPY,2018-12-31,TXT.N,TEXTRON INC ORD,UNITED STATES,0.000533,2820366.0,-2253.0,Derived Holdings 2026-04-13 SPY 2018.xlsx,False
SPY,2018-12-31,ETFC.O^J20,E*TRADE FINANCIAL CORP ORD,UNITED STATES,0.000531,2944072.0,-2822.0,Derived Holdings 2026-04-13 SPY 2018.xlsx,False
SPY,2018-12-31,DGX.N,QUEST DIAGNOSTICS INC ORD,UNITED STATES,0.000525,1533805.0,-1944.0,Derived Holdings 2026-04-13 SPY 2018.xlsx,False
SPY,2018-12-31,BR.N,BROADRIDGE FINANCIAL SOLUTIONS INC ORD,UNITED STATES,0.000523,1321615.0,-1656.0,Derived Holdings 2026-04-13 SPY 2018.xlsx,False
SPY,2018-12-31,US2003401070.TRE,COMERICA INC ORD,UNITED STATES,0.000521,1845080.0,-98104.0,Derived Holdings 2026-04-13 SPY 2018.xlsx,False
SPY,2018-12-31,HOLX.MX,HOLOGIC INC ORD,UNITED STATES,0.000521,3084930.0,-3439.0,Derived Holdings 2026-04-13 SPY 2018.xlsx,False
SPY,2018-12-31,EFX.N,EQUIFAX INC ORD,UNITED STATES,0.000519,1357468.0,-2129.0,Derived Holdings 2026-04-13 SPY 2018.xlsx,False
SPY,2018-12-31,INCY.OQ,INCYTE CORP ORD,UNITED STATES,0.000519,1985931.0,-2921.0,Derived Holdings 2026-04-13 SPY 2018.xlsx,False
SPY,2018-12-31,KMX.N,CARMAX INC ORD,UNITED STATES,0.000518,2010511.0,-2496.0,Derived Holdings 2026-04-13 SPY 2018.xlsx,False
SPY,2018-12-31,KSS.N,KOHLS CORP ORD,UNITED STATES,0.000518,1899645.0,-2352.0,Derived Holdings 2026-04-13 SPY 2018.xlsx,False
SPY,2018-12-31,LNC.N,LINCOLN NATIONAL CORP ORD,UNITED STATES,0.000517,2454722.0,-2647.0,Derived Holdings 2026-04-13 SPY 2018.xlsx,False
SPY,2018-12-31,UDR.N,UDR INC ORD,UNITED STATES,0.000511,3140669.0,115858.0,Derived Holdings 2026-04-13 SPY 2018.xlsx,False
SPY,2018-12-31,BKR.O,BAKER HUGHES CO ORD,UNITED STATES,0.000509,5766714.0,-9325.0,Derived Holdings 2026-04-13 SPY 2018.xlsx,False
SPY,2018-12-31,LW.N,LAMB WESTON HOLDINGS INC ORD,UNITED STATES,0.000509,1683211.0,-2489.0,Derived Holdings 2026-04-13 SPY 2018.xlsx,False
SPY,2018-12-31,CBOE.Z,CBOE GLOBAL MARKETS INC ORD,UNITED STATES,0.000508,1264802.0,-2009.0,Derived Holdings 2026-04-13 SPY 2018.xlsx,False
SPY,2018-12-31,ANET.N,ARISTA NETWORKS INC ORD,UNITED STATES,0.000508,586445.0,-1145.0,Derived Holdings 2026-04-13 SPY 2018.xlsx,False
SPY,2018-12-31,MAA.N,MID-AMERICA APARTMENT COMMUNITIES INC ORD,UNITED STATES,0.000505,1284262.0,-2033.0,Derived Holdings 2026-04-13 SPY 2018.xlsx,False
SPY,2018-12-31,WDC.OQ,WESTERN DIGITAL CORP ORD,UNITED STATES,0.000501,3299743.0,-4128.0,Derived Holdings 2026-04-13 SPY 2018.xlsx,False
SPY,2018-12-31,MLM.N,MARTIN MARIETTA MATERIALS INC ORD,UNITED STATES,0.0005,707939.0,-888.0,Derived Holdings 2026-04-13 SPY 2018.xlsx,False
SPY,2018-12-31,VNO.N,VORNADO REALTY TRUST ORD,UNITED STATES,0.000498,1953272.0,-2873.0,Derived Holdings 2026-04-13 SPY 2018.xlsx,False
SPY,2018-12-31,CMG.N,CHIPOTLE MEXICAN GRILL INC ORD,UNITED STATES,0.000496,279639.0,-761.0,Derived Holdings 2026-04-13 SPY 2018.xlsx,False
SPY,2018-12-31,DVN.N,DEVON ENERGY CORP ORD,UNITED STATES,0.000495,5341749.0,-431773.0,Derived Holdings 2026-04-13 SPY 2018.xlsx,False
SPY,2018-12-31,SJM.N,J M SMUCKER CO ORD,UNITED STATES,0.000492,1282075.0,-2033.0,Derived Holdings 2026-04-13 SPY 2018.xlsx,False
SPY,2018-12-31,TAP.N,MOLSON COORS BEVERAGE CO ORD,UNITED STATES,0.00049,2123968.0,-2664.0,Derived Holdings 2026-04-13 SPY 2018.xlsx,False
SPY,2018-12-31,DOV.N,DOVER CORP ORD,UNITED STATES,0.000489,1675900.0,-2088.0,Derived Holdings 2026-04-13 SPY 2018.xlsx,False
SPY,2018-12-31,VAR^D21,VARIAN MEDICAL SYSTEMS INC ORD,UNITED STATES,0.000488,1047625.0,-1296.0,Derived Holdings 2026-04-13 SPY 2018.xlsx,False
SPY,2018-12-31,CAG.N,CONAGRA BRANDS INC ORD,UNITED STATES,0.000486,5534166.0,198952.0,Derived Holdings 2026-04-13 SPY 2018.xlsx,False
SPY,2018-12-31,MOS.N,MOSAIC CO ORD,UNITED STATES,0.000483,4023038.0,-5866.0,Derived Holdings 2026-04-13 SPY 2018.xlsx,False
SPY,2018-12-31,EMN.N,EASTMAN CHEMICAL CO ORD,UNITED STATES,0.000481,1599887.0,-1992.0,Derived Holdings 2026-04-13 SPY 2018.xlsx,False
SPY,2018-12-31,HES.MX,HESS CORP ORD,UNITED STATES,0.000475,2856728.0,-3151.0,Derived Holdings 2026-04-13 SPY 2018.xlsx,False
SPY,2018-12-31,TSCO.OQ,TRACTOR SUPPLY CO ORD,UNITED STATES,0.000472,1377559.0,-2153.0,Derived Holdings 2026-04-13 SPY 2018.xlsx,False
SPY,2018-12-31,FTNT.OQ,FORTINET INC ORD,UNITED STATES,0.000472,1630835.0,-2465.0,Derived Holdings 2026-04-13 SPY 2018.xlsx,False
SPY,2018-12-31,CF.N,CF INDUSTRIES HOLDINGS INC ORD,UNITED STATES,0.000471,2634830.0,-2887.0,Derived Holdings 2026-04-13 SPY 2018.xlsx,False
SPY,2018-12-31,STX.OQ,SEAGATE TECHNOLOGY HOLDINGS PLC ORD,SINGAPORE,0.00047,2963516.0,-4121.0,Derived Holdings 2026-04-13 SPY 2018.xlsx,False
SPY,2018-12-31,AKAM.OQ,AKAMAI TECHNOLOGIES INC ORD,UNITED STATES,0.0004669999999999,1860168.0,-78125.0,Derived Holdings 2026-04-13 SPY 2018.xlsx,False
SPY,2018-12-31,UHS.N,UNIVERSAL HEALTH SERVICES INC ORD,UNITED STATES,0.0004669999999999,975857.0,-1224.0,Derived Holdings 2026-04-13 SPY 2018.xlsx,False
SPY,2018-12-31,SV4f.TPRM,SVB FINANCIAL GROUP ORD,UNITED STATES,0.000466,597556.0,-1169.0,Derived Holdings 2026-04-13 SPY 2018.xlsx,False
SPY,2018-12-31,nan,APA CORP (US) ORD,UNITED STATES,0.0004649999999999,4314124.0,-5333.0,Derived Holdings 2026-04-13 SPY 2018.xlsx,False
SPY,2018-12-31,REG.OQ,REGENCY CENTERS CORP ORD,UNITED STATES,0.0004639999999999,1925023.0,-2825.0,Derived Holdings 2026-04-13 SPY 2018.xlsx,False
SPY,2018-12-31,LNT.OQ,ALLIANT ENERGY CORP ORD,UNITED STATES,0.00046,2651735.0,-4162.0,Derived Holdings 2026-04-13 SPY 2018.xlsx,False
SPY,2018-12-31,FFIV.OQ,F5 INC ORD,UNITED STATES,0.000459,690000.0,-864.0,Derived Holdings 2026-04-13 SPY 2018.xlsx,False
SPY,2018-12-31,CTRA.K,COTERRA ENERGY INC ORD,UNITED STATES,0.000459,5002563.0,-4139.0,Derived Holdings 2026-04-13 SPY 2018.xlsx,False
SPY,2018-12-31,FMC.N,FMC CORP ORD,UNITED STATES,0.000459,1510788.0,-1920.0,Derived Holdings 2026-04-13 SPY 2018.xlsx,False
SPY,2018-12-31,JKHY.OQ,JACK HENRY & ASSOCIATES INC ORD,UNITED STATES,0.000457,879742.0,-1104.0,Derived Holdings 2026-04-13 SPY 2018.xlsx,False
SPY,2018-12-31,RJF.N,RAYMOND JAMES FINANCIAL INC ORD,UNITED STATES,0.000456,1490851.0,-1447.0,Derived Holdings 2026-04-13 SPY 2018.xlsx,False
SPY,2018-12-31,NOV.N,NOV INC ORD,UNITED STATES,0.000455,4311494.0,-6274.0,Derived Holdings 2026-04-13 SPY 2018.xlsx,False
SPY,2018-12-31,KSU^L21,KANSAS CITY SOUTHERN (PRE-MERGER) ORD,UNITED STATES,0.000454,1156907.0,-1440.0,Derived Holdings 2026-04-13 SPY 2018.xlsx,False
SPY,2018-12-31,WYNN.OQ,WYNN RESORTS LTD ORD,UNITED STATES,0.000452,1111153.0,-1392.0,Derived Holdings 2026-04-13 SPY 2018.xlsx,False
SPY,2018-12-31,TPR.N,TAPESTRY INC ORD,UNITED STATES,0.00045,3248051.0,-4930.0,Derived Holdings 2026-04-13 SPY 2018.xlsx,False
SPY,2018-12-31,CPRT.OQ,COPART INC ORD,UNITED STATES,0.00045,2294220.0,-3329.0,Derived Holdings 2026-04-13 SPY 2018.xlsx,False
SPY,2018-12-31,US96145D1054.TPRM,WESTROCK CO ORD,UNITED STATES,0.000449,2894936.0,-3624.0,Derived Holdings 2026-04-13 SPY 2018.xlsx,False
SPY,2018-12-31,AES.N,AES CORP ORD,UNITED STATES,0.000444,7465076.0,-10568.0,Derived Holdings 2026-04-13 SPY 2018.xlsx,False
SPY,2018-12-31,HAS.OQ,HASBRO INC ORD,UNITED STATES,0.000443,1325899.0,-1656.0,Derived Holdings 2026-04-13 SPY 2018.xlsx,False
SPY,2018-12-31,PNW.N,PINNACLE WEST CAPITAL CORP ORD,UNITED STATES,0.000442,1263153.0,-2009.0,Derived Holdings 2026-04-13 SPY 2018.xlsx,False
SPY,2018-12-31,NDAQ.OQ,NASDAQ INC ORD,UNITED STATES,0.000437,1304834.0,-1632.0,Derived Holdings 2026-04-13 SPY 2018.xlsx,False
SPY,2018-12-31,JNPR.MX,JUNIPER NETWORKS INC ORD,UNITED STATES,0.0004359999999999,3941089.0,-5321.0,Derived Holdings 2026-04-13 SPY 2018.xlsx,False
SPY,2018-12-31,NCLH.N,NORWEGIAN CRUISE LINE HOLDINGS LTD ORD,UNITED STATES,0.000434,2493475.0,-3545.0,Derived Holdings 2026-04-13 SPY 2018.xlsx,False
SPY,2018-12-31,IRM.N,IRON MOUNTAIN INC ORD,UNITED STATES,0.000432,3246339.0,-4481.0,Derived Holdings 2026-04-13 SPY 2018.xlsx,False
SPY,2018-12-31,DURf.TPRM,DUKE REALTY CORP ORD,UNITED STATES,0.000429,4029646.0,-5914.0,Derived Holdings 2026-04-13 SPY 2018.xlsx,False
SPY,2018-12-31,NI.N,NISOURCE INC ORD,UNITED STATES,0.000429,4123187.0,-5986.0,Derived Holdings 2026-04-13 SPY 2018.xlsx,False
SPY,2018-12-31,BEN.N,FRANKLIN RESOURCES INC ORD,UNITED STATES,0.000423,3470240.0,-2644.0,Derived Holdings 2026-04-13 SPY 2018.xlsx,False
SPY,2018-12-31,M.N,MACY'S INC ORD,UNITED STATES,0.000423,3457709.0,-5194.0,Derived Holdings 2026-04-13 SPY 2018.xlsx,False
SPY,2018-12-31,VIAB.O^L19,VIACOM INC ORD,UNITED STATES,0.000421,3984164.0,-5441.0,Derived Holdings 2026-04-13 SPY 2018.xlsx,False
SPY,2018-12-31,MAS.N,MASCO CORP ORD,UNITED STATES,0.000419,3485166.0,-4134.0,Derived Holdings 2026-04-13 SPY 2018.xlsx,False
SPY,2018-12-31,NBL.O^J20,NOBLE ENERGY INC ORD,UNITED STATES,0.000419,5440446.0,-6840.0,Derived Holdings 2026-04-13 SPY 2018.xlsx,False
SPY,2018-12-31,EG,EVEREST GROUP LTD ORD,BERMUDA,0.000415,463624.0,-576.0,Derived Holdings 2026-04-13 SPY 2018.xlsx,False
SPY,2018-12-31,TIF^A21,TIFFANY & CO ORD,UNITED STATES,0.0004089999999999,1237414.0,-1536.0,Derived Holdings 2026-04-13 SPY 2018.xlsx,False
SPY,2018-12-31,RVTY.K,REVVITY INC ORD,UNITED STATES,0.000401,1242551.0,-1985.0,Derived Holdings 2026-04-13 SPY 2018.xlsx,False
SPY,2018-12-31,FRT.N,FEDERAL REALTY INVESTMENT TRUST ORD,UNITED STATES,0.000401,826162.0,-1457.0,Derived Holdings 2026-04-13 SPY 2018.xlsx,False
SPY,2018-12-31,URI.N,UNITED RENTALS INC ORD,UNITED STATES,0.000395,938389.0,-751.0,Derived Holdings 2026-04-13 SPY 2018.xlsx,False
SPY,2018-12-31,FTI.N,TECHNIPFMC PLC ORD,UNITED KINGDOM,0.000394,4900329.0,-6473.0,Derived Holdings 2026-04-13 SPY 2018.xlsx,False
SPY,2018-12-31,ALB.N,ALBEMARLE CORP ORD,UNITED STATES,0.0003889999999999,1229668.0,-1111.0,Derived Holdings 2026-04-13 SPY 2018.xlsx,False
SPY,2018-12-31,NLSN.K^J22,NIELSEN HOLDINGS PLC ORD,UNITED STATES,0.000388,4045286.0,-5465.0,Derived Holdings 2026-04-13 SPY 2018.xlsx,False
SPY,2018-12-31,DISCK.O^D22,WARNER BROS DISCOVERY INC ORD,UNITED STATES,0.000387,4084051.0,-5938.0,Derived Holdings 2026-04-13 SPY 2018.xlsx,False
SPY,2018-12-31,nan,HF SINCLAIR CORP ORD,UNITED STATES,0.000386,1838729.0,-1879.0,Derived Holdings 2026-04-13 SPY 2018.xlsx,False
SPY,2018-12-31,XRAY.OQ,DENTSPLY SIRONA INC ORD,UNITED STATES,0.000385,2519754.0,-3569.0,Derived Holdings 2026-04-13 SPY 2018.xlsx,False
SPY,2018-12-31,HII.N,HUNTINGTON INGALLS INDUSTRIES INC ORD,UNITED STATES,0.0003839999999999,490748.0,-624.0,Derived Holdings 2026-04-13 SPY 2018.xlsx,False
SPY,2018-12-31,SNA.N,SNAP-ON INC ORD,UNITED STATES,0.0003819999999999,640713.0,-792.0,Derived Holdings 2026-04-13 SPY 2018.xlsx,False
SPY,2018-12-31,NWL.OQ,NEWELL BRANDS INC ORD,UNITED STATES,0.0003769999999999,4929892.0,-5318.0,Derived Holdings 2026-04-13 SPY 2018.xlsx,False
SPY,2018-12-31,JBHT.OQ,J B HUNT TRANSPORT SERVICES INC ORD,UNITED STATES,0.000374,979173.0,-1248.0,Derived Holdings 2026-04-13 SPY 2018.xlsx,False
SPY,2018-12-31,BFb.N,BROWN-FORMAN CORP ORD,UNITED STATES,0.000372,1903974.0,-1975.0,Derived Holdings 2026-04-13 SPY 2018.xlsx,False
SPY,2018-12-31,US4606901001.TRE,INTERPUBLIC GROUP OF COMPANIES INC ORD,UNITED STATES,0.000369,4349454.0,-5873.0,Derived Holdings 2026-04-13 SPY 2018.xlsx,False
SPY,2018-12-31,ZION.OQ,ZIONS BANCORPORATION NA ORD,UNITED STATES,0.000369,2204025.0,-2335.0,Derived Holdings 2026-04-13 SPY 2018.xlsx,False
SPY,2018-12-31,PKG.N,PACKAGING CORP OF AMERICA ORD,UNITED STATES,0.000365,1065108.0,-1344.0,Derived Holdings 2026-04-13 SPY 2018.xlsx,False
SPY,2018-12-31,AVY.N,AVERY DENNISON CORP ORD,UNITED STATES,0.000363,983621.0,-1248.0,Derived Holdings 2026-04-13 SPY 2018.xlsx,False
SPY,2018-12-31,nan,GLOBE LIFE INC ORD,UNITED STATES,0.0003599999999999,1176661.0,-1464.0,Derived Holdings 2026-04-13 SPY 2018.xlsx,False
SPY,2018-12-31,GRMN.K,GARMIN LTD ORD,SWITZERLAND,0.000357,1372232.0,-2129.0,Derived Holdings 2026-04-13 SPY 2018.xlsx,False
SPY,2018-12-31,WU.N,WESTERN UNION CO ORD,UNITED STATES,0.0003549999999999,5069972.0,-5911.0,Derived Holdings 2026-04-13 SPY 2018.xlsx,False
SPY,2018-12-31,ALLE.N,ALLEGION PLC ORD,IRELAND,0.0003529999999999,1077964.0,-1344.0,Derived Holdings 2026-04-13 SPY 2018.xlsx,False
SPY,2018-12-31,QRVO.OQ,QORVO INC ORD,UNITED STATES,0.0003529999999999,1414295.0,-1776.0,Derived Holdings 2026-04-13 SPY 2018.xlsx,False
SPY,2018-12-31,LKQ.OQ,LKQ CORP ORD,UNITED STATES,0.000352,3611077.0,-4937.0,Derived Holdings 2026-04-13 SPY 2018.xlsx,False
SPY,2018-12-31,ALK.N,ALASKA AIR GROUP INC ORD,UNITED STATES,0.000348,1391518.0,-1752.0,Derived Holdings 2026-04-13 SPY 2018.xlsx,False
SPY,2018-12-31,MHK.N,MOHAWK INDUSTRIES INC ORD,UNITED STATES,0.000344,715844.0,-888.0,Derived Holdings 2026-04-13 SPY 2018.xlsx,False
SPY,2018-12-31,BWA.N,BORGWARNER INC ORD,UNITED STATES,0.000339,2371627.0,-3377.0,Derived Holdings 2026-04-13 SPY 2018.xlsx,False
SPY,2018-12-31,nan,HOWMET AEROSPACE INC ORD,UNITED STATES,0.000338,4878849.0,-6946.0,Derived Holdings 2026-04-13 SPY 2018.xlsx,False
SPY,2018-12-31,BFH,BREAD FINANCIAL HOLDINGS INC ORD,UNITED STATES,0.000332,537879.0,-672.0,Derived Holdings 2026-04-13 SPY 2018.xlsx,False
SPY,2018-12-31,PVH.N,PVH CORP ORD,UNITED STATES,0.000332,869948.0,-1080.0,Derived Holdings 2026-04-13 SPY 2018.xlsx,False
SPY,2018-12-31,RHI.N,ROBERT HALF INC ORD,UNITED STATES,0.0003259999999999,1386685.0,-1728.0,Derived Holdings 2026-04-13 SPY 2018.xlsx,False
SPY,2018-12-31,nan,JACOBS SOLUTIONS INC ORD,UNITED STATES,0.0003239999999999,1347594.0,-2105.0,Derived Holdings 2026-04-13 SPY 2018.xlsx,False
SPY,2018-12-31,AIV.N,APARTMENT INVESTMENT AND MANAGEMENT CO ORD,UNITED STATES,0.00032,1776809.0,-1807.0,Derived Holdings 2026-04-13 SPY 2018.xlsx,False
SPY,2018-12-31,SLG.N,SL GREEN REALTY CORP ORD,UNITED STATES,0.000319,980374.0,-1224.0,Derived Holdings 2026-04-13 SPY 2018.xlsx,False
SPY,2018-12-31,IVZ.N,INVESCO LTD ORD,UNITED STATES,0.000319,4636593.0,-6257.0,Derived Holdings 2026-04-13 SPY 2018.xlsx,False
SPY,2018-12-31,SCG^A19,SCANA CORP ORD,UNITED STATES,0.000318,1617945.0,-2441.0,Derived Holdings 2026-04-13 SPY 2018.xlsx,False
SPY,2018-12-31,WHR.N,WHIRLPOOL CORP ORD,UNITED STATES,0.000318,723591.0,-912.0,Derived Holdings 2026-04-13 SPY 2018.xlsx,False
SPY,2018-12-31,PHM.N,PULTEGROUP INC ORD,UNITED STATES,0.000316,2961677.0,-3696.0,Derived Holdings 2026-04-13 SPY 2018.xlsx,False
SPY,2018-12-31,DVA.N,DAVITA INC ORD,UNITED STATES,0.000304,1438580.0,-1800.0,Derived Holdings 2026-04-13 SPY 2018.xlsx,False
SPY,2018-12-31,UNM.N,UNUM GROUP ORD,UNITED STATES,0.000299,2476391.0,-3521.0,Derived Holdings 2026-04-13 SPY 2018.xlsx,False
SPY,2018-12-31,CPB.O,CAMPBELL'S CO ORD,UNITED STATES,0.000293,2158470.0,-2736.0,Derived Holdings 2026-04-13 SPY 2018.xlsx,False
SPY,2018-12-31,KIM.N,KIMCO REALTY CORP ORD,UNITED STATES,0.000289,4796496.0,-6401.0,Derived Holdings 2026-04-13 SPY 2018.xlsx,False
SPY,2018-12-31,PNR.N,PENTAIR PLC ORD,IRELAND,0.000289,1860810.0,-2280.0,Derived Holdings 2026-04-13 SPY 2018.xlsx,False
SPY,2018-12-31,FL.MX,FOOT LOCKER INC ORD,UNITED STATES,0.000289,1324405.0,-1231.0,Derived Holdings 2026-04-13 SPY 2018.xlsx,False
SPY,2018-12-31,AOS.N,A O SMITH CORP ORD,UNITED STATES,0.000287,1634542.0,-2303.0,Derived Holdings 2026-04-13 SPY 2018.xlsx,False
SPY,2018-12-31,FLIR.O^E21,TELEDYNE FLIR LLC ORD,UNITED STATES,0.000277,1548838.0,-1968.0,Derived Holdings 2026-04-13 SPY 2018.xlsx,False
SPY,2018-12-31,nan,BATH & BODY WORKS INC ORD,UNITED STATES,0.000273,2589604.0,-3665.0,Derived Holdings 2026-04-13 SPY 2018.xlsx,False
SPY,2018-12-31,XEC^J21,CIMAREX ENERGY CO ORD,UNITED STATES,0.000273,1076878.0,-1769.0,Derived Holdings 2026-04-13 SPY 2018.xlsx,False
SPY,2018-12-31,RL.N,RALPH LAUREN CORP ORD,UNITED STATES,0.000271,638336.0,-367.0,Derived Holdings 2026-04-13 SPY 2018.xlsx,False
SPY,2018-12-31,DISH.O^A24,DISH NETWORK CORP ORD,UNITED STATES,0.000265,2584238.0,-3665.0,Derived Holdings 2026-04-13 SPY 2018.xlsx,False
SPY,2018-12-31,NKTR.OQ,NEKTAR THERAPEUTICS ORD,UNITED STATES,0.000264,1958389.0,-2873.0,Derived Holdings 2026-04-13 SPY 2018.xlsx,False
SPY,2018-12-31,HOG.N,HARLEY-DAVIDSON INC ORD,UNITED STATES,0.000264,1886594.0,-1927.0,Derived Holdings 2026-04-13 SPY 2018.xlsx,False
SPY,2018-12-31,nan,CAPRI HOLDINGS LTD ORD,UNITED KINGDOM,0.000264,1691699.0,-2537.0,Derived Holdings 2026-04-13 SPY 2018.xlsx,False
SPY,2018-12-31,GAP,GAP INC ORD,UNITED STATES,0.000263,2482592.0,-2647.0,Derived Holdings 2026-04-13 SPY 2018.xlsx,False
SPY,2018-12-31,SEE.SG,SEALED AIR CORP ORD,UNITED STATES,0.000258,1800643.0,-1831.0,Derived Holdings 2026-04-13 SPY 2018.xlsx,False
SPY,2018-12-31,TRIP.OQ,TRIPADVISOR INC ORD,UNITED STATES,0.000257,1160242.0,-1865.0,Derived Holdings 2026-04-13 SPY 2018.xlsx,False
SPY,2018-12-31,FBIN.K,FORTUNE BRANDS INNOVATIONS INC ORD,UNITED STATES,0.000252,1612874.0,-2016.0,Derived Holdings 2026-04-13 SPY 2018.xlsx,False
SPY,2018-12-31,PBCT.O^D22,PEOPLE'S UNITED FINANCIAL INC ORD,UNITED STATES,0.000251,4227604.0,-6980.0,Derived Holdings 2026-04-13 SPY 2018.xlsx,False
SPY,2018-12-31,JWN.MX,NORDSTROM INC ORD,UNITED STATES,0.000249,1299415.0,-1632.0,Derived Holdings 2026-04-13 SPY 2018.xlsx,False
SPY,2018-12-31,ROL.N,ROLLINS INC ORD,UNITED STATES,0.000248,1675357.0,556777.0,Derived Holdings 2026-04-13 SPY 2018.xlsx,False
SPY,2018-12-31,AMG.N,AFFILIATED MANAGERS GROUP INC ORD,UNITED STATES,0.000242,605724.0,-343.0,Derived Holdings 2026-04-13 SPY 2018.xlsx,False
SPY,2018-12-31,HP.N,HELMERICH AND PAYNE INC ORD,UNITED STATES,0.000242,1228817.0,-1961.0,Derived Holdings 2026-04-13 SPY 2018.xlsx,False
SPY,2018-12-31,HRB.N,H & R BLOCK INC ORD,UNITED STATES,0.000241,2312183.0,-3329.0,Derived Holdings 2026-04-13 SPY 2018.xlsx,False
SPY,2018-12-31,JEF.N,JEFFERIES FINANCIAL GROUP INC ORD,UNITED STATES,0.000234,3285944.0,-2404.0,Derived Holdings 2026-04-13 SPY 2018.xlsx,False
SPY,2018-12-31,FLS.N,FLOWSERVE CORP ORD,UNITED STATES,0.0002309999999999,1476591.0,-2273.0,Derived Holdings 2026-04-13 SPY 2018.xlsx,False
SPY,2018-12-31,PRGO.N,PERRIGO COMPANY PLC ORD,IRELAND,0.000227,1425624.0,-1776.0,Derived Holdings 2026-04-13 SPY 2018.xlsx,False
SPY,2018-12-31,GT.OQ,GOODYEAR TIRE & RUBBER CO ORD,UNITED STATES,0.000225,2685184.0,-2510.0,Derived Holdings 2026-04-13 SPY 2018.xlsx,False
SPY,2018-12-31,LEG.N,LEGGETT & PLATT INC ORD,UNITED STATES,0.0002199999999999,1491580.0,-2111.0,Derived Holdings 2026-04-13 SPY 2018.xlsx,False
SPY,2018-12-31,AIZ.N,ASSURANT INC ORD,UNITED STATES,0.0002199999999999,598245.0,-744.0,Derived Holdings 2026-04-13 SPY 2018.xlsx,False
SPY,2018-12-31,MAC.N,MACERICH CO ORD,UNITED STATES,0.000216,1214549.0,-1913.0,Derived Holdings 2026-04-13 SPY 2018.xlsx,False
SPY,2018-12-31,HN9f.ICEM,HANESBRANDS LLC ORD,UNITED STATES,0.000215,4176676.0,-5537.0,Derived Holdings 2026-04-13 SPY 2018.xlsx,False
SPY,2018-12-31,FLR.N,FLUOR CORP ORD,UNITED STATES,0.00021,1586588.0,-2417.0,Derived Holdings 2026-04-13 SPY 2018.xlsx,False
SPY,2018-12-31,PWR.N,QUANTA SERVICES INC ORD,UNITED STATES,0.000206,1669117.0,-1687.0,Derived Holdings 2026-04-13 SPY 2018.xlsx,False
SPY,2018-12-31,nan,XEROX HOLDINGS CORP ORD,UNITED STATES,0.000204,2517036.0,-3353.0,Derived Holdings 2026-04-13 SPY 2018.xlsx,False
SPY,2018-12-31,NWSA.OQ,NEWS CORP ORD,UNITED STATES,0.000202,4326047.0,-6699.0,Derived Holdings 2026-04-13 SPY 2018.xlsx,False
SPY,2018-12-31,IPGP.OQ,IPG PHOTONICS CORP ORD,UNITED STATES,0.0001899999999999,408160.0,-504.0,Derived Holdings 2026-04-13 SPY 2018.xlsx,False
SPY,2018-12-31,nan,WARNER BROS DISCOVERY INC ORD,UNITED STATES,0.000179,1761206.0,-2633.0,Derived Holdings 2026-04-13 SPY 2018.xlsx,False
SPY,2018-12-31,BHF.OQ,BRIGHTHOUSE FINANCIAL INC ORD,UNITED STATES,0.000169,1352417.0,-1279.0,Derived Holdings 2026-04-13 SPY 2018.xlsx,False
SPY,2018-12-31,MAT.OQ,MATTEL INC ORD,UNITED STATES,0.000159,3882656.0,-5722.0,Derived Holdings 2026-04-13 SPY 2018.xlsx,False
SPY,2018-12-31,UAA.N,UNDER ARMOUR INC ORD,UNITED STATES,0.000152,2098973.0,-3065.0,Derived Holdings 2026-04-13 SPY 2018.xlsx,False
SPY,2018-12-31,UA.N,UNDER ARMOUR INC ORD,UNITED STATES,0.0001409999999999,2125932.0,-3137.0,Derived Holdings 2026-04-13 SPY 2018.xlsx,False
SPY,2018-12-31,COTY.N,COTY INC ORD,UNITED STATES,0.000138,5105292.0,-7234.0,Derived Holdings 2026-04-13 SPY 2018.xlsx,False
SPY,2018-12-31,NFX^B19,NEWFIELD EXPLORATION CO ORD,UNITED STATES,0.000136,2254527.0,-3257.0,Derived Holdings 2026-04-13 SPY 2018.xlsx,False
SPY,2018-12-31,NWS.OQ,NEWS CORP ORD,UNITED STATES,6.2e-05,1297328.0,-2177.0,Derived Holdings 2026-04-13 SPY 2018.xlsx,False
SPY,2019-12-31,AAPL.OQ,APPLE INC ORD,UNITED STATES,0.0465299999999999,48707413.0,1477130.0,Derived Holdings 2026-04-13 SPY 2019.xlsx,False
SPY,2019-12-31,MSFT.OQ,MICROSOFT CORP ORD,UNITED STATES,0.045641,88965551.0,4073824.0,Derived Holdings 2026-04-13 SPY 2019.xlsx,False
SPY,2019-12-31,AMZN.OQ,AMAZON.COM INC ORD,UNITED STATES,0.0291979999999999,4857168.0,237607.0,Derived Holdings 2026-04-13 SPY 2019.xlsx,False
SPY,2019-12-31,META.O,META PLATFORMS INC ORD,UNITED STATES,0.0187379999999999,28063785.0,1316592.0,Derived Holdings 2026-04-13 SPY 2019.xlsx,False
SPY,2019-12-31,BRKb.N,BERKSHIRE HATHAWAY INC ORD,UNITED STATES,0.016808,22811010.0,1010049.0,Derived Holdings 2026-04-13 SPY 2019.xlsx,False
SPY,2019-12-31,JPM.N,JPMORGAN CHASE & CO ORD,UNITED STATES,0.016587,36576869.0,1026696.0,Derived Holdings 2026-04-13 SPY 2019.xlsx,False
SPY,2019-12-31,GOOGL.OQ,ALPHABET INC CLASS A ORD,UNITED STATES,0.015224,3493875.0,163480.0,Derived Holdings 2026-04-13 SPY 2019.xlsx,False
SPY,2019-12-31,GOOG.OQ,ALPHABET INC CLASS C ORD,UNITED STATES,0.015161,3485752.0,126122.0,Derived Holdings 2026-04-13 SPY 2019.xlsx,False
SPY,2019-12-31,JNJ.N,JOHNSON & JOHNSON ORD,UNITED STATES,0.014565,30692777.0,1350095.0,Derived Holdings 2026-04-13 SPY 2019.xlsx,False
SPY,2019-12-31,V.N,VISA INC ORD,UNITED STATES,0.0122029999999999,19963083.0,762216.0,Derived Holdings 2026-04-13 SPY 2019.xlsx,False
SPY,2019-12-31,PG.N,PROCTER & GAMBLE CO ORD,UNITED STATES,0.011813,29074070.0,1249475.0,Derived Holdings 2026-04-13 SPY 2019.xlsx,False
SPY,2019-12-31,XOM.N,EXXON MOBIL CORP ORD,UNITED STATES,0.011201,49342559.0,2300377.0,Derived Holdings 2026-04-13 SPY 2019.xlsx,False
SPY,2019-12-31,T.N,AT&T INC ORD,UNITED STATES,0.01083,85190030.0,3949582.0,Derived Holdings 2026-04-13 SPY 2019.xlsx,False
SPY,2019-12-31,BAC.N,BANK OF AMERICA CORP ORD,UNITED STATES,0.010817,94409249.0,1267233.0,Derived Holdings 2026-04-13 SPY 2019.xlsx,False
SPY,2019-12-31,UNH.N,UNITEDHEALTH GROUP INC ORD,UNITED STATES,0.0105659999999999,11048552.0,504786.0,Derived Holdings 2026-04-13 SPY 2019.xlsx,False
SPY,2019-12-31,MA.N,MASTERCARD INC ORD,UNITED STATES,0.010056,10352359.0,426171.0,Derived Holdings 2026-04-13 SPY 2019.xlsx,False
SPY,2019-12-31,DIS.N,WALT DISNEY CO ORD,UNITED STATES,0.00989,21019693.0,991410.0,Derived Holdings 2026-04-13 SPY 2019.xlsx,False
SPY,2019-12-31,INTC.OQ,INTEL CORP ORD,UNITED STATES,0.009877,50729231.0,1475899.0,Derived Holdings 2026-04-13 SPY 2019.xlsx,False
SPY,2019-12-31,VZ.N,VERIZON COMMUNICATIONS INC ORD,UNITED STATES,0.009634,48231301.0,2246540.0,Derived Holdings 2026-04-13 SPY 2019.xlsx,False
SPY,2019-12-31,HD.N,HOME DEPOT INC ORD,UNITED STATES,0.009042,12727852.0,551772.0,Derived Holdings 2026-04-13 SPY 2019.xlsx,False
SPY,2019-12-31,MRK.N,MERCK & CO INC ORD,UNITED STATES,0.008785,29690933.0,1224173.0,Derived Holdings 2026-04-13 SPY 2019.xlsx,False
SPY,2019-12-31,CVX.N,CHEVRON CORP ORD,UNITED STATES,0.00865,22064115.0,957093.0,Derived Holdings 2026-04-13 SPY 2019.xlsx,False
SPY,2019-12-31,PFE.N,PFIZER INC ORD,UNITED STATES,0.008226,64538088.0,3042867.0,Derived Holdings 2026-04-13 SPY 2019.xlsx,False
SPY,2019-12-31,KO.N,COCA-COLA CO ORD,UNITED STATES,0.008097,44968277.0,2181050.0,Derived Holdings 2026-04-13 SPY 2019.xlsx,False
SPY,2019-12-31,WFC.N,WELLS FARGO & CO ORD,UNITED STATES,0.007855,44883292.0,304421.0,Derived Holdings 2026-04-13 SPY 2019.xlsx,False
SPY,2019-12-31,CMCSA.OQ,COMCAST CORP ORD,UNITED STATES,0.0077449999999999,52942797.0,2515711.0,Derived Holdings 2026-04-13 SPY 2019.xlsx,False
SPY,2019-12-31,CSCO.OQ,CISCO SYSTEMS INC ORD,UNITED STATES,0.007719,49472916.0,2272782.0,Derived Holdings 2026-04-13 SPY 2019.xlsx,False
SPY,2019-12-31,PEP.OQ,PEPSICO INC ORD,UNITED STATES,0.007225,16250578.0,686892.0,Derived Holdings 2026-04-13 SPY 2019.xlsx,False
SPY,2019-12-31,C.N,CITIGROUP INC ORD,UNITED STATES,0.006617,25460347.0,304430.0,Derived Holdings 2026-04-13 SPY 2019.xlsx,False
SPY,2019-12-31,BA.N,BOEING CO ORD,UNITED STATES,0.006608,6235323.0,291694.0,Derived Holdings 2026-04-13 SPY 2019.xlsx,False
SPY,2019-12-31,WMT.O,WALMART INC ORD,UNITED STATES,0.006391,16530218.0,718606.0,Derived Holdings 2026-04-13 SPY 2019.xlsx,False
SPY,2019-12-31,ADBE.OQ,ADOBE INC ORD,UNITED STATES,0.0060519999999999,5640301.0,235831.0,Derived Holdings 2026-04-13 SPY 2019.xlsx,False
SPY,2019-12-31,ABT.N,ABBOTT LABORATORIES ORD,UNITED STATES,0.005824,20610619.0,929491.0,Derived Holdings 2026-04-13 SPY 2019.xlsx,False
SPY,2019-12-31,MDT.N,MEDTRONIC PLC ORD,IRELAND,0.005769,15631733.0,691396.0,Derived Holdings 2026-04-13 SPY 2019.xlsx,False
SPY,2019-12-31,BMY.N,BRISTOL-MYERS SQUIBB CO ORD,UNITED STATES,0.005709,27337922.0,1283575.0,Derived Holdings 2026-04-13 SPY 2019.xlsx,False
SPY,2019-12-31,MCD.N,MCDONALD'S CORP ORD,UNITED STATES,0.005646,8782316.0,325392.0,Derived Holdings 2026-04-13 SPY 2019.xlsx,False
SPY,2019-12-31,CRM.N,SALESFORCE INC ORD,UNITED STATES,0.005473,10344368.0,578458.0,Derived Holdings 2026-04-13 SPY 2019.xlsx,False
SPY,2019-12-31,NVDA.OQ,NVIDIA CORP ORD,UNITED STATES,0.005463,7136837.0,374562.0,Derived Holdings 2026-04-13 SPY 2019.xlsx,False
SPY,2019-12-31,AMGN.OQ,AMGEN INC ORD,UNITED STATES,0.005435,6929781.0,251696.0,Derived Holdings 2026-04-13 SPY 2019.xlsx,False
SPY,2019-12-31,NFLX.OQ,NETFLIX INC ORD,UNITED STATES,0.00538,5111090.0,235416.0,Derived Holdings 2026-04-13 SPY 2019.xlsx,False
SPY,2019-12-31,ACN.N,ACCENTURE PLC ORD,IRELAND,0.005071,7402804.0,321262.0,Derived Holdings 2026-04-13 SPY 2019.xlsx,False
SPY,2019-12-31,PM.N,PHILIP MORRIS INTERNATIONAL INC ORD,UNITED STATES,0.0050219999999999,18144144.0,818884.0,Derived Holdings 2026-04-13 SPY 2019.xlsx,False
SPY,2019-12-31,ABBV.N,ABBVIE INC ORD,UNITED STATES,0.004967,17245960.0,832098.0,Derived Holdings 2026-04-13 SPY 2019.xlsx,False
SPY,2019-12-31,TMO.N,THERMO FISHER SCIENTIFIC INC ORD,UNITED STATES,0.0049419999999999,4675992.0,216239.0,Derived Holdings 2026-04-13 SPY 2019.xlsx,False
SPY,2019-12-31,COST.OQ,COSTCO WHOLESALE CORP ORD,UNITED STATES,0.004926,5152144.0,254822.0,Derived Holdings 2026-04-13 SPY 2019.xlsx,False
SPY,2019-12-31,PYPL.OQ,PAYPAL HOLDINGS INC ORD,UNITED STATES,0.004812,13673428.0,570379.0,Derived Holdings 2026-04-13 SPY 2019.xlsx,False
SPY,2019-12-31,HON.O,HONEYWELL INTERNATIONAL INC ORD,UNITED STATES,0.004798,8332777.0,320507.0,Derived Holdings 2026-04-13 SPY 2019.xlsx,False
SPY,2019-12-31,NKE.N,NIKE INC ORD,UNITED STATES,0.004794,14544895.0,607826.0,Derived Holdings 2026-04-13 SPY 2019.xlsx,False
SPY,2019-12-31,UNP.N,UNION PACIFIC CORP ORD,UNITED STATES,0.004762,8095957.0,252241.0,Derived Holdings 2026-04-13 SPY 2019.xlsx,False
SPY,2019-12-31,AVGO.OQ,BROADCOM INC ORD,UNITED STATES,0.004755,4625515.0,192699.0,Derived Holdings 2026-04-13 SPY 2019.xlsx,False
SPY,2019-12-31,nan,RTX CORP ORD,UNITED STATES,0.0046089999999999,9461180.0,454659.0,Derived Holdings 2026-04-13 SPY 2019.xlsx,False
SPY,2019-12-31,TXN.OQ,TEXAS INSTRUMENTS INC ORD,UNITED STATES,0.004549,10900753.0,506758.0,Derived Holdings 2026-04-13 SPY 2019.xlsx,False
SPY,2019-12-31,IBM.N,INTERNATIONAL BUSINESS MACHINES CORP ORD,UNITED STATES,0.004504,10328273.0,463869.0,Derived Holdings 2026-04-13 SPY 2019.xlsx,False
SPY,2019-12-31,NEE.N,NEXTERA ENERGY INC ORD,UNITED STATES,0.00449,5699873.0,257212.0,Derived Holdings 2026-04-13 SPY 2019.xlsx,False
SPY,2019-12-31,ORCL.N,ORACLE CORP ORD,UNITED STATES,0.004355,25265312.0,748271.0,Derived Holdings 2026-04-13 SPY 2019.xlsx,False
SPY,2019-12-31,nan,LINDE PLC ORD,UNITED KINGDOM,0.00435,6280042.0,261785.0,Derived Holdings 2026-04-13 SPY 2019.xlsx,False
SPY,2019-12-31,LLY.N,ELI LILLY AND CO ORD,UNITED STATES,0.00422,9869975.0,409305.0,Derived Holdings 2026-04-13 SPY 2019.xlsx,False
SPY,2019-12-31,SBUX.OQ,STARBUCKS CORP ORD,UNITED STATES,0.003939,13772991.0,443679.0,Derived Holdings 2026-04-13 SPY 2019.xlsx,False
SPY,2019-12-31,AMT.N,AMERICAN TOWER CORP ORD,UNITED STATES,0.003862,5165924.0,236198.0,Derived Holdings 2026-04-13 SPY 2019.xlsx,False
SPY,2019-12-31,MMM.N,3M CO ORD,UNITED STATES,0.00384,6691310.0,291144.0,Derived Holdings 2026-04-13 SPY 2019.xlsx,False
SPY,2019-12-31,QCOM.OQ,QUALCOMM INC ORD,UNITED STATES,0.003812,13281671.0,578317.0,Derived Holdings 2026-04-13 SPY 2019.xlsx,False
SPY,2019-12-31,nan,USD CASH,UNITED STATES,0.003731,1146765707.0,641779349.0,Derived Holdings 2026-04-13 SPY 2019.xlsx,False
SPY,2019-12-31,DHR.N,DANAHER CORP ORD,UNITED STATES,0.0037219999999999,7455437.0,345501.0,Derived Holdings 2026-04-13 SPY 2019.xlsx,False
SPY,2019-12-31,GE.N,GENERAL ELECTRIC CO ORD,UNITED STATES,0.003698,101849079.0,5018869.0,Derived Holdings 2026-04-13 SPY 2019.xlsx,False
SPY,2019-12-31,CVS.N,CVS HEALTH CORP ORD,UNITED STATES,0.003667,15171825.0,689911.0,Derived Holdings 2026-04-13 SPY 2019.xlsx,False
SPY,2019-12-31,LMT.N,LOCKHEED MARTIN CORP ORD,UNITED STATES,0.003657,2887396.0,120109.0,Derived Holdings 2026-04-13 SPY 2019.xlsx,False
SPY,2019-12-31,MO.N,ALTRIA GROUP INC ORD,UNITED STATES,0.003526,21718701.0,945951.0,Derived Holdings 2026-04-13 SPY 2019.xlsx,False
SPY,2019-12-31,LOW.N,LOWE'S COMPANIES INC ORD,UNITED STATES,0.003493,8965756.0,371085.0,Derived Holdings 2026-04-13 SPY 2019.xlsx,False
SPY,2019-12-31,BKNG.OQ,BOOKING HOLDINGS INC ORD,UNITED STATES,0.00326,487971.0,14360.0,Derived Holdings 2026-04-13 SPY 2019.xlsx,False
SPY,2019-12-31,FIS.N,FIDELITY NATIONAL INFORMATION SERVICES INC ORD,UNITED STATES,0.003243,7167565.0,336086.0,Derived Holdings 2026-04-13 SPY 2019.xlsx,False
SPY,2019-12-31,USB.N,US BANCORP ORD,UNITED STATES,0.0031969999999999,16574653.0,606299.0,Derived Holdings 2026-04-13 SPY 2019.xlsx,False
SPY,2019-12-31,AXP.N,AMERICAN EXPRESS CO ORD,UNITED STATES,0.003169,7825151.0,251132.0,Derived Holdings 2026-04-13 SPY 2019.xlsx,False
SPY,2019-12-31,GILD.OQ,GILEAD SCIENCES INC ORD,UNITED STATES,0.0031119999999999,14720754.0,603552.0,Derived Holdings 2026-04-13 SPY 2019.xlsx,False
SPY,2019-12-31,UPS.N,UNITED PARCEL SERVICE INC ORD,UNITED STATES,0.0031119999999999,8172413.0,395676.0,Derived Holdings 2026-04-13 SPY 2019.xlsx,False
SPY,2019-12-31,CAT.N,CATERPILLAR INC ORD,UNITED STATES,0.003097,6445491.0,181021.0,Derived Holdings 2026-04-13 SPY 2019.xlsx,False
SPY,2019-12-31,MDLZ.OQ,MONDELEZ INTERNATIONAL INC ORD,UNITED STATES,0.003003,16757807.0,698498.0,Derived Holdings 2026-04-13 SPY 2019.xlsx,False
SPY,2019-12-31,ELV,ELEVANCE HEALTH INC ORD,UNITED STATES,0.002906,2957491.0,109873.0,Derived Holdings 2026-04-13 SPY 2019.xlsx,False
SPY,2019-12-31,CI.N,CIGNA GROUP ORD,UNITED STATES,0.002897,4355118.0,147902.0,Derived Holdings 2026-04-13 SPY 2019.xlsx,False
SPY,2019-12-31,CHTR.OQ,CHARTER COMMUNICATIONS INC ORD,UNITED STATES,0.002885,1828082.0,27680.0,Derived Holdings 2026-04-13 SPY 2019.xlsx,False
SPY,2019-12-31,TFC.N,TRUIST FINANCIAL CORP ORD,UNITED STATES,0.002865,15639356.0,7117282.0,Derived Holdings 2026-04-13 SPY 2019.xlsx,False
SPY,2019-12-31,TJX.N,TJX COMPANIES INC ORD,UNITED STATES,0.002809,14142213.0,678520.0,Derived Holdings 2026-04-13 SPY 2019.xlsx,False
SPY,2019-12-31,ADP.OQ,AUTOMATIC DATA PROCESSING INC ORD,UNITED STATES,0.002796,5041810.0,209260.0,Derived Holdings 2026-04-13 SPY 2019.xlsx,False
SPY,2019-12-31,BDX.N,BECTON DICKINSON AND CO ORD,UNITED STATES,0.002791,3154295.0,158941.0,Derived Holdings 2026-04-13 SPY 2019.xlsx,False
SPY,2019-12-31,GS.N,GOLDMAN SACHS GROUP INC ORD,UNITED STATES,0.00278,3716660.0,113156.0,Derived Holdings 2026-04-13 SPY 2019.xlsx,False
SPY,2019-12-31,CME.OQ,CME GROUP INC ORD,UNITED STATES,0.0027289999999999,4179543.0,204714.0,Derived Holdings 2026-04-13 SPY 2019.xlsx,False
SPY,2019-12-31,COP.N,CONOCOPHILLIPS ORD,UNITED STATES,0.0027069999999999,12795891.0,433746.0,Derived Holdings 2026-04-13 SPY 2019.xlsx,False
SPY,2019-12-31,CB.N,CHUBB LIMITED ORD,SWITZERLAND,0.002686,5303405.0,229593.0,Derived Holdings 2026-04-13 SPY 2019.xlsx,False
SPY,2019-12-31,PNC.N,PNC FINANCIAL SERVICES GROUP INC ORD,UNITED STATES,0.002654,5110202.0,152050.0,Derived Holdings 2026-04-13 SPY 2019.xlsx,False
SPY,2019-12-31,ISRG.OQ,INTUITIVE SURGICAL INC ORD,UNITED STATES,0.002593,1348300.0,67328.0,Derived Holdings 2026-04-13 SPY 2019.xlsx,False
SPY,2019-12-31,D.N,DOMINION ENERGY INC ORD,UNITED STATES,0.0025859999999999,9598544.0,446011.0,Derived Holdings 2026-04-13 SPY 2019.xlsx,False
SPY,2019-12-31,INTU.OQ,INTUIT INC ORD,UNITED STATES,0.002575,3022406.0,126395.0,Derived Holdings 2026-04-13 SPY 2019.xlsx,False
SPY,2019-12-31,SYK.N,STRYKER CORP ORD,UNITED STATES,0.002565,3755183.0,182370.0,Derived Holdings 2026-04-13 SPY 2019.xlsx,False
SPY,2019-12-31,SPGI.N,S&P GLOBAL INC ORD,UNITED STATES,0.002535,2854158.0,123469.0,Derived Holdings 2026-04-13 SPY 2019.xlsx,False
SPY,2019-12-31,SO.N,SOUTHERN CO ORD,UNITED STATES,0.002534,12230119.0,590837.0,Derived Holdings 2026-04-13 SPY 2019.xlsx,False
SPY,2019-12-31,DUK.N,DUKE ENERGY CORP ORD,UNITED STATES,0.002523,8502231.0,418415.0,Derived Holdings 2026-04-13 SPY 2019.xlsx,False
SPY,2019-12-31,FISV.O,FISERV INC ORD,UNITED STATES,0.002505,6660577.0,337820.0,Derived Holdings 2026-04-13 SPY 2019.xlsx,False
SPY,2019-12-31,TGT.N,TARGET CORP ORD,UNITED STATES,0.002476,5936874.0,236847.0,Derived Holdings 2026-04-13 SPY 2019.xlsx,False
SPY,2019-12-31,BSX.N,BOSTON SCIENTIFIC CORP ORD,UNITED STATES,0.002391,16254876.0,812766.0,Derived Holdings 2026-04-13 SPY 2019.xlsx,False
SPY,2019-12-31,MS.N,MORGAN STANLEY ORD,UNITED STATES,0.002386,14345413.0,357886.0,Derived Holdings 2026-04-13 SPY 2019.xlsx,False
SPY,2019-12-31,ZTS.N,ZOETIS INC ORD,UNITED STATES,0.002386,5541487.0,241525.0,Derived Holdings 2026-04-13 SPY 2019.xlsx,False
SPY,2019-12-31,AGN^E20,ALLERGAN PLC ORD,IRELAND,0.002375,3819546.0,166676.0,Derived Holdings 2026-04-13 SPY 2019.xlsx,False
SPY,2019-12-31,RTN^D20,RAYTHEON CO ORD,UNITED STATES,0.00231,3231943.0,141446.0,Derived Holdings 2026-04-13 SPY 2019.xlsx,False
SPY,2019-12-31,MU.OQ,MICRON TECHNOLOGY INC ORD,UNITED STATES,0.0022589999999999,12910095.0,597238.0,Derived Holdings 2026-04-13 SPY 2019.xlsx,False
SPY,2019-12-31,BLK.N,BLACKROCK INC ORD,UNITED STATES,0.0022489999999999,1375367.0,67369.0,Derived Holdings 2026-04-13 SPY 2019.xlsx,False
SPY,2019-12-31,CL.N,COLGATE-PALMOLIVE CO ORD,UNITED STATES,0.002233,9972026.0,434307.0,Derived Holdings 2026-04-13 SPY 2019.xlsx,False
SPY,2019-12-31,CCI.N,CROWN CASTLE INC ORD,UNITED STATES,0.002231,4823389.0,210408.0,Derived Holdings 2026-04-13 SPY 2019.xlsx,False
SPY,2019-12-31,MRSH.K,MARSH & MCLENNAN COMPANIES INC ORD,UNITED STATES,0.002136,5892784.0,255898.0,Derived Holdings 2026-04-13 SPY 2019.xlsx,False
SPY,2019-12-31,PLD.N,PROLOGIS INC ORD,UNITED STATES,0.002136,7367239.0,368131.0,Derived Holdings 2026-04-13 SPY 2019.xlsx,False
SPY,2019-12-31,AMAT.OQ,APPLIED MATERIALS INC ORD,UNITED STATES,0.002136,10754415.0,467912.0,Derived Holdings 2026-04-13 SPY 2019.xlsx,False
SPY,2019-12-31,VRTX.OQ,VERTEX PHARMACEUTICALS INC ORD,UNITED STATES,0.002136,2999114.0,148713.0,Derived Holdings 2026-04-13 SPY 2019.xlsx,False
SPY,2019-12-31,CSX.OQ,CSX CORP ORD,UNITED STATES,0.0021349999999999,9068747.0,180584.0,Derived Holdings 2026-04-13 SPY 2019.xlsx,False
SPY,2019-12-31,SLB.N,SLB NV ORD,UNITED STATES,0.002111,16144472.0,801620.0,Derived Holdings 2026-04-13 SPY 2019.xlsx,False
SPY,2019-12-31,GPN.N,GLOBAL PAYMENTS INC ORD,UNITED STATES,0.002075,3493457.0,152379.0,Derived Holdings 2026-04-13 SPY 2019.xlsx,False
SPY,2019-12-31,DE.N,DEERE & CO ORD,UNITED STATES,0.002065,3664476.0,158949.0,Derived Holdings 2026-04-13 SPY 2019.xlsx,False
SPY,2019-12-31,SCHW.N,CHARLES SCHWAB CORP ORD,UNITED STATES,0.002063,13332719.0,377562.0,Derived Holdings 2026-04-13 SPY 2019.xlsx,False
SPY,2019-12-31,NOC.N,NORTHROP GRUMMAN CORP ORD,UNITED STATES,0.002049,1831511.0,79054.0,Derived Holdings 2026-04-13 SPY 2019.xlsx,False
SPY,2019-12-31,BIIB.OQ,BIOGEN INC ORD,UNITED STATES,0.002032,2104675.0,50653.0,Derived Holdings 2026-04-13 SPY 2019.xlsx,False
SPY,2019-12-31,NOW.N,SERVICENOW INC ORD,UNITED STATES,0.00202,2198987.0,122991.0,Derived Holdings 2026-04-13 SPY 2019.xlsx,False
SPY,2019-12-31,ITW.N,ILLINOIS TOOL WORKS INC ORD,UNITED STATES,0.002002,3426139.0,148092.0,Derived Holdings 2026-04-13 SPY 2019.xlsx,False
SPY,2019-12-31,APD.N,AIR PRODUCTS AND CHEMICALS INC ORD,UNITED STATES,0.001965,2571033.0,128611.0,Derived Holdings 2026-04-13 SPY 2019.xlsx,False
SPY,2019-12-31,ICE.N,INTERCONTINENTAL EXCHANGE INC ORD,UNITED STATES,0.001963,6520562.0,281577.0,Derived Holdings 2026-04-13 SPY 2019.xlsx,False
SPY,2019-12-31,AMD.OQ,ADVANCED MICRO DEVICES INC ORD,UNITED STATES,0.001938,12986887.0,898572.0,Derived Holdings 2026-04-13 SPY 2019.xlsx,False
SPY,2019-12-31,NSC.N,NORFOLK SOUTHERN CORP ORD,UNITED STATES,0.00192,3040922.0,108379.0,Derived Holdings 2026-04-13 SPY 2019.xlsx,False
SPY,2019-12-31,PSX.N,PHILLIPS 66 ORD,UNITED STATES,0.001892,5218919.0,224231.0,Derived Holdings 2026-04-13 SPY 2019.xlsx,False
SPY,2019-12-31,EQIX.OQ,EQUINIX INC ORD,UNITED STATES,0.001888,994236.0,49691.0,Derived Holdings 2026-04-13 SPY 2019.xlsx,False
SPY,2019-12-31,AON.N,AON PLC ORD,IRELAND,0.0018599999999999,2744511.0,118581.0,Derived Holdings 2026-04-13 SPY 2019.xlsx,False
SPY,2019-12-31,ILMN.OQ,ILLUMINA INC ORD,UNITED STATES,0.00185,1713884.0,86708.0,Derived Holdings 2026-04-13 SPY 2019.xlsx,False
SPY,2019-12-31,EOG.N,EOG RESOURCES INC ORD,UNITED STATES,0.001849,6784330.0,344766.0,Derived Holdings 2026-04-13 SPY 2019.xlsx,False
SPY,2019-12-31,HUM.N,HUMANA INC ORD,UNITED STATES,0.001842,1544660.0,45422.0,Derived Holdings 2026-04-13 SPY 2019.xlsx,False
SPY,2019-12-31,EW.N,EDWARDS LIFESCIENCES CORP ORD,UNITED STATES,0.001835,2417299.0,97420.0,Derived Holdings 2026-04-13 SPY 2019.xlsx,False
SPY,2019-12-31,ECL.N,ECOLAB INC ORD,UNITED STATES,0.00183,2914865.0,127149.0,Derived Holdings 2026-04-13 SPY 2019.xlsx,False
SPY,2019-12-31,COF.N,CAPITAL ONE FINANCIAL CORP ORD,UNITED STATES,0.001828,5461193.0,235164.0,Derived Holdings 2026-04-13 SPY 2019.xlsx,False
SPY,2019-12-31,SHW.N,SHERWIN-WILLIAMS CO ORD,UNITED STATES,0.001814,955411.0,41209.0,Derived Holdings 2026-04-13 SPY 2019.xlsx,False
SPY,2019-12-31,DD.N,DUPONT DE NEMOURS INC ORD,UNITED STATES,0.001809,8660743.0,342528.0,Derived Holdings 2026-04-13 SPY 2019.xlsx,False
SPY,2019-12-31,KMB.O,KIMBERLY-CLARK CORP ORD,UNITED STATES,0.001789,3998303.0,173246.0,Derived Holdings 2026-04-13 SPY 2019.xlsx,False
SPY,2019-12-31,AEP.O,AMERICAN ELECTRIC POWER COMPANY INC ORD,UNITED STATES,0.001771,5760179.0,299035.0,Derived Holdings 2026-04-13 SPY 2019.xlsx,False
SPY,2019-12-31,EMR.N,EMERSON ELECTRIC CO ORD,UNITED STATES,0.0017699999999999,7132832.0,308331.0,Derived Holdings 2026-04-13 SPY 2019.xlsx,False
SPY,2019-12-31,EL.N,ESTEE LAUDER COMPANIES INC ORD,UNITED STATES,0.0017439999999999,2595427.0,131952.0,Derived Holdings 2026-04-13 SPY 2019.xlsx,False
SPY,2019-12-31,GM.N,GENERAL MOTORS CO ORD,UNITED STATES,0.0017419999999999,14628407.0,637304.0,Derived Holdings 2026-04-13 SPY 2019.xlsx,False
SPY,2019-12-31,SPG.N,SIMON PROPERTY GROUP INC ORD,UNITED STATES,0.001733,3575451.0,155585.0,Derived Holdings 2026-04-13 SPY 2019.xlsx,False
SPY,2019-12-31,ATVIn.BCU,ACTIVISION BLIZZARD INC ORD,UNITED STATES,0.001723,8913390.0,388858.0,Derived Holdings 2026-04-13 SPY 2019.xlsx,False
SPY,2019-12-31,AIG.N,AMERICAN INTERNATIONAL GROUP INC ORD,UNITED STATES,0.001686,10097374.0,440235.0,Derived Holdings 2026-04-13 SPY 2019.xlsx,False
SPY,2019-12-31,WM.N,WASTE MANAGEMENT INC ORD,UNITED STATES,0.001685,4544920.0,197793.0,Derived Holdings 2026-04-13 SPY 2019.xlsx,False
SPY,2019-12-31,WBA.MX,WALGREENS BOOTS ALLIANCE INC ORD,UNITED STATES,0.0016769999999999,8743118.0,295159.0,Derived Holdings 2026-04-13 SPY 2019.xlsx,False
SPY,2019-12-31,EXC.OQ,EXELON CORP ORD,UNITED STATES,0.001676,11297509.0,492535.0,Derived Holdings 2026-04-13 SPY 2019.xlsx,False
SPY,2019-12-31,LHX.N,L3HARRIS TECHNOLOGIES INC ORD,UNITED STATES,0.0016719999999999,2598090.0,111695.0,Derived Holdings 2026-04-13 SPY 2019.xlsx,False
SPY,2019-12-31,ADI.OQ,ANALOG DEVICES INC ORD,UNITED STATES,0.001663,4301617.0,186936.0,Derived Holdings 2026-04-13 SPY 2019.xlsx,False
SPY,2019-12-31,SYY.N,SYSCO CORP ORD,UNITED STATES,0.0016619999999999,5972535.0,258029.0,Derived Holdings 2026-04-13 SPY 2019.xlsx,False
SPY,2019-12-31,SRE.N,SEMPRA ORD,UNITED STATES,0.00162,3287772.0,253460.0,Derived Holdings 2026-04-13 SPY 2019.xlsx,False
SPY,2019-12-31,BAX.N,BAXTER INTERNATIONAL INC ORD,UNITED STATES,0.001617,5943703.0,258345.0,Derived Holdings 2026-04-13 SPY 2019.xlsx,False
SPY,2019-12-31,ROST.OQ,ROSS STORES INC ORD,UNITED STATES,0.001607,4243439.0,183180.0,Derived Holdings 2026-04-13 SPY 2019.xlsx,False
SPY,2019-12-31,PGR.N,PROGRESSIVE CORP ORD,UNITED STATES,0.001606,6818102.0,354024.0,Derived Holdings 2026-04-13 SPY 2019.xlsx,False
SPY,2019-12-31,BK.N,BANK OF NEW YORK MELLON CORP ORD,UNITED STATES,0.001602,9786647.0,234218.0,Derived Holdings 2026-04-13 SPY 2019.xlsx,False
SPY,2019-12-31,LRCX.OQ,LAM RESEARCH CORP ORD,UNITED STATES,0.001601,1682769.0,73167.0,Derived Holdings 2026-04-13 SPY 2019.xlsx,False
SPY,2019-12-31,MAR.OQ,MARRIOTT INTERNATIONAL INC ORD,UNITED STATES,0.001567,3180432.0,136925.0,Derived Holdings 2026-04-13 SPY 2019.xlsx,False
SPY,2019-12-31,GD.N,GENERAL DYNAMICS CORP ORD,UNITED STATES,0.001563,2724227.0,118739.0,Derived Holdings 2026-04-13 SPY 2019.xlsx,False
SPY,2019-12-31,KMI.N,KINDER MORGAN INC ORD,UNITED STATES,0.001552,22542675.0,986477.0,Derived Holdings 2026-04-13 SPY 2019.xlsx,False
SPY,2019-12-31,DOW.N,DOW INC ORD,UNITED STATES,0.00154,8649675.0,375320.0,Derived Holdings 2026-04-13 SPY 2019.xlsx,False
SPY,2019-12-31,ADSK.OQ,AUTODESK INC ORD,UNITED STATES,0.0015249999999999,2555374.0,111012.0,Derived Holdings 2026-04-13 SPY 2019.xlsx,False
SPY,2019-12-31,DG.N,DOLLAR GENERAL CORP ORD,UNITED STATES,0.001517,2990457.0,128515.0,Derived Holdings 2026-04-13 SPY 2019.xlsx,False
SPY,2019-12-31,MET.N,METLIFE INC ORD,UNITED STATES,0.001511,9115559.0,252164.0,Derived Holdings 2026-04-13 SPY 2019.xlsx,False
SPY,2019-12-31,ETN.N,EATON CORPORATION PLC ORD,IRELAND,0.001486,4821219.0,145235.0,Derived Holdings 2026-04-13 SPY 2019.xlsx,False
SPY,2019-12-31,HCA.N,HCA HEALTHCARE INC ORD,UNITED STATES,0.001485,3088299.0,133754.0,Derived Holdings 2026-04-13 SPY 2019.xlsx,False
SPY,2019-12-31,MPC.N,MARATHON PETROLEUM CORP ORD,UNITED STATES,0.001484,7572567.0,243399.0,Derived Holdings 2026-04-13 SPY 2019.xlsx,False
SPY,2019-12-31,AFL.N,AFLAC INC ORD,UNITED STATES,0.001482,8614026.0,371406.0,Derived Holdings 2026-04-13 SPY 2019.xlsx,False
SPY,2019-12-31,VLO.N,VALERO ENERGY CORP ORD,UNITED STATES,0.001469,4821252.0,207604.0,Derived Holdings 2026-04-13 SPY 2019.xlsx,False
SPY,2019-12-31,MCO.N,MOODY'S CORP ORD,UNITED STATES,0.001463,1893972.0,82418.0,Derived Holdings 2026-04-13 SPY 2019.xlsx,False
SPY,2019-12-31,PRU.N,PRUDENTIAL FINANCIAL INC ORD,UNITED STATES,0.0014269999999999,4679191.0,203680.0,Derived Holdings 2026-04-13 SPY 2019.xlsx,False
SPY,2019-12-31,ROP.O,ROPER TECHNOLOGIES INC ORD,UNITED STATES,0.001393,1208427.0,53141.0,Derived Holdings 2026-04-13 SPY 2019.xlsx,False
SPY,2019-12-31,OXY.N,OCCIDENTAL PETROLEUM CORP ORD,UNITED STATES,0.001392,10385333.0,452809.0,Derived Holdings 2026-04-13 SPY 2019.xlsx,False
SPY,2019-12-31,ALL.N,ALLSTATE CORP ORD,UNITED STATES,0.001382,3777983.0,112679.0,Derived Holdings 2026-04-13 SPY 2019.xlsx,False
SPY,2019-12-31,F.N,FORD MOTOR CO ORD,UNITED STATES,0.001379,45574704.0,1969626.0,Derived Holdings 2026-04-13 SPY 2019.xlsx,False
SPY,2019-12-31,FDX.N,FEDEX CORP ORD,UNITED STATES,0.001367,2778770.0,121104.0,Derived Holdings 2026-04-13 SPY 2019.xlsx,False
SPY,2019-12-31,TRV.N,TRAVELERS COMPANIES INC ORD,UNITED STATES,0.0013469999999999,3024352.0,116997.0,Derived Holdings 2026-04-13 SPY 2019.xlsx,False
SPY,2019-12-31,NEM.N,NEWMONT CORPORATION ORD,UNITED STATES,0.001344,9507846.0,415005.0,Derived Holdings 2026-04-13 SPY 2019.xlsx,False
SPY,2019-12-31,CTSH.OQ,COGNIZANT TECHNOLOGY SOLUTIONS CORP ORD,UNITED STATES,0.001297,6426495.0,276373.0,Derived Holdings 2026-04-13 SPY 2019.xlsx,False
SPY,2019-12-31,DAL.N,DELTA AIR LINES INC ORD,UNITED STATES,0.001281,6734966.0,290828.0,Derived Holdings 2026-04-13 SPY 2019.xlsx,False
SPY,2019-12-31,ORLY.OQ,O'REILLY AUTOMOTIVE INC ORD,UNITED STATES,0.00127,890775.0,38686.0,Derived Holdings 2026-04-13 SPY 2019.xlsx,False
SPY,2019-12-31,XEL.OQ,XCEL ENERGY INC ORD,UNITED STATES,0.001261,6105373.0,266107.0,Derived Holdings 2026-04-13 SPY 2019.xlsx,False
SPY,2019-12-31,WELL.N,WELLTOWER INC ORD,UNITED STATES,0.001253,4711456.0,205362.0,Derived Holdings 2026-04-13 SPY 2019.xlsx,False
SPY,2019-12-31,VFC.N,VF CORP ORD,UNITED STATES,0.001238,3819017.0,206135.0,Derived Holdings 2026-04-13 SPY 2019.xlsx,False
SPY,2019-12-31,GIS.N,GENERAL MILLS INC ORD,UNITED STATES,0.001228,7048674.0,384640.0,Derived Holdings 2026-04-13 SPY 2019.xlsx,False
SPY,2019-12-31,TEL.N,TE CONNECTIVITY PLC ORD,IRELAND,0.001221,3917242.0,169076.0,Derived Holdings 2026-04-13 SPY 2019.xlsx,False
SPY,2019-12-31,APH.N,AMPHENOL CORP ORD,UNITED STATES,0.001217,3455807.0,132198.0,Derived Holdings 2026-04-13 SPY 2019.xlsx,False
SPY,2019-12-31,nan,TRANE TECHNOLOGIES PLC ORD,IRELAND,0.001213,2805630.0,120946.0,Derived Holdings 2026-04-13 SPY 2019.xlsx,False
SPY,2019-12-31,PSA.N,PUBLIC STORAGE ORD,UNITED STATES,0.001203,1736852.0,75690.0,Derived Holdings 2026-04-13 SPY 2019.xlsx,False
SPY,2019-12-31,STZ.N,CONSTELLATION BRANDS INC ORD,UNITED STATES,0.001201,1945379.0,85099.0,Derived Holdings 2026-04-13 SPY 2019.xlsx,False
SPY,2019-12-31,EA.OQ,ELECTRONIC ARTS INC ORD,UNITED STATES,0.001199,3428934.0,147858.0,Derived Holdings 2026-04-13 SPY 2019.xlsx,False
SPY,2019-12-31,PPG.N,PPG INDUSTRIES INC ORD,UNITED STATES,0.001193,2746583.0,119422.0,Derived Holdings 2026-04-13 SPY 2019.xlsx,False
SPY,2019-12-31,JCI.N,JOHNSON CONTROLS INTERNATIONAL PLC ORD,IRELAND,0.001191,8995972.0,141070.0,Derived Holdings 2026-04-13 SPY 2019.xlsx,False
SPY,2019-12-31,HLT.N,HILTON WORLDWIDE HOLDINGS INC ORD,UNITED STATES,0.001187,3290752.0,97154.0,Derived Holdings 2026-04-13 SPY 2019.xlsx,False
SPY,2019-12-31,OKE.N,ONEOK INC ORD,UNITED STATES,0.001179,4788363.0,209567.0,Derived Holdings 2026-04-13 SPY 2019.xlsx,False
SPY,2019-12-31,ZBH.N,"ZIMMER BIOMET HOLDINGS, INC ORD",UNITED STATES,0.001168,2398866.0,135542.0,Derived Holdings 2026-04-13 SPY 2019.xlsx,False
SPY,2019-12-31,YUM.N,YUM! BRANDS INC ORD,UNITED STATES,0.001162,3544859.0,153097.0,Derived Holdings 2026-04-13 SPY 2019.xlsx,False
SPY,2019-12-31,HPQ.N,HP INC ORD,UNITED STATES,0.001153,17252630.0,750880.0,Derived Holdings 2026-04-13 SPY 2019.xlsx,False
SPY,2019-12-31,INFO.K^B22,IHS MARKIT LTD ORD,BERMUDA,0.001145,4669525.0,202915.0,Derived Holdings 2026-04-13 SPY 2019.xlsx,False
SPY,2019-12-31,ED.N,CONSOLIDATED EDISON INC ORD,UNITED STATES,0.001138,3867277.0,168358.0,Derived Holdings 2026-04-13 SPY 2019.xlsx,False
SPY,2019-12-31,REGN.OQ,REGENERON PHARMACEUTICALS INC ORD,UNITED STATES,0.001136,930172.0,40368.0,Derived Holdings 2026-04-13 SPY 2019.xlsx,False
SPY,2019-12-31,PEG.N,PUBLIC SERVICE ENTERPRISE GROUP INC ORD,UNITED STATES,0.001124,5851815.0,255822.0,Derived Holdings 2026-04-13 SPY 2019.xlsx,False
SPY,2019-12-31,AVB.N,AVALONBAY COMMUNITIES INC ORD,UNITED STATES,0.001107,1622324.0,70644.0,Derived Holdings 2026-04-13 SPY 2019.xlsx,False
SPY,2019-12-31,WEC.N,WEC ENERGY GROUP INC ORD,UNITED STATES,0.001096,3651352.0,159948.0,Derived Holdings 2026-04-13 SPY 2019.xlsx,False
SPY,2019-12-31,STT.N,STATE STREET CORP ORD,UNITED STATES,0.001091,4240684.0,89147.0,Derived Holdings 2026-04-13 SPY 2019.xlsx,False
SPY,2019-12-31,TROW.OQ,T ROWE PRICE GROUP INC ORD,UNITED STATES,0.001085,2736883.0,105981.0,Derived Holdings 2026-04-13 SPY 2019.xlsx,False
SPY,2019-12-31,WMB.N,WILLIAMS COMPANIES INC ORD,UNITED STATES,0.001082,14020061.0,613639.0,Derived Holdings 2026-04-13 SPY 2019.xlsx,False
SPY,2019-12-31,AZO.N,AUTOZONE INC ORD,UNITED STATES,0.001075,277507.0,4416.0,Derived Holdings 2026-04-13 SPY 2019.xlsx,False
SPY,2019-12-31,KLAC.OQ,KLA CORP ORD,UNITED STATES,0.0010739999999999,1853025.0,79930.0,Derived Holdings 2026-04-13 SPY 2019.xlsx,False
SPY,2019-12-31,EQR.N,EQUITY RESIDENTIAL ORD,UNITED STATES,0.001068,4058539.0,176768.0,Derived Holdings 2026-04-13 SPY 2019.xlsx,False
SPY,2019-12-31,IQV.N,IQVIA HOLDINGS INC ORD,UNITED STATES,0.001066,2120227.0,91669.0,Derived Holdings 2026-04-13 SPY 2019.xlsx,False
SPY,2019-12-31,TDG.N,TRANSDIGM GROUP INC ORD,UNITED STATES,0.001053,578114.0,25230.0,Derived Holdings 2026-04-13 SPY 2019.xlsx,False
SPY,2019-12-31,EBAY.OQ,EBAY INC ORD,UNITED STATES,0.001048,8917862.0,137806.0,Derived Holdings 2026-04-13 SPY 2019.xlsx,False
SPY,2019-12-31,MSI.N,MOTOROLA SOLUTIONS INC ORD,UNITED STATES,0.001047,1998032.0,164455.0,Derived Holdings 2026-04-13 SPY 2019.xlsx,False
SPY,2019-12-31,CMI.N,CUMMINS INC ORD,UNITED STATES,0.00104,1786461.0,29298.0,Derived Holdings 2026-04-13 SPY 2019.xlsx,False
SPY,2019-12-31,ES.N,EVERSOURCE ENERGY ORD,UNITED STATES,0.001034,3737959.0,164153.0,Derived Holdings 2026-04-13 SPY 2019.xlsx,False
SPY,2019-12-31,PCAR.OQ,PACCAR INC ORD,UNITED STATES,0.001031,4005461.0,174928.0,Derived Holdings 2026-04-13 SPY 2019.xlsx,False
SPY,2019-12-31,SBAC.OQ,SBA COMMUNICATIONS CORP ORD,UNITED STATES,0.001029,1312869.0,57188.0,Derived Holdings 2026-04-13 SPY 2019.xlsx,False
SPY,2019-12-31,PAYX.OQ,PAYCHEX INC ORD,UNITED STATES,0.0010249999999999,3704523.0,161472.0,Derived Holdings 2026-04-13 SPY 2019.xlsx,False
SPY,2019-12-31,EIX.N,EDISON INTERNATIONAL ORD,UNITED STATES,0.001023,4169444.0,181814.0,Derived Holdings 2026-04-13 SPY 2019.xlsx,False
SPY,2019-12-31,DFS.MX,DISCOVER FINANCIAL SERVICES ORD,UNITED STATES,0.001022,3702401.0,158633.0,Derived Holdings 2026-04-13 SPY 2019.xlsx,False
SPY,2019-12-31,TSN.N,TYSON FOODS INC ORD,UNITED STATES,0.001016,3430632.0,149856.0,Derived Holdings 2026-04-13 SPY 2019.xlsx,False
SPY,2019-12-31,A.N,AGILENT TECHNOLOGIES INC ORD,UNITED STATES,0.001,3602837.0,156660.0,Derived Holdings 2026-04-13 SPY 2019.xlsx,False
SPY,2019-12-31,PH.N,PARKER-HANNIFIN CORP ORD,UNITED STATES,0.000999,1491970.0,64757.0,Derived Holdings 2026-04-13 SPY 2019.xlsx,False
SPY,2019-12-31,FE.N,FIRSTENERGY CORP ORD,UNITED STATES,0.000994,6286560.0,273483.0,Derived Holdings 2026-04-13 SPY 2019.xlsx,False
SPY,2019-12-31,WTW.O,WILLIS TOWERS WATSON PLC ORD,UNITED KINGDOM,0.000981,1493753.0,64757.0,Derived Holdings 2026-04-13 SPY 2019.xlsx,False
SPY,2019-12-31,PPL.N,PPL CORP ORD,UNITED STATES,0.00098,8397342.0,366151.0,Derived Holdings 2026-04-13 SPY 2019.xlsx,False
SPY,2019-12-31,ADM.N,ARCHER-DANIELS-MIDLAND CO ORD,UNITED STATES,0.000979,6489898.0,281893.0,Derived Holdings 2026-04-13 SPY 2019.xlsx,False
SPY,2019-12-31,CNC.N,CENTENE CORP ORD,UNITED STATES,0.000978,4784146.0,209567.0,Derived Holdings 2026-04-13 SPY 2019.xlsx,False
SPY,2019-12-31,LUV.N,SOUTHWEST AIRLINES CO ORD,UNITED STATES,0.00097,5523638.0,137795.0,Derived Holdings 2026-04-13 SPY 2019.xlsx,False
SPY,2019-12-31,PNKf.TPRM,PIONEER NATURAL RESOURCES CO ORD,UNITED STATES,0.000961,1952072.0,84100.0,Derived Holdings 2026-04-13 SPY 2019.xlsx,False
SPY,2019-12-31,MCHP.OQ,MICROCHIP TECHNOLOGY INC ORD,UNITED STATES,0.000949,2787138.0,163162.0,Derived Holdings 2026-04-13 SPY 2019.xlsx,False
SPY,2019-12-31,SWK.N,STANLEY BLACK & DECKER INC ORD,UNITED STATES,0.000948,1757356.0,76531.0,Derived Holdings 2026-04-13 SPY 2019.xlsx,False
SPY,2019-12-31,DTE.N,DTE ENERGY CO ORD,UNITED STATES,0.000947,2240678.0,208204.0,Derived Holdings 2026-04-13 SPY 2019.xlsx,False
SPY,2019-12-31,MCK.N,MCKESSON CORP ORD,UNITED STATES,0.000945,2100862.0,41854.0,Derived Holdings 2026-04-13 SPY 2019.xlsx,False
SPY,2019-12-31,TWRde.TPRM,TWITTER INC ORD,UNITED STATES,0.000939,9001527.0,393455.0,Derived Holdings 2026-04-13 SPY 2019.xlsx,False
SPY,2019-12-31,DLR.N,DIGITAL REALTY TRUST INC ORD,UNITED STATES,0.0009379999999999,2407114.0,106124.0,Derived Holdings 2026-04-13 SPY 2019.xlsx,False
SPY,2019-12-31,nan,CORPAY INC ORD,UNITED STATES,0.000937,1000659.0,43732.0,Derived Holdings 2026-04-13 SPY 2019.xlsx,False
SPY,2019-12-31,XLNX.O^B22,XILINX INC ORD,UNITED STATES,0.000936,2943665.0,127026.0,Derived Holdings 2026-04-13 SPY 2019.xlsx,False
SPY,2019-12-31,TMUS.OQ,T-MOBILE US INC ORD,UNITED STATES,0.000935,3666566.0,160024.0,Derived Holdings 2026-04-13 SPY 2019.xlsx,False
SPY,2019-12-31,MNST.OQ,MONSTER BEVERAGE CORP ORD,UNITED STATES,0.0009299999999999,4500155.0,193114.0,Derived Holdings 2026-04-13 SPY 2019.xlsx,False
SPY,2019-12-31,VRSK.OQ,VERISK ANALYTICS INC ORD,UNITED STATES,0.0009229999999999,1898915.0,83417.0,Derived Holdings 2026-04-13 SPY 2019.xlsx,False
SPY,2019-12-31,LYB.N,LYONDELLBASELL INDUSTRIES NV ORD,UNITED KINGDOM,0.0009229999999999,3003975.0,129356.0,Derived Holdings 2026-04-13 SPY 2019.xlsx,False
SPY,2019-12-31,APTV.N,APTIV PLC ORD,SWITZERLAND,0.000921,2981812.0,129514.0,Derived Holdings 2026-04-13 SPY 2019.xlsx,False
SPY,2019-12-31,ALXN.O^G21,ALEXION PHARMACEUTICALS INC (PRE-MERGER) ORD,UNITED STATES,0.000915,2599310.0,111730.0,Derived Holdings 2026-04-13 SPY 2019.xlsx,False
SPY,2019-12-31,O.N,REALTY INCOME CORP ORD,UNITED STATES,0.00091,3800692.0,296326.0,Derived Holdings 2026-04-13 SPY 2019.xlsx,False
SPY,2019-12-31,ETR.N,ENTERGY CORP ORD,UNITED STATES,0.000902,2315034.0,101078.0,Derived Holdings 2026-04-13 SPY 2019.xlsx,False
SPY,2019-12-31,ROK.N,ROCKWELL AUTOMATION INC ORD,UNITED STATES,0.000898,1361566.0,58870.0,Derived Holdings 2026-04-13 SPY 2019.xlsx,False
SPY,2019-12-31,CERN.O^F22,CERNER CORP ORD,UNITED STATES,0.000884,3703381.0,158633.0,Derived Holdings 2026-04-13 SPY 2019.xlsx,False
SPY,2019-12-31,LVS.N,LAS VEGAS SANDS CORP ORD,UNITED STATES,0.000884,3936436.0,123223.0,Derived Holdings 2026-04-13 SPY 2019.xlsx,False
SPY,2019-12-31,KR.N,KROGER CO ORD,UNITED STATES,0.000877,9299851.0,406835.0,Derived Holdings 2026-04-13 SPY 2019.xlsx,False
SPY,2019-12-31,NTRS.OQ,NORTHERN TRUST CORP ORD,UNITED STATES,0.000864,2498920.0,106491.0,Derived Holdings 2026-04-13 SPY 2019.xlsx,False
SPY,2019-12-31,RCL.N,ROYAL CARIBBEAN CRUISES LTD ORD,UNITED STATES,0.000863,1987550.0,86623.0,Derived Holdings 2026-04-13 SPY 2019.xlsx,False
SPY,2019-12-31,GLW.N,CORNING INC ORD,UNITED STATES,0.000861,9096238.0,388593.0,Derived Holdings 2026-04-13 SPY 2019.xlsx,False
SPY,2019-12-31,MTB.N,M&T BANK CORP ORD,UNITED STATES,0.000859,1554780.0,66281.0,Derived Holdings 2026-04-13 SPY 2019.xlsx,False
SPY,2019-12-31,AME.N,AMETEK INC ORD,UNITED STATES,0.000855,2636614.0,116216.0,Derived Holdings 2026-04-13 SPY 2019.xlsx,False
SPY,2019-12-31,nan,PARAMOUNT SKYDANCE CORP ORD,UNITED STATES,0.000854,6256737.0,,Derived Holdings 2026-04-13 SPY 2019.xlsx,False
SPY,2019-12-31,FTV.N,FORTIVE CORP ORD,UNITED STATES,0.000853,3431660.0,149856.0,Derived Holdings 2026-04-13 SPY 2019.xlsx,False
SPY,2019-12-31,IDXX.OQ,IDEXX LABORATORIES INC ORD,UNITED STATES,0.000848,997768.0,43732.0,Derived Holdings 2026-04-13 SPY 2019.xlsx,False
SPY,2019-12-31,WY.N,WEYERHAEUSER CO ORD,UNITED STATES,0.000847,8622844.0,377160.0,Derived Holdings 2026-04-13 SPY 2019.xlsx,False
SPY,2019-12-31,CTAS.OQ,CINTAS CORP ORD,UNITED STATES,0.000846,966318.0,42050.0,Derived Holdings 2026-04-13 SPY 2019.xlsx,False
SPY,2019-12-31,DLTR.OQ,DOLLAR TREE INC ORD,UNITED STATES,0.000843,2754061.0,119422.0,Derived Holdings 2026-04-13 SPY 2019.xlsx,False
SPY,2019-12-31,AWK.N,AMERICAN WATER WORKS CO INC ORD,UNITED STATES,0.000837,2095573.0,91827.0,Derived Holdings 2026-04-13 SPY 2019.xlsx,False
SPY,2019-12-31,RMD.N,RESMED INC ORD,UNITED STATES,0.000837,1659501.0,73325.0,Derived Holdings 2026-04-13 SPY 2019.xlsx,False
SPY,2019-12-31,CTVA.N,CORTEVA INC ORD,UNITED STATES,0.0008359999999999,8698051.0,378608.0,Derived Holdings 2026-04-13 SPY 2019.xlsx,False
SPY,2019-12-31,ANSS.MX,ANSYS INC ORD,UNITED STATES,0.000835,997528.0,63549.0,Derived Holdings 2026-04-13 SPY 2019.xlsx,False
SPY,2019-12-31,HIG.N,HARTFORD INSURANCE GROUP INC ORD,UNITED STATES,0.000829,4192531.0,182497.0,Derived Holdings 2026-04-13 SPY 2019.xlsx,False
SPY,2019-12-31,HSY.N,HERSHEY CO ORD,UNITED STATES,0.000829,1733483.0,74849.0,Derived Holdings 2026-04-13 SPY 2019.xlsx,False
SPY,2019-12-31,FITB.OQ,FIFTH THIRD BANCORP ORD,UNITED STATES,0.000828,8275963.0,183969.0,Derived Holdings 2026-04-13 SPY 2019.xlsx,False
SPY,2019-12-31,MSCI.N,MSCI INC ORD,UNITED STATES,0.00082,976394.0,42891.0,Derived Holdings 2026-04-13 SPY 2019.xlsx,False
SPY,2019-12-31,HAL.N,HALLIBURTON CO ORD,UNITED STATES,0.000815,10236645.0,601222.0,Derived Holdings 2026-04-13 SPY 2019.xlsx,False
SPY,2019-12-31,BALL.K,BALL CORP ORD,UNITED STATES,0.0008119999999999,3861622.0,165361.0,Derived Holdings 2026-04-13 SPY 2019.xlsx,False
SPY,2019-12-31,SYF.N,SYNCHRONY FINANCIAL ORD,UNITED STATES,0.0008119999999999,6933209.0,136414.0,Derived Holdings 2026-04-13 SPY 2019.xlsx,False
SPY,2019-12-31,VTR.N,VENTAS INC ORD,UNITED STATES,0.000808,4299799.0,188542.0,Derived Holdings 2026-04-13 SPY 2019.xlsx,False
SPY,2019-12-31,CMG.N,CHIPOTLE MEXICAN GRILL INC ORD,UNITED STATES,0.000808,296539.0,12615.0,Derived Holdings 2026-04-13 SPY 2019.xlsx,False
SPY,2019-12-31,AMP.N,AMERIPRISE FINANCIAL INC ORD,UNITED STATES,0.000801,1477255.0,19935.0,Derived Holdings 2026-04-13 SPY 2019.xlsx,False
SPY,2019-12-31,FAST.OQ,FASTENAL CO ORD,UNITED STATES,0.000797,6634219.0,290303.0,Derived Holdings 2026-04-13 SPY 2019.xlsx,False
SPY,2019-12-31,SWKS.OQ,SKYWORKS SOLUTIONS INC ORD,UNITED STATES,0.00079,2007905.0,86623.0,Derived Holdings 2026-04-13 SPY 2019.xlsx,False
SPY,2019-12-31,MKC.N,MCCORMICK & COMPANY INC ORD,UNITED STATES,0.000784,1419891.0,62234.0,Derived Holdings 2026-04-13 SPY 2019.xlsx,False
SPY,2019-12-31,SNPS.OQ,SYNOPSYS INC ORD,UNITED STATES,0.000784,1732400.0,75690.0,Derived Holdings 2026-04-13 SPY 2019.xlsx,False
SPY,2019-12-31,HPE.N,HEWLETT PACKARD ENTERPRISE CO ORD,UNITED STATES,0.000784,15193031.0,654507.0,Derived Holdings 2026-04-13 SPY 2019.xlsx,False
SPY,2019-12-31,CDW.OQ,CDW CORP ORD,UNITED STATES,0.000782,1683694.0,72168.0,Derived Holdings 2026-04-13 SPY 2019.xlsx,False
SPY,2019-12-31,CBRE.N,CBRE GROUP INC ORD,UNITED STATES,0.00078,3914283.0,168883.0,Derived Holdings 2026-04-13 SPY 2019.xlsx,False
SPY,2019-12-31,BBY.N,BEST BUY CO INC ORD,UNITED STATES,0.00077,2694212.0,114901.0,Derived Holdings 2026-04-13 SPY 2019.xlsx,False
SPY,2019-12-31,KEY.N,KEYCORP ORD,UNITED STATES,0.0007679999999999,11662793.0,497525.0,Derived Holdings 2026-04-13 SPY 2019.xlsx,False
SPY,2019-12-31,ALGN.OQ,ALIGN TECHNOLOGY INC ORD,UNITED STATES,0.000766,843921.0,36005.0,Derived Holdings 2026-04-13 SPY 2019.xlsx,False
SPY,2019-12-31,CCL.N,CARNIVAL CORP ORD,UNITED STATES,0.000765,4625509.0,202839.0,Derived Holdings 2026-04-13 SPY 2019.xlsx,False
SPY,2019-12-31,VRSN.OQ,"VERISIGN, INC ORD",UNITED STATES,0.000762,1216119.0,52142.0,Derived Holdings 2026-04-13 SPY 2019.xlsx,False
SPY,2019-12-31,KHC.OQ,KRAFT HEINZ CO ORD,UNITED STATES,0.0007539999999999,7209474.0,315691.0,Derived Holdings 2026-04-13 SPY 2019.xlsx,False
SPY,2019-12-31,BXP.N,BXP INC ORD,UNITED STATES,0.000751,1673893.0,73325.0,Derived Holdings 2026-04-13 SPY 2019.xlsx,False
SPY,2019-12-31,FRCB.PK,FIRST REPUBLIC BANK ORD,UNITED STATES,0.000748,1958177.0,84941.0,Derived Holdings 2026-04-13 SPY 2019.xlsx,False
SPY,2019-12-31,ESS.N,ESSEX PROPERTY TRUST INC ORD,UNITED STATES,0.000746,761932.0,33798.0,Derived Holdings 2026-04-13 SPY 2019.xlsx,False
SPY,2019-12-31,MTD.N,METTLER-TOLEDO INTERNATIONAL INC ORD,UNITED STATES,0.000738,286080.0,10715.0,Derived Holdings 2026-04-13 SPY 2019.xlsx,False
SPY,2019-12-31,CDNS.OQ,CADENCE DESIGN SYSTEMS INC ORD,UNITED STATES,0.000738,3269414.0,142287.0,Derived Holdings 2026-04-13 SPY 2019.xlsx,False
SPY,2019-12-31,UAL.OQ,UNITED AIRLINES HOLDINGS INC ORD,UNITED STATES,0.000736,2569471.0,110048.0,Derived Holdings 2026-04-13 SPY 2019.xlsx,False
SPY,2019-12-31,CLX.N,CLOROX CO ORD,UNITED STATES,0.000731,1463754.0,64074.0,Derived Holdings 2026-04-13 SPY 2019.xlsx,False
SPY,2019-12-31,KEYS.N,KEYSIGHT TECHNOLOGIES INC ORD,UNITED STATES,0.000727,2176536.0,95226.0,Derived Holdings 2026-04-13 SPY 2019.xlsx,False
SPY,2019-12-31,VMC.N,VULCAN MATERIALS CO ORD,UNITED STATES,0.0007199999999999,1537092.0,67438.0,Derived Holdings 2026-04-13 SPY 2019.xlsx,False
SPY,2019-12-31,FCX.N,FREEPORT-MCMORAN INC ORD,UNITED STATES,0.0007199999999999,16874467.0,734667.0,Derived Holdings 2026-04-13 SPY 2019.xlsx,False
SPY,2019-12-31,RSG.N,REPUBLIC SERVICES INC ORD,UNITED STATES,0.000718,2463692.0,106807.0,Derived Holdings 2026-04-13 SPY 2019.xlsx,False
SPY,2019-12-31,AEE.N,AMEREN CORP ORD,UNITED STATES,0.000708,2832882.0,124626.0,Derived Holdings 2026-04-13 SPY 2019.xlsx,False
SPY,2019-12-31,ARE.N,ALEXANDRIA REAL ESTATE EQUITIES INC ORD,UNITED STATES,0.0007059999999999,1342611.0,94087.0,Derived Holdings 2026-04-13 SPY 2019.xlsx,False
SPY,2019-12-31,CPRT.OQ,COPART INC ORD,UNITED STATES,0.0007059999999999,2385427.0,148759.0,Derived Holdings 2026-04-13 SPY 2019.xlsx,False
SPY,2019-12-31,WDC.OQ,WESTERN DIGITAL CORP ORD,UNITED STATES,0.000704,3411781.0,150890.0,Derived Holdings 2026-04-13 SPY 2019.xlsx,False
SPY,2019-12-31,IP.N,INTERNATIONAL PAPER CO ORD,UNITED STATES,0.000685,4572223.0,198710.0,Derived Holdings 2026-04-13 SPY 2019.xlsx,False
SPY,2019-12-31,CMS.N,CMS ENERGY CORP ORD,UNITED STATES,0.000675,3301107.0,143969.0,Derived Holdings 2026-04-13 SPY 2019.xlsx,False
SPY,2019-12-31,DHI.N,D.R. HORTON INC ORD,UNITED STATES,0.000671,3908549.0,169882.0,Derived Holdings 2026-04-13 SPY 2019.xlsx,False
SPY,2019-12-31,CFG.N,CITIZENS FINANCIAL GROUP INC ORD,UNITED STATES,0.00067,5069998.0,91294.0,Derived Holdings 2026-04-13 SPY 2019.xlsx,False
SPY,2019-12-31,OMC.N,OMNICOM GROUP INC ORD,UNITED STATES,0.000667,2531658.0,110329.0,Derived Holdings 2026-04-13 SPY 2019.xlsx,False
SPY,2019-12-31,AJG.N,ARTHUR J. GALLAGHER & CO. ORD,UNITED STATES,0.000666,2149612.0,94192.0,Derived Holdings 2026-04-13 SPY 2019.xlsx,False
SPY,2019-12-31,AMCR.N,AMCOR PLC ORD,SWITZERLAND,0.000666,18881415.0,820133.0,Derived Holdings 2026-04-13 SPY 2019.xlsx,False
SPY,2019-12-31,CXO^A21,CONCHO RESOURCES INC ORD,UNITED STATES,0.0006619999999999,2325357.0,101761.0,Derived Holdings 2026-04-13 SPY 2019.xlsx,False
SPY,2019-12-31,MLM.N,MARTIN MARIETTA MATERIALS INC ORD,UNITED STATES,0.00066,725326.0,32116.0,Derived Holdings 2026-04-13 SPY 2019.xlsx,False
SPY,2019-12-31,TFX.N,TELEFLEX INC ORD,UNITED STATES,0.000658,537233.0,23548.0,Derived Holdings 2026-04-13 SPY 2019.xlsx,False
SPY,2019-12-31,MGM.N,MGM RESORTS INTERNATIONAL ORD,UNITED STATES,0.0006569999999999,6066665.0,260236.0,Derived Holdings 2026-04-13 SPY 2019.xlsx,False
SPY,2019-12-31,HES.MX,HESS CORP ORD,UNITED STATES,0.000655,3013192.0,131354.0,Derived Holdings 2026-04-13 SPY 2019.xlsx,False
SPY,2019-12-31,US4878361082.TRE,KELLANOVA ORD,UNITED STATES,0.0006519999999999,2896253.0,126308.0,Derived Holdings 2026-04-13 SPY 2019.xlsx,False
SPY,2019-12-31,CHD.N,CHURCH & DWIGHT CO INC ORD,UNITED STATES,0.0006519999999999,2847206.0,124468.0,Derived Holdings 2026-04-13 SPY 2019.xlsx,False
SPY,2019-12-31,NUE.N,NUCOR CORP ORD,UNITED STATES,0.000649,3543493.0,153062.0,Derived Holdings 2026-04-13 SPY 2019.xlsx,False
SPY,2019-12-31,DOC,HEALTHPEAK PROPERTIES INC ORD,UNITED STATES,0.000641,5720163.0,251285.0,Derived Holdings 2026-04-13 SPY 2019.xlsx,False
SPY,2019-12-31,EFX.N,EQUIFAX INC ORD,UNITED STATES,0.000638,1399834.0,61586.0,Derived Holdings 2026-04-13 SPY 2019.xlsx,False
SPY,2019-12-31,DOV.N,DOVER CORP ORD,UNITED STATES,0.000634,1689820.0,73167.0,Derived Holdings 2026-04-13 SPY 2019.xlsx,False
SPY,2019-12-31,MXIM.O^H21,MAXIM INTEGRATED PRODUCTS INC ORD,UNITED STATES,0.000634,3167970.0,137083.0,Derived Holdings 2026-04-13 SPY 2019.xlsx,False
SPY,2019-12-31,BKR.O,BAKER HUGHES CO ORD,UNITED STATES,0.000631,7564295.0,329147.0,Derived Holdings 2026-04-13 SPY 2019.xlsx,False
SPY,2019-12-31,CAG.N,CONAGRA BRANDS INC ORD,UNITED STATES,0.000628,5637019.0,246571.0,Derived Holdings 2026-04-13 SPY 2019.xlsx,False
SPY,2019-12-31,WCG.N,WELLCARE HEALTH PLANS INC ORD,UNITED STATES,0.000628,584969.0,25230.0,Derived Holdings 2026-04-13 SPY 2019.xlsx,False
SPY,2019-12-31,RF.N,REGIONS FINANCIAL CORP ORD,UNITED STATES,0.000628,11248977.0,140571.0,Derived Holdings 2026-04-13 SPY 2019.xlsx,False
SPY,2019-12-31,LH.N,LABCORP HOLDINGS INC ORD,UNITED STATES,0.000625,1136332.0,48620.0,Derived Holdings 2026-04-13 SPY 2019.xlsx,False
SPY,2019-12-31,CINF.OQ,CINCINNATI FINANCIAL CORP ORD,UNITED STATES,0.000604,1764546.0,76531.0,Derived Holdings 2026-04-13 SPY 2019.xlsx,False
SPY,2019-12-31,LEN.N,LENNAR CORP ORD,UNITED STATES,0.0006,3307392.0,141048.0,Derived Holdings 2026-04-13 SPY 2019.xlsx,False
SPY,2019-12-31,nan,COOPER COMPANIES INC ORD,UNITED STATES,0.000597,571246.0,25230.0,Derived Holdings 2026-04-13 SPY 2019.xlsx,False
SPY,2019-12-31,HBAN.OQ,HUNTINGTON BANCSHARES INC ORD,UNITED STATES,0.000592,12076693.0,522138.0,Derived Holdings 2026-04-13 SPY 2019.xlsx,False
SPY,2019-12-31,GPC.N,GENUINE PARTS CO ORD,UNITED STATES,0.000585,1691459.0,73009.0,Derived Holdings 2026-04-13 SPY 2019.xlsx,False
SPY,2019-12-31,INCY.OQ,INCYTE CORP ORD,UNITED STATES,0.000585,2057928.0,90986.0,Derived Holdings 2026-04-13 SPY 2019.xlsx,False
SPY,2019-12-31,KSU^L21,KANSAS CITY SOUTHERN (PRE-MERGER) ORD,UNITED STATES,0.000581,1166507.0,50460.0,Derived Holdings 2026-04-13 SPY 2019.xlsx,False
SPY,2019-12-31,CE.N,CELANESE CORP ORD,UNITED STATES,0.000576,1438887.0,61235.0,Derived Holdings 2026-04-13 SPY 2019.xlsx,False
SPY,2019-12-31,FTNT.OQ,FORTINET INC ORD,UNITED STATES,0.000574,1651520.0,71485.0,Derived Holdings 2026-04-13 SPY 2019.xlsx,False
SPY,2019-12-31,FANG.OQ,DIAMONDBACK ENERGY INC ORD,UNITED STATES,0.0005729999999999,1897101.0,81419.0,Derived Holdings 2026-04-13 SPY 2019.xlsx,False
SPY,2019-12-31,WAT.N,WATERS CORP ORD,UNITED STATES,0.000571,751665.0,8241.0,Derived Holdings 2026-04-13 SPY 2019.xlsx,False
SPY,2019-12-31,MAA.N,MID-AMERICA APARTMENT COMMUNITIES INC ORD,UNITED STATES,0.000567,1320875.0,58187.0,Derived Holdings 2026-04-13 SPY 2019.xlsx,False
SPY,2019-12-31,GWW.N,WW GRAINGER INC ORD,UNITED STATES,0.000566,514091.0,21942.0,Derived Holdings 2026-04-13 SPY 2019.xlsx,False
SPY,2019-12-31,EXPE.OQ,EXPEDIA GROUP INC ORD,UNITED STATES,0.000566,1609965.0,70644.0,Derived Holdings 2026-04-13 SPY 2019.xlsx,False
SPY,2019-12-31,CAH.N,CARDINAL HEALTH INC ORD,UNITED STATES,0.0005639999999999,3430616.0,147542.0,Derived Holdings 2026-04-13 SPY 2019.xlsx,False
SPY,2019-12-31,EVRG.O,EVERGY INC ORD,UNITED STATES,0.000563,2657615.0,35685.0,Derived Holdings 2026-04-13 SPY 2019.xlsx,False
SPY,2019-12-31,KMX.N,CARMAX INC ORD,UNITED STATES,0.000551,1932601.0,83259.0,Derived Holdings 2026-04-13 SPY 2019.xlsx,False
SPY,2019-12-31,GEN.O,GEN DIGITAL INC ORD,UNITED STATES,0.00055,6622730.0,290777.0,Derived Holdings 2026-04-13 SPY 2019.xlsx,False
SPY,2019-12-31,ULTA.OQ,ULTA BEAUTY INC ORD,UNITED STATES,0.000549,666184.0,11036.0,Derived Holdings 2026-04-13 SPY 2019.xlsx,False
SPY,2019-12-31,TIF^A21,TIFFANY & CO ORD,UNITED STATES,0.000543,1248657.0,54665.0,Derived Holdings 2026-04-13 SPY 2019.xlsx,False
SPY,2019-12-31,MKTX.OQ,MARKETAXESS HOLDINGS INC ORD,UNITED STATES,0.000541,438811.0,19343.0,Derived Holdings 2026-04-13 SPY 2019.xlsx,False
SPY,2019-12-31,NTAP.OQ,NETAPP INC ORD,UNITED STATES,0.000539,2661256.0,11969.0,Derived Holdings 2026-04-13 SPY 2019.xlsx,False
SPY,2019-12-31,DGX.N,QUEST DIAGNOSTICS INC ORD,UNITED STATES,0.000538,1547509.0,68121.0,Derived Holdings 2026-04-13 SPY 2019.xlsx,False
SPY,2019-12-31,PFG.OQ,PRINCIPAL FINANCIAL GROUP INC ORD,UNITED STATES,0.000538,3006903.0,130390.0,Derived Holdings 2026-04-13 SPY 2019.xlsx,False
SPY,2019-12-31,WAB.N,WESTINGHOUSE AIR BRAKE TECHNOLOGIES CORP ORD,UNITED STATES,0.0005369999999999,2120532.0,92668.0,Derived Holdings 2026-04-13 SPY 2019.xlsx,False
SPY,2019-12-31,BR.N,BROADRIDGE FINANCIAL SOLUTIONS INC ORD,UNITED STATES,0.000535,1330645.0,58263.0,Derived Holdings 2026-04-13 SPY 2019.xlsx,False
SPY,2019-12-31,AKAM.OQ,AKAMAI TECHNOLOGIES INC ORD,UNITED STATES,0.000534,1901787.0,81261.0,Derived Holdings 2026-04-13 SPY 2019.xlsx,False
SPY,2019-12-31,GRMN.K,GARMIN LTD ORD,SWITZERLAND,0.000534,1682091.0,73167.0,Derived Holdings 2026-04-13 SPY 2019.xlsx,False
SPY,2019-12-31,STX.OQ,SEAGATE TECHNOLOGY HOLDINGS PLC ORD,SINGAPORE,0.000533,2752772.0,116425.0,Derived Holdings 2026-04-13 SPY 2019.xlsx,False
SPY,2019-12-31,XYL.N,XYLEM INC ORD,UNITED STATES,0.000533,2081336.0,90828.0,Derived Holdings 2026-04-13 SPY 2019.xlsx,False
SPY,2019-12-31,HOLX.MX,HOLOGIC INC ORD,UNITED STATES,0.000529,3112363.0,135559.0,Derived Holdings 2026-04-13 SPY 2019.xlsx,False
SPY,2019-12-31,MAS.N,MASCO CORP ORD,UNITED STATES,0.000526,3366170.0,143571.0,Derived Holdings 2026-04-13 SPY 2019.xlsx,False
SPY,2019-12-31,IFF.N,INTERNATIONAL FLAVORS & FRAGRANCES INC ORD,UNITED STATES,0.000522,1242807.0,53824.0,Derived Holdings 2026-04-13 SPY 2019.xlsx,False
SPY,2019-12-31,ZBRA.OQ,ZEBRA TECHNOLOGIES CORP ORD,UNITED STATES,0.000522,628368.0,,Derived Holdings 2026-04-13 SPY 2019.xlsx,False
SPY,2019-12-31,IT.N,GARTNER INC ORD,UNITED STATES,0.000519,1034510.0,45414.0,Derived Holdings 2026-04-13 SPY 2019.xlsx,False
SPY,2019-12-31,TTWO.OQ,TAKE-TWO INTERACTIVE SOFTWARE INC ORD,UNITED STATES,0.000519,1302175.0,57188.0,Derived Holdings 2026-04-13 SPY 2019.xlsx,False
SPY,2019-12-31,UDR.N,UDR INC ORD,UNITED STATES,0.000518,3409053.0,148016.0,Derived Holdings 2026-04-13 SPY 2019.xlsx,False
SPY,2019-12-31,CTXS.O^J22,CITRIX SYSTEMS INC ORD,UNITED STATES,0.000517,1432119.0,62234.0,Derived Holdings 2026-04-13 SPY 2019.xlsx,False
SPY,2019-12-31,L.N,LOEWS CORP ORD,UNITED STATES,0.000517,3024964.0,129198.0,Derived Holdings 2026-04-13 SPY 2019.xlsx,False
SPY,2019-12-31,QRVO.OQ,QORVO INC ORD,UNITED STATES,0.000517,1367857.0,42212.0,Derived Holdings 2026-04-13 SPY 2019.xlsx,False
SPY,2019-12-31,CNP.N,CENTERPOINT ENERGY INC ORD,UNITED STATES,0.0005149999999999,5802044.0,254140.0,Derived Holdings 2026-04-13 SPY 2019.xlsx,False
SPY,2019-12-31,HST.O,"HOST HOTELS AND RESORTS, INC ORD",UNITED STATES,0.000512,8488836.0,362598.0,Derived Holdings 2026-04-13 SPY 2019.xlsx,False
SPY,2019-12-31,HAS.OQ,HASBRO INC ORD,UNITED STATES,0.0005099999999999,1484473.0,202749.0,Derived Holdings 2026-04-13 SPY 2019.xlsx,False
SPY,2019-12-31,EXR.N,EXTRA SPACE STORAGE INC ORD,UNITED STATES,0.000508,1477195.0,65756.0,Derived Holdings 2026-04-13 SPY 2019.xlsx,False
SPY,2019-12-31,ATO.N,ATMOS ENERGY CORP ORD,UNITED STATES,0.000507,1391953.0,97110.0,Derived Holdings 2026-04-13 SPY 2019.xlsx,False
SPY,2019-12-31,WYNN.OQ,WYNN RESORTS LTD ORD,UNITED STATES,0.0005059999999999,1120433.0,48778.0,Derived Holdings 2026-04-13 SPY 2019.xlsx,False
SPY,2019-12-31,EXPD.K,EXPEDITORS INTERNATIONAL OF WASHINGTON INC ORD,UNITED STATES,0.0005059999999999,1992456.0,85782.0,Derived Holdings 2026-04-13 SPY 2019.xlsx,False
SPY,2019-12-31,CBOE.Z,CBOE GLOBAL MARKETS INC ORD,UNITED STATES,0.0005059999999999,1295622.0,56347.0,Derived Holdings 2026-04-13 SPY 2019.xlsx,False
SPY,2019-12-31,DRI.N,DARDEN RESTAURANTS INC ORD,UNITED STATES,0.000503,1419279.0,62234.0,Derived Holdings 2026-04-13 SPY 2019.xlsx,False
SPY,2019-12-31,NVR.N,NVR INC ORD,UNITED STATES,0.000501,40420.0,2742.0,Derived Holdings 2026-04-13 SPY 2019.xlsx,False
SPY,2019-12-31,LDOS.N,LEIDOS HOLDINGS INC ORD,UNITED STATES,0.000501,1572412.0,67122.0,Derived Holdings 2026-04-13 SPY 2019.xlsx,False
SPY,2019-12-31,AES.N,AES CORP ORD,UNITED STATES,0.000497,7677433.0,335717.0,Derived Holdings 2026-04-13 SPY 2019.xlsx,False
SPY,2019-12-31,FMC.N,FMC CORP ORD,UNITED STATES,0.000496,1526952.0,65598.0,Derived Holdings 2026-04-13 SPY 2019.xlsx,False
SPY,2019-12-31,FOXA.OQ,FOX CORP ORD,UNITED STATES,0.000493,4085800.0,179367.0,Derived Holdings 2026-04-13 SPY 2019.xlsx,False
SPY,2019-12-31,SV4f.TPRM,SVB FINANCIAL GROUP ORD,UNITED STATES,0.000491,601673.0,26071.0,Derived Holdings 2026-04-13 SPY 2019.xlsx,False
SPY,2019-12-31,STE.N,STERIS PLC ORD,IRELAND,0.00049,988749.0,,Derived Holdings 2026-04-13 SPY 2019.xlsx,False
SPY,2019-12-31,VAR^D21,VARIAN MEDICAL SYSTEMS INC ORD,UNITED STATES,0.000489,1058012.0,46255.0,Derived Holdings 2026-04-13 SPY 2019.xlsx,False
SPY,2019-12-31,COR,CENCORA INC ORD,UNITED STATES,0.000489,1768616.0,75532.0,Derived Holdings 2026-04-13 SPY 2019.xlsx,False
SPY,2019-12-31,LNT.OQ,ALLIANT ENERGY CORP ORD,UNITED STATES,0.000488,2739697.0,122419.0,Derived Holdings 2026-04-13 SPY 2019.xlsx,False
SPY,2019-12-31,IEX.N,IDEX CORP ORD,UNITED STATES,0.000487,870809.0,38844.0,Derived Holdings 2026-04-13 SPY 2019.xlsx,False
SPY,2019-12-31,URI.N,UNITED RENTALS INC ORD,UNITED STATES,0.000487,896736.0,37687.0,Derived Holdings 2026-04-13 SPY 2019.xlsx,False
SPY,2019-12-31,DURf.TPRM,DUKE REALTY CORP ORD,UNITED STATES,0.000483,4286414.0,303593.0,Derived Holdings 2026-04-13 SPY 2019.xlsx,False
SPY,2019-12-31,nan,LUMEN TECHNOLOGIES INC ORD,UNITED STATES,0.00048,11179181.0,496582.0,Derived Holdings 2026-04-13 SPY 2019.xlsx,False
SPY,2019-12-31,XRAY.OQ,DENTSPLY SIRONA INC ORD,UNITED STATES,0.00048,2608677.0,112694.0,Derived Holdings 2026-04-13 SPY 2019.xlsx,False
SPY,2019-12-31,NCLH.N,NORWEGIAN CRUISE LINE HOLDINGS LTD ORD,UNITED STATES,0.000477,2511572.0,107490.0,Derived Holdings 2026-04-13 SPY 2019.xlsx,False
SPY,2019-12-31,LW.N,LAMB WESTON HOLDINGS INC ORD,UNITED STATES,0.000475,1698328.0,74166.0,Derived Holdings 2026-04-13 SPY 2019.xlsx,False
SPY,2019-12-31,NDAQ.OQ,NASDAQ INC ORD,UNITED STATES,0.00047,1348925.0,58029.0,Derived Holdings 2026-04-13 SPY 2019.xlsx,False
SPY,2019-12-31,BFb.N,BROWN-FORMAN CORP ORD,UNITED STATES,0.000466,2119459.0,92668.0,Derived Holdings 2026-04-13 SPY 2019.xlsx,False
SPY,2019-12-31,HRL.N,HORMEL FOODS CORP ORD,UNITED STATES,0.0004639999999999,3162308.0,140640.0,Derived Holdings 2026-04-13 SPY 2019.xlsx,False
SPY,2019-12-31,J.N,JACOBS SOLUTIONS INC ORD,UNITED STATES,0.000461,1577823.0,69120.0,Derived Holdings 2026-04-13 SPY 2019.xlsx,False
SPY,2019-12-31,ODFL.OQ,OLD DOMINION FREIGHT LINE INC ORD,UNITED STATES,0.000457,740470.0,,Derived Holdings 2026-04-13 SPY 2019.xlsx,False
SPY,2019-12-31,NBL.O^J20,NOBLE ENERGY INC ORD,UNITED STATES,0.000453,5601519.0,242366.0,Derived Holdings 2026-04-13 SPY 2019.xlsx,False
SPY,2019-12-31,nan,HOWMET AEROSPACE INC ORD,UNITED STATES,0.000451,4508635.0,196111.0,Derived Holdings 2026-04-13 SPY 2019.xlsx,False
SPY,2019-12-31,SJM.N,J M SMUCKER CO ORD,UNITED STATES,0.0004469999999999,1319438.0,58187.0,Derived Holdings 2026-04-13 SPY 2019.xlsx,False
SPY,2019-12-31,LNC.N,LINCOLN NATIONAL CORP ORD,UNITED STATES,0.0004469999999999,2328694.0,99921.0,Derived Holdings 2026-04-13 SPY 2019.xlsx,False
SPY,2019-12-31,UHS.N,UNIVERSAL HEALTH SERVICES INC ORD,UNITED STATES,0.000441,944576.0,40210.0,Derived Holdings 2026-04-13 SPY 2019.xlsx,False
SPY,2019-12-31,ALLE.N,ALLEGION PLC ORD,IRELAND,0.000441,1087415.0,47096.0,Derived Holdings 2026-04-13 SPY 2019.xlsx,False
SPY,2019-12-31,AAP.N,ADVANCE AUTO PARTS INC ORD,UNITED STATES,0.000433,831619.0,35164.0,Derived Holdings 2026-04-13 SPY 2019.xlsx,False
SPY,2019-12-31,WU.N,WESTERN UNION CO ORD,UNITED STATES,0.00043,4930621.0,211616.0,Derived Holdings 2026-04-13 SPY 2019.xlsx,False
SPY,2019-12-31,AAL.OQ,AMERICAN AIRLINES GROUP INC ORD,UNITED STATES,0.000429,4593015.0,197161.0,Derived Holdings 2026-04-13 SPY 2019.xlsx,False
SPY,2019-12-31,EG,EVEREST GROUP LTD ORD,BERMUDA,0.000422,468463.0,21183.0,Derived Holdings 2026-04-13 SPY 2019.xlsx,False
SPY,2019-12-31,TSCO.OQ,TRACTOR SUPPLY CO ORD,UNITED STATES,0.000422,1387812.0,59787.0,Derived Holdings 2026-04-13 SPY 2019.xlsx,False
SPY,2019-12-31,JKHY.OQ,JACK HENRY & ASSOCIATES INC ORD,UNITED STATES,0.00042,887102.0,38686.0,Derived Holdings 2026-04-13 SPY 2019.xlsx,False
SPY,2019-12-31,ANET.N,ARISTA NETWORKS INC ORD,UNITED STATES,0.000419,633839.0,27753.0,Derived Holdings 2026-04-13 SPY 2019.xlsx,False
SPY,2019-12-31,RJF.N,RAYMOND JAMES FINANCIAL INC ORD,UNITED STATES,0.0004179999999999,1437990.0,62234.0,Derived Holdings 2026-04-13 SPY 2019.xlsx,False
SPY,2019-12-31,AVY.N,AVERY DENNISON CORP ORD,UNITED STATES,0.000417,979467.0,42085.0,Derived Holdings 2026-04-13 SPY 2019.xlsx,False
SPY,2019-12-31,LKQ.OQ,LKQ CORP ORD,UNITED STATES,0.000416,3585898.0,154586.0,Derived Holdings 2026-04-13 SPY 2019.xlsx,False
SPY,2019-12-31,US96145D1054.TPRM,WESTROCK CO ORD,UNITED STATES,0.000416,2981978.0,130513.0,Derived Holdings 2026-04-13 SPY 2019.xlsx,False
SPY,2019-12-31,MRO.MX,MARATHON OIL CORP ORD,UNITED STATES,0.000413,9355781.0,404363.0,Derived Holdings 2026-04-13 SPY 2019.xlsx,False
SPY,2019-12-31,EMN.N,EASTMAN CHEMICAL CO ORD,UNITED STATES,0.00041,1591609.0,49362.0,Derived Holdings 2026-04-13 SPY 2019.xlsx,False
SPY,2019-12-31,RVTY.K,REVVITY INC ORD,UNITED STATES,0.0004059999999999,1285258.0,56347.0,Derived Holdings 2026-04-13 SPY 2019.xlsx,False
SPY,2019-12-31,US2003401070.TRE,COMERICA INC ORD,UNITED STATES,0.000405,1735591.0,72693.0,Derived Holdings 2026-04-13 SPY 2019.xlsx,False
SPY,2019-12-31,CHRW.OQ,CH ROBINSON WORLDWIDE INC ORD,UNITED STATES,0.000404,1587032.0,68121.0,Derived Holdings 2026-04-13 SPY 2019.xlsx,False
SPY,2019-12-31,GL.N,GLOBE LIFE INC ORD,UNITED STATES,0.0004,1167982.0,50460.0,Derived Holdings 2026-04-13 SPY 2019.xlsx,False
SPY,2019-12-31,DISCK.O^D22,WARNER BROS DISCOVERY INC ORD,UNITED STATES,0.0004,4031681.0,168934.0,Derived Holdings 2026-04-13 SPY 2019.xlsx,False
SPY,2019-12-31,PKG.N,PACKAGING CORP OF AMERICA ORD,UNITED STATES,0.000399,1096461.0,47937.0,Derived Holdings 2026-04-13 SPY 2019.xlsx,False
SPY,2019-12-31,VNO.N,VORNADO REALTY TRUST ORD,UNITED STATES,0.000399,1843504.0,79895.0,Derived Holdings 2026-04-13 SPY 2019.xlsx,False
SPY,2019-12-31,REG.OQ,REGENCY CENTERS CORP ORD,UNITED STATES,0.000398,1941612.0,85134.0,Derived Holdings 2026-04-13 SPY 2019.xlsx,False
SPY,2019-12-31,CF.N,CF INDUSTRIES HOLDINGS INC ORD,UNITED STATES,0.000395,2540812.0,110171.0,Derived Holdings 2026-04-13 SPY 2019.xlsx,False
SPY,2019-12-31,HII.N,HUNTINGTON INGALLS INDUSTRIES INC ORD,UNITED STATES,0.000394,482305.0,21025.0,Derived Holdings 2026-04-13 SPY 2019.xlsx,False
SPY,2019-12-31,NI.N,NISOURCE INC ORD,UNITED STATES,0.000391,4313587.0,189383.0,Derived Holdings 2026-04-13 SPY 2019.xlsx,False
SPY,2019-12-31,nan,VIATRIS INC ORD,UNITED STATES,0.000391,5979885.0,261867.0,Derived Holdings 2026-04-13 SPY 2019.xlsx,False
SPY,2019-12-31,ETFC.O^J20,E*TRADE FINANCIAL CORP ORD,UNITED STATES,0.0003889999999999,2635914.0,114376.0,Derived Holdings 2026-04-13 SPY 2019.xlsx,False
SPY,2019-12-31,TXT.N,TEXTRON INC ORD,UNITED STATES,0.000388,2677069.0,115059.0,Derived Holdings 2026-04-13 SPY 2019.xlsx,False
SPY,2019-12-31,PNW.N,PINNACLE WEST CAPITAL CORP ORD,UNITED STATES,0.0003819999999999,1306444.0,57346.0,Derived Holdings 2026-04-13 SPY 2019.xlsx,False
SPY,2019-12-31,LYV.N,LIVE NATION ENTERTAINMENT INC ORD,UNITED STATES,0.0003819999999999,1643515.0,,Derived Holdings 2026-04-13 SPY 2019.xlsx,False
SPY,2019-12-31,TAP.N,MOLSON COORS BEVERAGE CO ORD,UNITED STATES,0.0003819999999999,2178178.0,95033.0,Derived Holdings 2026-04-13 SPY 2019.xlsx,False
SPY,2019-12-31,NRG.N,NRG ENERGY INC ORD,UNITED STATES,0.000381,2944041.0,126833.0,Derived Holdings 2026-04-13 SPY 2019.xlsx,False
SPY,2019-12-31,DVN.N,DEVON ENERGY CORP ORD,UNITED STATES,0.000381,4513312.0,13731.0,Derived Holdings 2026-04-13 SPY 2019.xlsx,False
SPY,2019-12-31,WRB.N,W R BERKLEY CORP ORD,UNITED STATES,0.000379,1685322.0,,Derived Holdings 2026-04-13 SPY 2019.xlsx,False
SPY,2019-12-31,JBHT.OQ,J B HUNT TRANSPORT SERVICES INC ORD,UNITED STATES,0.000378,993854.0,42891.0,Derived Holdings 2026-04-13 SPY 2019.xlsx,False
SPY,2019-12-31,PHM.N,PULTEGROUP INC ORD,UNITED STATES,0.0003769999999999,2987918.0,128591.0,Derived Holdings 2026-04-13 SPY 2019.xlsx,False
SPY,2019-12-31,HSIC.OQ,HENRY SCHEIN INC ORD,UNITED STATES,0.000374,1721746.0,51250.0,Derived Holdings 2026-04-13 SPY 2019.xlsx,False
SPY,2019-12-31,DXC.N,DXC TECHNOLOGY CO ORD,UNITED STATES,0.000372,3045497.0,129040.0,Derived Holdings 2026-04-13 SPY 2019.xlsx,False
SPY,2019-12-31,nan,APA CORP (US) ORD,UNITED STATES,0.000362,4352918.0,190259.0,Derived Holdings 2026-04-13 SPY 2019.xlsx,False
SPY,2019-12-31,NOV.N,NOV INC ORD,UNITED STATES,0.000362,4446228.0,195270.0,Derived Holdings 2026-04-13 SPY 2019.xlsx,False
SPY,2019-12-31,SNA.N,SNAP-ON INC ORD,UNITED STATES,0.000356,645993.0,27753.0,Derived Holdings 2026-04-13 SPY 2019.xlsx,False
SPY,2019-12-31,WHR.N,WHIRLPOOL CORP ORD,UNITED STATES,0.00035,729671.0,31958.0,Derived Holdings 2026-04-13 SPY 2019.xlsx,False
SPY,2019-12-31,ZION.OQ,ZIONS BANCORPORATION NA ORD,UNITED STATES,0.000347,2056311.0,86149.0,Derived Holdings 2026-04-13 SPY 2019.xlsx,False
SPY,2019-12-31,FBIN.K,FORTUNE BRANDS INNOVATIONS INC ORD,UNITED STATES,0.000346,1626314.0,70644.0,Derived Holdings 2026-04-13 SPY 2019.xlsx,False
SPY,2019-12-31,IRM.N,IRON MOUNTAIN INC ORD,UNITED STATES,0.000345,3328036.0,145651.0,Derived Holdings 2026-04-13 SPY 2019.xlsx,False
SPY,2019-12-31,DISH.O^A24,DISH NETWORK CORP ORD,UNITED STATES,0.000343,2973503.0,291129.0,Derived Holdings 2026-04-13 SPY 2019.xlsx,False
SPY,2019-12-31,FTI.N,TECHNIPFMC PLC ORD,UNITED KINGDOM,0.000341,4889151.0,212931.0,Derived Holdings 2026-04-13 SPY 2019.xlsx,False
SPY,2019-12-31,FRT.N,FEDERAL REALTY INVESTMENT TRUST ORD,UNITED STATES,0.00034,811580.0,35322.0,Derived Holdings 2026-04-13 SPY 2019.xlsx,False
SPY,2019-12-31,US4606901001.TRE,INTERPUBLIC GROUP OF COMPANIES INC ORD,UNITED STATES,0.000337,4489656.0,196111.0,Derived Holdings 2026-04-13 SPY 2019.xlsx,False
SPY,2019-12-31,BWA.N,BORGWARNER INC ORD,UNITED STATES,0.000337,2391467.0,104284.0,Derived Holdings 2026-04-13 SPY 2019.xlsx,False
SPY,2019-12-31,KIM.N,KIMCO REALTY CORP ORD,UNITED STATES,0.0003259999999999,4841230.0,213772.0,Derived Holdings 2026-04-13 SPY 2019.xlsx,False
SPY,2019-12-31,JNPR.MX,JUNIPER NETWORKS INC ORD,UNITED STATES,0.000318,3969976.0,168093.0,Derived Holdings 2026-04-13 SPY 2019.xlsx,False
SPY,2019-12-31,FFIV.OQ,F5 INC ORD,UNITED STATES,0.000317,696759.0,31275.0,Derived Holdings 2026-04-13 SPY 2019.xlsx,False
SPY,2019-12-31,CPB.O,CAMPBELL'S CO ORD,UNITED STATES,0.000316,1963774.0,85940.0,Derived Holdings 2026-04-13 SPY 2019.xlsx,False
SPY,2019-12-31,ALK.N,ALASKA AIR GROUP INC ORD,UNITED STATES,0.000316,1432201.0,62234.0,Derived Holdings 2026-04-13 SPY 2019.xlsx,False
SPY,2019-12-31,MHK.N,MOHAWK INDUSTRIES INC ORD,UNITED STATES,0.000309,697025.0,30276.0,Derived Holdings 2026-04-13 SPY 2019.xlsx,False
SPY,2019-12-31,KSS.N,KOHLS CORP ORD,UNITED STATES,0.000307,1850405.0,78896.0,Derived Holdings 2026-04-13 SPY 2019.xlsx,False
SPY,2019-12-31,AIZ.N,ASSURANT INC ORD,UNITED STATES,0.000305,714162.0,30118.0,Derived Holdings 2026-04-13 SPY 2019.xlsx,False
SPY,2019-12-31,ALB.N,ALBEMARLE CORP ORD,UNITED STATES,0.0002949999999999,1241495.0,53824.0,Derived Holdings 2026-04-13 SPY 2019.xlsx,False
SPY,2019-12-31,PVH.N,PVH CORP ORD,UNITED STATES,0.0002949999999999,862152.0,23003.0,Derived Holdings 2026-04-13 SPY 2019.xlsx,False
SPY,2019-12-31,TPR.N,TAPESTRY INC ORD,UNITED STATES,0.000294,3352197.0,138658.0,Derived Holdings 2026-04-13 SPY 2019.xlsx,False
SPY,2019-12-31,PNR.N,PENTAIR PLC ORD,IRELAND,0.000292,1956336.0,84941.0,Derived Holdings 2026-04-13 SPY 2019.xlsx,False
SPY,2019-12-31,AIV.N,APARTMENT INVESTMENT AND MANAGEMENT CO ORD,UNITED STATES,0.000291,1731674.0,75848.0,Derived Holdings 2026-04-13 SPY 2019.xlsx,False
SPY,2019-12-31,ABMD.O^L22,ABIOMED INC ORD,UNITED STATES,0.00029,522438.0,22707.0,Derived Holdings 2026-04-13 SPY 2019.xlsx,False
SPY,2019-12-31,nan,HF SINCLAIR CORP ORD,UNITED STATES,0.00029,1760211.0,74533.0,Derived Holdings 2026-04-13 SPY 2019.xlsx,False
SPY,2019-12-31,SLG.N,SL GREEN REALTY CORP ORD,UNITED STATES,0.000287,958734.0,41209.0,Derived Holdings 2026-04-13 SPY 2019.xlsx,False
SPY,2019-12-31,MOS.N,MOSAIC CO ORD,UNITED STATES,0.000286,4056958.0,176136.0,Derived Holdings 2026-04-13 SPY 2019.xlsx,False
SPY,2019-12-31,PBCT.O^D22,PEOPLE'S UNITED FINANCIAL INC ORD,UNITED STATES,0.000285,5179057.0,777705.0,Derived Holdings 2026-04-13 SPY 2019.xlsx,False
SPY,2019-12-31,NWL.OQ,NEWELL BRANDS INC ORD,UNITED STATES,0.000281,4493895.0,192782.0,Derived Holdings 2026-04-13 SPY 2019.xlsx,False
SPY,2019-12-31,RHI.N,ROBERT HALF INC ORD,UNITED STATES,0.000281,1368795.0,59904.0,Derived Holdings 2026-04-13 SPY 2019.xlsx,False
SPY,2019-12-31,CTRA.K,COTERRA ENERGY INC ORD,UNITED STATES,0.000278,4903750.0,205097.0,Derived Holdings 2026-04-13 SPY 2019.xlsx,False
SPY,2019-12-31,BEN.N,FRANKLIN RESOURCES INC ORD,UNITED STATES,0.000277,3281301.0,141130.0,Derived Holdings 2026-04-13 SPY 2019.xlsx,False
SPY,2019-12-31,NLSN.K^J22,NIELSEN HOLDINGS PLC ORD,UNITED STATES,0.00027,4081968.0,180132.0,Derived Holdings 2026-04-13 SPY 2019.xlsx,False
SPY,2019-12-31,PRGO.N,PERRIGO COMPANY PLC ORD,IRELAND,0.0002659999999999,1584140.0,68962.0,Derived Holdings 2026-04-13 SPY 2019.xlsx,False
SPY,2019-12-31,XRX.O,XEROX HOLDINGS CORP ORD,UNITED STATES,0.000265,2212523.0,93876.0,Derived Holdings 2026-04-13 SPY 2019.xlsx,False
SPY,2019-12-31,FLIR.O^E21,TELEDYNE FLIR LLC ORD,UNITED STATES,0.000264,1560955.0,68121.0,Derived Holdings 2026-04-13 SPY 2019.xlsx,False
SPY,2019-12-31,IVZ.N,INVESCO LTD ORD,UNITED STATES,0.000262,4476108.0,187278.0,Derived Holdings 2026-04-13 SPY 2019.xlsx,False
SPY,2019-12-31,DVA.N,DAVITA INC ORD,UNITED STATES,0.000257,1054575.0,45414.0,Derived Holdings 2026-04-13 SPY 2019.xlsx,False
SPY,2019-12-31,LEG.N,LEGGETT & PLATT INC ORD,UNITED STATES,0.000249,1506198.0,66439.0,Derived Holdings 2026-04-13 SPY 2019.xlsx,False
SPY,2019-12-31,AOS.N,A O SMITH CORP ORD,UNITED STATES,0.000249,1609080.0,68804.0,Derived Holdings 2026-04-13 SPY 2019.xlsx,False
SPY,2019-12-31,FLS.N,FLOWSERVE CORP ORD,UNITED STATES,0.000241,1491015.0,66439.0,Derived Holdings 2026-04-13 SPY 2019.xlsx,False
SPY,2019-12-31,SEE.SG,SEALED AIR CORP ORD,UNITED STATES,0.000235,1815523.0,78213.0,Derived Holdings 2026-04-13 SPY 2019.xlsx,False
SPY,2019-12-31,RL.N,RALPH LAUREN CORP ORD,UNITED STATES,0.0002309999999999,605762.0,25072.0,Derived Holdings 2026-04-13 SPY 2019.xlsx,False
SPY,2019-12-31,UNM.N,UNUM GROUP ORD,UNITED STATES,0.00023,2426813.0,104126.0,Derived Holdings 2026-04-13 SPY 2019.xlsx,False
SPY,2019-12-31,PWR.N,QUANTA SERVICES INC ORD,UNITED STATES,0.000223,1681531.0,72484.0,Derived Holdings 2026-04-13 SPY 2019.xlsx,False
SPY,2019-12-31,HOG.N,HARLEY-DAVIDSON INC ORD,UNITED STATES,0.000223,1843770.0,78055.0,Derived Holdings 2026-04-13 SPY 2019.xlsx,False
SPY,2019-12-31,FOX.OQ,FOX CORP ORD,UNITED STATES,0.0002199999999999,1861851.0,82576.0,Derived Holdings 2026-04-13 SPY 2019.xlsx,False
SPY,2019-12-31,CPRI.N,CAPRI HOLDINGS LTD ORD,UNITED KINGDOM,0.0002189999999999,1768597.0,76531.0,Derived Holdings 2026-04-13 SPY 2019.xlsx,False
SPY,2019-12-31,HN9f.ICEM,HANESBRANDS LLC ORD,UNITED STATES,0.000204,4215668.0,183496.0,Derived Holdings 2026-04-13 SPY 2019.xlsx,False
SPY,2019-12-31,XEC^J21,CIMAREX ENERGY CO ORD,UNITED STATES,0.000201,1174456.0,51301.0,Derived Holdings 2026-04-13 SPY 2019.xlsx,False
SPY,2019-12-31,NWSA.OQ,NEWS CORP ORD,UNITED STATES,0.000201,4368493.0,197268.0,Derived Holdings 2026-04-13 SPY 2019.xlsx,False
SPY,2019-12-31,M.N,MACY'S INC ORD,UNITED STATES,0.000198,3583136.0,156584.0,Derived Holdings 2026-04-13 SPY 2019.xlsx,False
SPY,2019-12-31,nan,WARNER BROS DISCOVERY INC ORD,UNITED STATES,0.000195,1831133.0,79895.0,Derived Holdings 2026-04-13 SPY 2019.xlsx,False
SPY,2019-12-31,IPGP.OQ,IPG PHOTONICS CORP ORD,UNITED STATES,0.000194,411520.0,17661.0,Derived Holdings 2026-04-13 SPY 2019.xlsx,False
SPY,2019-12-31,HP.N,HELMERICH AND PAYNE INC ORD,UNITED STATES,0.000189,1280213.0,54507.0,Derived Holdings 2026-04-13 SPY 2019.xlsx,False
SPY,2019-12-31,HRB.N,H & R BLOCK INC ORD,UNITED STATES,0.000178,2326063.0,97923.0,Derived Holdings 2026-04-13 SPY 2019.xlsx,False
SPY,2019-12-31,ROL.N,ROLLINS INC ORD,UNITED STATES,0.000177,1638837.0,71643.0,Derived Holdings 2026-04-13 SPY 2019.xlsx,False
SPY,2019-12-31,BFH,BREAD FINANCIAL HOLDINGS INC ORD,UNITED STATES,0.000174,477417.0,21025.0,Derived Holdings 2026-04-13 SPY 2019.xlsx,False
SPY,2019-12-31,JWN.MX,NORDSTROM INC ORD,UNITED STATES,0.0001629999999999,1224239.0,53824.0,Derived Holdings 2026-04-13 SPY 2019.xlsx,False
SPY,2019-12-31,nan,BATH & BODY WORKS INC ORD,UNITED STATES,0.000154,2616187.0,117898.0,Derived Holdings 2026-04-13 SPY 2019.xlsx,False
SPY,2019-12-31,UAA.N,UNDER ARMOUR INC ORD,UNITED STATES,0.000149,2119031.0,95033.0,Derived Holdings 2026-04-13 SPY 2019.xlsx,False
SPY,2019-12-31,GAP,GAP INC ORD,UNITED STATES,0.000144,2503774.0,107648.0,Derived Holdings 2026-04-13 SPY 2019.xlsx,False
SPY,2019-12-31,UA.N,UNDER ARMOUR INC ORD,UNITED STATES,0.0001409999999999,2253751.0,98631.0,Derived Holdings 2026-04-13 SPY 2019.xlsx,False
SPY,2019-12-31,COTY.N,COTY INC ORD,UNITED STATES,0.000128,3492649.0,150014.0,Derived Holdings 2026-04-13 SPY 2019.xlsx,False
SPY,2019-12-31,NWS.OQ,NEWS CORP ORD,UNITED STATES,6.8e-05,1433899.0,61393.0,Derived Holdings 2026-04-13 SPY 2019.xlsx,False
SPY,2020-12-31,AAPL.OQ,APPLE INC ORD,UNITED STATES,0.067666,167787404.0,-5351875.0,Derived Holdings 2026-04-13 SPY 2020.xlsx,False
SPY,2020-12-31,MSFT.OQ,MICROSOFT CORP ORD,UNITED STATES,0.053658,79375553.0,-2126163.0,Derived Holdings 2026-04-13 SPY 2020.xlsx,False
SPY,2020-12-31,AMZN.OQ,AMAZON.COM INC ORD,UNITED STATES,0.0443229999999999,4477608.0,-107928.0,Derived Holdings 2026-04-13 SPY 2020.xlsx,False
SPY,2020-12-31,META.O,META PLATFORMS INC ORD,UNITED STATES,0.020953,25238636.0,-654914.0,Derived Holdings 2026-04-13 SPY 2020.xlsx,False
SPY,2020-12-31,TSLA.OQ,TESLA INC ORD,UNITED STATES,0.017075,7961417.0,,Derived Holdings 2026-04-13 SPY 2020.xlsx,False
SPY,2020-12-31,GOOGL.OQ,ALPHABET INC CLASS A ORD,UNITED STATES,0.016813,3156385.0,-79326.0,Derived Holdings 2026-04-13 SPY 2020.xlsx,False
SPY,2020-12-31,GOOG.OQ,ALPHABET INC CLASS C ORD,UNITED STATES,0.016227,3047646.0,-114148.0,Derived Holdings 2026-04-13 SPY 2020.xlsx,False
SPY,2020-12-31,BRKb.N,BERKSHIRE HATHAWAY INC ORD,UNITED STATES,0.014399,20431841.0,-916347.0,Derived Holdings 2026-04-13 SPY 2020.xlsx,False
SPY,2020-12-31,JNJ.N,JOHNSON & JOHNSON ORD,UNITED STATES,0.01322,27638377.0,-716398.0,Derived Holdings 2026-04-13 SPY 2020.xlsx,False
SPY,2020-12-31,JPM.N,JPMORGAN CHASE & CO ORD,UNITED STATES,0.012359,32002265.0,-833521.0,Derived Holdings 2026-04-13 SPY 2020.xlsx,False
SPY,2020-12-31,V.N,VISA INC ORD,UNITED STATES,0.011835,17802426.0,-355758.0,Derived Holdings 2026-04-13 SPY 2020.xlsx,False
SPY,2020-12-31,PG.N,PROCTER & GAMBLE CO ORD,UNITED STATES,0.011009,26032683.0,-779784.0,Derived Holdings 2026-04-13 SPY 2020.xlsx,False
SPY,2020-12-31,UNH.N,UNITEDHEALTH GROUP INC ORD,UNITED STATES,0.010617,9961434.0,-276906.0,Derived Holdings 2026-04-13 SPY 2020.xlsx,False
SPY,2020-12-31,DIS.N,WALT DISNEY CO ORD,UNITED STATES,0.0104669999999999,19007761.0,-462092.0,Derived Holdings 2026-04-13 SPY 2020.xlsx,False
SPY,2020-12-31,NVDA.OQ,NVIDIA CORP ORD,UNITED STATES,0.010314,6498720.0,-148881.0,Derived Holdings 2026-04-13 SPY 2020.xlsx,False
SPY,2020-12-31,MA.N,MASTERCARD INC ORD,UNITED STATES,0.01002,9236110.0,-277779.0,Derived Holdings 2026-04-13 SPY 2020.xlsx,False
SPY,2020-12-31,HD.N,HOME DEPOT INC ORD,UNITED STATES,0.009125,11302907.0,-290429.0,Derived Holdings 2026-04-13 SPY 2020.xlsx,False
SPY,2020-12-31,PYPL.OQ,PAYPAL HOLDINGS INC ORD,UNITED STATES,0.008756,12301290.0,-340666.0,Derived Holdings 2026-04-13 SPY 2020.xlsx,False
SPY,2020-12-31,VZ.N,VERIZON COMMUNICATIONS INC ORD,UNITED STATES,0.0077569999999999,43444714.0,-1139641.0,Derived Holdings 2026-04-13 SPY 2020.xlsx,False
SPY,2020-12-31,ADBE.OQ,ADOBE INC ORD,UNITED STATES,0.0076549999999999,5036432.0,-131830.0,Derived Holdings 2026-04-13 SPY 2020.xlsx,False
SPY,2020-12-31,CMCSA.OQ,COMCAST CORP ORD,UNITED STATES,0.0076339999999999,47935869.0,-1180399.0,Derived Holdings 2026-04-13 SPY 2020.xlsx,False
SPY,2020-12-31,NFLX.OQ,NETFLIX INC ORD,UNITED STATES,0.007623,4638248.0,-111432.0,Derived Holdings 2026-04-13 SPY 2020.xlsx,False
SPY,2020-12-31,BAC.N,BANK OF AMERICA CORP ORD,UNITED STATES,0.007363,79923612.0,-2224123.0,Derived Holdings 2026-04-13 SPY 2020.xlsx,False
SPY,2020-12-31,KO.N,COCA-COLA CO ORD,UNITED STATES,0.006768,40605828.0,-1046789.0,Derived Holdings 2026-04-13 SPY 2020.xlsx,False
SPY,2020-12-31,MRK.N,MERCK & CO INC ORD,UNITED STATES,0.006604,26562120.0,-677190.0,Derived Holdings 2026-04-13 SPY 2020.xlsx,False
SPY,2020-12-31,PEP.OQ,PEPSICO INC ORD,UNITED STATES,0.00654,14508830.0,-410127.0,Derived Holdings 2026-04-13 SPY 2020.xlsx,False
SPY,2020-12-31,T.N,AT&T INC ORD,UNITED STATES,0.006539,74813948.0,-1952522.0,Derived Holdings 2026-04-13 SPY 2020.xlsx,False
SPY,2020-12-31,PFE.N,PFIZER INC ORD,UNITED STATES,0.006529,58356071.0,-1515463.0,Derived Holdings 2026-04-13 SPY 2020.xlsx,False
SPY,2020-12-31,INTC.OQ,INTEL CORP ORD,UNITED STATES,0.006515,43023747.0,-2730610.0,Derived Holdings 2026-04-13 SPY 2020.xlsx,False
SPY,2020-12-31,CRM.N,SALESFORCE INC ORD,UNITED STATES,0.006497,9606386.0,-198560.0,Derived Holdings 2026-04-13 SPY 2020.xlsx,False
SPY,2020-12-31,WMT.O,WALMART INC ORD,UNITED STATES,0.006377,14554925.0,-405536.0,Derived Holdings 2026-04-13 SPY 2020.xlsx,False
SPY,2020-12-31,ABT.N,ABBOTT LABORATORIES ORD,UNITED STATES,0.006192,18607553.0,-468683.0,Derived Holdings 2026-04-13 SPY 2020.xlsx,False
SPY,2020-12-31,ABBV.N,ABBVIE INC ORD,UNITED STATES,0.006036,18535247.0,-477738.0,Derived Holdings 2026-04-13 SPY 2020.xlsx,False
SPY,2020-12-31,CSCO.OQ,CISCO SYSTEMS INC ORD,UNITED STATES,0.006034,44362546.0,-1250072.0,Derived Holdings 2026-04-13 SPY 2020.xlsx,False
SPY,2020-12-31,TMO.N,THERMO FISHER SCIENTIFIC INC ORD,UNITED STATES,0.0058899999999999,4160991.0,-101020.0,Derived Holdings 2026-04-13 SPY 2020.xlsx,False
SPY,2020-12-31,NKE.N,NIKE INC ORD,UNITED STATES,0.005664,13173886.0,-210636.0,Derived Holdings 2026-04-13 SPY 2020.xlsx,False
SPY,2020-12-31,AVGO.OQ,BROADCOM INC ORD,UNITED STATES,0.005651,4246754.0,-73721.0,Derived Holdings 2026-04-13 SPY 2020.xlsx,False
SPY,2020-12-31,XOM.N,EXXON MOBIL CORP ORD,UNITED STATES,0.005561,44391018.0,-1165412.0,Derived Holdings 2026-04-13 SPY 2020.xlsx,False
SPY,2020-12-31,QCOM.OQ,QUALCOMM INC ORD,UNITED STATES,0.0054979999999999,11874060.0,-282675.0,Derived Holdings 2026-04-13 SPY 2020.xlsx,False
SPY,2020-12-31,COST.OQ,COSTCO WHOLESALE CORP ORD,UNITED STATES,0.005305,4632313.0,-124932.0,Derived Holdings 2026-04-13 SPY 2020.xlsx,False
SPY,2020-12-31,ACN.N,ACCENTURE PLC ORD,IRELAND,0.005281,6651667.0,-203163.0,Derived Holdings 2026-04-13 SPY 2020.xlsx,False
SPY,2020-12-31,CVX.N,CHEVRON CORP ORD,UNITED STATES,0.005187,20210574.0,-519975.0,Derived Holdings 2026-04-13 SPY 2020.xlsx,False
SPY,2020-12-31,MCD.N,MCDONALD'S CORP ORD,UNITED STATES,0.005102,7822664.0,-194780.0,Derived Holdings 2026-04-13 SPY 2020.xlsx,False
SPY,2020-12-31,MDT.N,MEDTRONIC PLC ORD,IRELAND,0.005031,14131444.0,-345255.0,Derived Holdings 2026-04-13 SPY 2020.xlsx,False
SPY,2020-12-31,NEE.N,NEXTERA ENERGY INC ORD,UNITED STATES,0.004823,20567763.0,-535357.0,Derived Holdings 2026-04-13 SPY 2020.xlsx,False
SPY,2020-12-31,TXN.OQ,TEXAS INSTRUMENTS INC ORD,UNITED STATES,0.004807,9637219.0,-231171.0,Derived Holdings 2026-04-13 SPY 2020.xlsx,False
SPY,2020-12-31,HON.O,HONEYWELL INTERNATIONAL INC ORD,UNITED STATES,0.004762,7366830.0,-194414.0,Derived Holdings 2026-04-13 SPY 2020.xlsx,False
SPY,2020-12-31,DHR.N,DANAHER CORP ORD,UNITED STATES,0.004481,6637684.0,-161839.0,Derived Holdings 2026-04-13 SPY 2020.xlsx,False
SPY,2020-12-31,UNP.N,UNION PACIFIC CORP ORD,UNITED STATES,0.004477,7074753.0,-239565.0,Derived Holdings 2026-04-13 SPY 2020.xlsx,False
SPY,2020-12-31,BMY.N,BRISTOL-MYERS SQUIBB CO ORD,UNITED STATES,0.0044729999999999,23724485.0,-560325.0,Derived Holdings 2026-04-13 SPY 2020.xlsx,False
SPY,2020-12-31,nan,LINDE PLC ORD,UNITED KINGDOM,0.004413,5510331.0,-150324.0,Derived Holdings 2026-04-13 SPY 2020.xlsx,False
SPY,2020-12-31,LLY.N,ELI LILLY AND CO ORD,UNITED STATES,0.004277,8335597.0,-218083.0,Derived Holdings 2026-04-13 SPY 2020.xlsx,False
SPY,2020-12-31,AMGN.OQ,AMGEN INC ORD,UNITED STATES,0.004271,6112082.0,-198596.0,Derived Holdings 2026-04-13 SPY 2020.xlsx,False
SPY,2020-12-31,PM.N,PHILIP MORRIS INTERNATIONAL INC ORD,UNITED STATES,0.004114,16349872.0,-428792.0,Derived Holdings 2026-04-13 SPY 2020.xlsx,False
SPY,2020-12-31,C.N,CITIGROUP INC ORD,UNITED STATES,0.004096,21857895.0,-570334.0,Derived Holdings 2026-04-13 SPY 2020.xlsx,False
SPY,2020-12-31,SBUX.OQ,STARBUCKS CORP ORD,UNITED STATES,0.004007,12322404.0,-271396.0,Derived Holdings 2026-04-13 SPY 2020.xlsx,False
SPY,2020-12-31,WFC.N,WELLS FARGO & CO ORD,UNITED STATES,0.003982,43406889.0,-983918.0,Derived Holdings 2026-04-13 SPY 2020.xlsx,False
SPY,2020-12-31,ORCL.N,ORACLE CORP ORD,UNITED STATES,0.003915,19914646.0,-915123.0,Derived Holdings 2026-04-13 SPY 2020.xlsx,False
SPY,2020-12-31,UPS.N,UNITED PARCEL SERVICE INC ORD,UNITED STATES,0.0038429999999999,7508857.0,-100446.0,Derived Holdings 2026-04-13 SPY 2020.xlsx,False
SPY,2020-12-31,LOW.N,LOWE'S COMPANIES INC ORD,UNITED STATES,0.003753,7692645.0,-449107.0,Derived Holdings 2026-04-13 SPY 2020.xlsx,False
SPY,2020-12-31,BA.N,BOEING CO ORD,UNITED STATES,0.0036249999999999,5571284.0,-145594.0,Derived Holdings 2026-04-13 SPY 2020.xlsx,False
SPY,2020-12-31,IBM.N,INTERNATIONAL BUSINESS MACHINES CORP ORD,UNITED STATES,0.003579,9355037.0,-240074.0,Derived Holdings 2026-04-13 SPY 2020.xlsx,False
SPY,2020-12-31,AMD.OQ,ADVANCED MICRO DEVICES INC ORD,UNITED STATES,0.0035199999999999,12626996.0,-22442.0,Derived Holdings 2026-04-13 SPY 2020.xlsx,False
SPY,2020-12-31,RTX.N,RTX CORP ORD,UNITED STATES,0.0034649999999999,15945090.0,-514699.0,Derived Holdings 2026-04-13 SPY 2020.xlsx,False
SPY,2020-12-31,NOW.N,SERVICENOW INC ORD,UNITED STATES,0.003427,2048651.0,-12240.0,Derived Holdings 2026-04-13 SPY 2020.xlsx,False
SPY,2020-12-31,nan,USD CASH,UNITED STATES,0.003405,1120453259.0,692867536.0,Derived Holdings 2026-04-13 SPY 2020.xlsx,False
SPY,2020-12-31,BLK.N,BLACKROCK INC ORD,UNITED STATES,0.003265,1489056.0,-38883.0,Derived Holdings 2026-04-13 SPY 2020.xlsx,False
SPY,2020-12-31,MMM.N,3M CO ORD,UNITED STATES,0.003217,6056109.0,-147487.0,Derived Holdings 2026-04-13 SPY 2020.xlsx,False
SPY,2020-12-31,INTU.OQ,INTUIT INC ORD,UNITED STATES,0.003185,2759019.0,-59038.0,Derived Holdings 2026-04-13 SPY 2020.xlsx,False
SPY,2020-12-31,AMT.N,AMERICAN TOWER CORP ORD,UNITED STATES,0.003182,4664507.0,-113875.0,Derived Holdings 2026-04-13 SPY 2020.xlsx,False
SPY,2020-12-31,CAT.N,CATERPILLAR INC ORD,UNITED STATES,0.003155,5703745.0,-127992.0,Derived Holdings 2026-04-13 SPY 2020.xlsx,False
SPY,2020-12-31,MS.N,MORGAN STANLEY ORD,UNITED STATES,0.003125,15006056.0,-380737.0,Derived Holdings 2026-04-13 SPY 2020.xlsx,False
SPY,2020-12-31,CHTR.OQ,CHARTER COMMUNICATIONS INC ORD,UNITED STATES,0.003081,1532120.0,-79532.0,Derived Holdings 2026-04-13 SPY 2020.xlsx,False
SPY,2020-12-31,ISRG.OQ,INTUITIVE SURGICAL INC ORD,UNITED STATES,0.003069,1234283.0,-25930.0,Derived Holdings 2026-04-13 SPY 2020.xlsx,False
SPY,2020-12-31,GE.N,GENERAL ELECTRIC CO ORD,UNITED STATES,0.003019,91988245.0,-1827967.0,Derived Holdings 2026-04-13 SPY 2020.xlsx,False
SPY,2020-12-31,BKNG.OQ,BOOKING HOLDINGS INC ORD,UNITED STATES,0.002911,429998.0,-11223.0,Derived Holdings 2026-04-13 SPY 2020.xlsx,False
SPY,2020-12-31,GS.N,GOLDMAN SACHS GROUP INC ORD,UNITED STATES,0.002896,3612939.0,-94371.0,Derived Holdings 2026-04-13 SPY 2020.xlsx,False
SPY,2020-12-31,CVS.N,CVS HEALTH CORP ORD,UNITED STATES,0.002853,13744868.0,-349566.0,Derived Holdings 2026-04-13 SPY 2020.xlsx,False
SPY,2020-12-31,TGT.N,TARGET CORP ORD,UNITED STATES,0.002821,5258683.0,-133071.0,Derived Holdings 2026-04-13 SPY 2020.xlsx,False
SPY,2020-12-31,FIS.N,FIDELITY NATIONAL INFORMATION SERVICES INC ORD,UNITED STATES,0.002802,6516161.0,-160147.0,Derived Holdings 2026-04-13 SPY 2020.xlsx,False
SPY,2020-12-31,LMT.N,LOCKHEED MARTIN CORP ORD,UNITED STATES,0.002789,2585319.0,-65244.0,Derived Holdings 2026-04-13 SPY 2020.xlsx,False
SPY,2020-12-31,DE.N,DEERE & CO ORD,UNITED STATES,0.002691,3290737.0,-84097.0,Derived Holdings 2026-04-13 SPY 2020.xlsx,False
SPY,2020-12-31,MU.OQ,MICRON TECHNOLOGY INC ORD,UNITED STATES,0.002671,11690138.0,-278746.0,Derived Holdings 2026-04-13 SPY 2020.xlsx,False
SPY,2020-12-31,MDLZ.OQ,MONDELEZ INTERNATIONAL INC ORD,UNITED STATES,0.002669,15018235.0,-371134.0,Derived Holdings 2026-04-13 SPY 2020.xlsx,False
SPY,2020-12-31,TJX.N,TJX COMPANIES INC ORD,UNITED STATES,0.002617,12607731.0,-305760.0,Derived Holdings 2026-04-13 SPY 2020.xlsx,False
SPY,2020-12-31,SYK.N,STRYKER CORP ORD,UNITED STATES,0.002557,3433088.0,-87845.0,Derived Holdings 2026-04-13 SPY 2020.xlsx,False
SPY,2020-12-31,ELV,ELEVANCE HEALTH INC ORD,UNITED STATES,0.002549,2611722.0,-98148.0,Derived Holdings 2026-04-13 SPY 2020.xlsx,False
SPY,2020-12-31,SCHW.N,CHARLES SCHWAB CORP ORD,UNITED STATES,0.002525,15664127.0,-279124.0,Derived Holdings 2026-04-13 SPY 2020.xlsx,False
SPY,2020-12-31,SPGI.N,S&P GLOBAL INC ORD,UNITED STATES,0.002524,2526478.0,-69989.0,Derived Holdings 2026-04-13 SPY 2020.xlsx,False
SPY,2020-12-31,AXP.N,AMERICAN EXPRESS CO ORD,UNITED STATES,0.0025169999999999,6848756.0,-178300.0,Derived Holdings 2026-04-13 SPY 2020.xlsx,False
SPY,2020-12-31,AMAT.OQ,APPLIED MATERIALS INC ORD,UNITED STATES,0.002516,9590576.0,-249741.0,Derived Holdings 2026-04-13 SPY 2020.xlsx,False
SPY,2020-12-31,TMUS.OQ,T-MOBILE US INC ORD,UNITED STATES,0.0025109999999999,6126028.0,-141236.0,Derived Holdings 2026-04-13 SPY 2020.xlsx,False
SPY,2020-12-31,ZTS.N,ZOETIS INC ORD,UNITED STATES,0.00251,4990904.0,-124852.0,Derived Holdings 2026-04-13 SPY 2020.xlsx,False
SPY,2020-12-31,MO.N,ALTRIA GROUP INC ORD,UNITED STATES,0.002432,19515430.0,-505397.0,Derived Holdings 2026-04-13 SPY 2020.xlsx,False
SPY,2020-12-31,ADP.OQ,AUTOMATIC DATA PROCESSING INC ORD,UNITED STATES,0.002411,4502838.0,-129150.0,Derived Holdings 2026-04-13 SPY 2020.xlsx,False
SPY,2020-12-31,CI.N,CIGNA GROUP ORD,UNITED STATES,0.0024,3793480.0,-163037.0,Derived Holdings 2026-04-13 SPY 2020.xlsx,False
SPY,2020-12-31,PLD.N,PROLOGIS INC ORD,UNITED STATES,0.002351,7762695.0,-173425.0,Derived Holdings 2026-04-13 SPY 2020.xlsx,False
SPY,2020-12-31,CL.N,COLGATE-PALMOLIVE CO ORD,UNITED STATES,0.002339,9001344.0,-205258.0,Derived Holdings 2026-04-13 SPY 2020.xlsx,False
SPY,2020-12-31,GILD.OQ,GILEAD SCIENCES INC ORD,UNITED STATES,0.002331,13163592.0,-344337.0,Derived Holdings 2026-04-13 SPY 2020.xlsx,False
SPY,2020-12-31,BDX.N,BECTON DICKINSON AND CO ORD,UNITED STATES,0.002316,3045503.0,-77700.0,Derived Holdings 2026-04-13 SPY 2020.xlsx,False
SPY,2020-12-31,ATVIn.BCU,ACTIVISION BLIZZARD INC ORD,UNITED STATES,0.00229,8115945.0,-210535.0,Derived Holdings 2026-04-13 SPY 2020.xlsx,False
SPY,2020-12-31,CB.N,CHUBB LIMITED ORD,SWITZERLAND,0.002217,4740056.0,-131468.0,Derived Holdings 2026-04-13 SPY 2020.xlsx,False
SPY,2020-12-31,CSX.OQ,CSX CORP ORD,UNITED STATES,0.002215,8031003.0,-211065.0,Derived Holdings 2026-04-13 SPY 2020.xlsx,False
SPY,2020-12-31,CCI.N,CROWN CASTLE INC ORD,UNITED STATES,0.002191,4529187.0,25457.0,Derived Holdings 2026-04-13 SPY 2020.xlsx,False
SPY,2020-12-31,LRCX.OQ,LAM RESEARCH CORP ORD,UNITED STATES,0.0021709999999999,1512172.0,-43318.0,Derived Holdings 2026-04-13 SPY 2020.xlsx,False
SPY,2020-12-31,DUK.N,DUKE ENERGY CORP ORD,UNITED STATES,0.002151,7728406.0,-192213.0,Derived Holdings 2026-04-13 SPY 2020.xlsx,False
SPY,2020-12-31,ADSK.OQ,AUTODESK INC ORD,UNITED STATES,0.002143,2309080.0,-53838.0,Derived Holdings 2026-04-13 SPY 2020.xlsx,False
SPY,2020-12-31,FISV.O,FISERV INC ORD,UNITED STATES,0.002089,6036379.0,47755.0,Derived Holdings 2026-04-13 SPY 2020.xlsx,False
SPY,2020-12-31,CME.OQ,CME GROUP INC ORD,UNITED STATES,0.002086,3769726.0,-81309.0,Derived Holdings 2026-04-13 SPY 2020.xlsx,False
SPY,2020-12-31,SO.N,SOUTHERN CO ORD,UNITED STATES,0.002071,11091608.0,-282521.0,Derived Holdings 2026-04-13 SPY 2020.xlsx,False
SPY,2020-12-31,ICE.N,INTERCONTINENTAL EXCHANGE INC ORD,UNITED STATES,0.002065,5894243.0,-152987.0,Derived Holdings 2026-04-13 SPY 2020.xlsx,False
SPY,2020-12-31,TFC.N,TRUIST FINANCIAL CORP ORD,UNITED STATES,0.002062,14156925.0,-356280.0,Derived Holdings 2026-04-13 SPY 2020.xlsx,False
SPY,2020-12-31,GPN.N,GLOBAL PAYMENTS INC ORD,UNITED STATES,0.002058,3143387.0,-86149.0,Derived Holdings 2026-04-13 SPY 2020.xlsx,False
SPY,2020-12-31,USB.N,US BANCORP ORD,UNITED STATES,0.002038,14395519.0,-367412.0,Derived Holdings 2026-04-13 SPY 2020.xlsx,False
SPY,2020-12-31,EQIX.OQ,EQUINIX INC ORD,UNITED STATES,0.002031,935504.0,-18168.0,Derived Holdings 2026-04-13 SPY 2020.xlsx,False
SPY,2020-12-31,PNC.N,PNC FINANCIAL SERVICES GROUP INC ORD,UNITED STATES,0.002015,4449158.0,-122682.0,Derived Holdings 2026-04-13 SPY 2020.xlsx,False
SPY,2020-12-31,FDX.N,FEDEX CORP ORD,UNITED STATES,0.002002,2536981.0,-60166.0,Derived Holdings 2026-04-13 SPY 2020.xlsx,False
SPY,2020-12-31,VRTX.OQ,VERTEX PHARMACEUTICALS INC ORD,UNITED STATES,0.001962,2730825.0,-70482.0,Derived Holdings 2026-04-13 SPY 2020.xlsx,False
SPY,2020-12-31,D.N,DOMINION ENERGY INC ORD,UNITED STATES,0.001958,8566975.0,-481386.0,Derived Holdings 2026-04-13 SPY 2020.xlsx,False
SPY,2020-12-31,APD.N,AIR PRODUCTS AND CHEMICALS INC ORD,UNITED STATES,0.001927,2321142.0,-50194.0,Derived Holdings 2026-04-13 SPY 2020.xlsx,False
SPY,2020-12-31,NSC.N,NORFOLK SOUTHERN CORP ORD,UNITED STATES,0.001926,2667122.0,-81537.0,Derived Holdings 2026-04-13 SPY 2020.xlsx,False
SPY,2020-12-31,EL.N,ESTEE LAUDER COMPANIES INC ORD,UNITED STATES,0.001925,2378952.0,-49483.0,Derived Holdings 2026-04-13 SPY 2020.xlsx,False
SPY,2020-12-31,SHW.N,SHERWIN-WILLIAMS CO ORD,UNITED STATES,0.001917,858402.0,-24467.0,Derived Holdings 2026-04-13 SPY 2020.xlsx,False
SPY,2020-12-31,MRSH.K,MARSH & MCLENNAN COMPANIES INC ORD,UNITED STATES,0.001894,5326211.0,-130916.0,Derived Holdings 2026-04-13 SPY 2020.xlsx,False
SPY,2020-12-31,ITW.N,ILLINOIS TOOL WORKS INC ORD,UNITED STATES,0.001874,3024571.0,-74157.0,Derived Holdings 2026-04-13 SPY 2020.xlsx,False
SPY,2020-12-31,PGR.N,PROGRESSIVE CORP ORD,UNITED STATES,0.0018479999999999,6149414.0,-139850.0,Derived Holdings 2026-04-13 SPY 2020.xlsx,False
SPY,2020-12-31,EW.N,EDWARDS LIFESCIENCES CORP ORD,UNITED STATES,0.001815,6544666.0,-159590.0,Derived Holdings 2026-04-13 SPY 2020.xlsx,False
SPY,2020-12-31,ADI.OQ,ANALOG DEVICES INC ORD,UNITED STATES,0.0017419999999999,3879903.0,-79311.0,Derived Holdings 2026-04-13 SPY 2020.xlsx,False
SPY,2020-12-31,HUM.N,HUMANA INC ORD,UNITED STATES,0.001733,1389841.0,-32047.0,Derived Holdings 2026-04-13 SPY 2020.xlsx,False
SPY,2020-12-31,ILMN.OQ,ILLUMINA INC ORD,UNITED STATES,0.001724,1533344.0,-39274.0,Derived Holdings 2026-04-13 SPY 2020.xlsx,False
SPY,2020-12-31,ECL.N,ECOLAB INC ORD,UNITED STATES,0.001715,2607944.0,-63690.0,Derived Holdings 2026-04-13 SPY 2020.xlsx,False
SPY,2020-12-31,GM.N,GENERAL MOTORS CO ORD,UNITED STATES,0.001674,13228348.0,-298199.0,Derived Holdings 2026-04-13 SPY 2020.xlsx,False
SPY,2020-12-31,DD.N,DUPONT DE NEMOURS INC ORD,UNITED STATES,0.001666,7707315.0,-198580.0,Derived Holdings 2026-04-13 SPY 2020.xlsx,False
SPY,2020-12-31,DG.N,DOLLAR GENERAL CORP ORD,UNITED STATES,0.0016439999999999,2572857.0,-110415.0,Derived Holdings 2026-04-13 SPY 2020.xlsx,False
SPY,2020-12-31,BSX.N,BOSTON SCIENTIFIC CORP ORD,UNITED STATES,0.001643,15038763.0,-399990.0,Derived Holdings 2026-04-13 SPY 2020.xlsx,False
SPY,2020-12-31,REGN.OQ,REGENERON PHARMACEUTICALS INC ORD,UNITED STATES,0.001617,1101180.0,-25251.0,Derived Holdings 2026-04-13 SPY 2020.xlsx,False
SPY,2020-12-31,AON.N,AON PLC ORD,IRELAND,0.001542,2400983.0,-94976.0,Derived Holdings 2026-04-13 SPY 2020.xlsx,False
SPY,2020-12-31,NEM.N,NEWMONT CORPORATION ORD,UNITED STATES,0.0015359999999999,8437293.0,-211353.0,Derived Holdings 2026-04-13 SPY 2020.xlsx,False
SPY,2020-12-31,EMR.N,EMERSON ELECTRIC CO ORD,UNITED STATES,0.001534,6280811.0,-155229.0,Derived Holdings 2026-04-13 SPY 2020.xlsx,False
SPY,2020-12-31,ETN.N,EATON CORPORATION PLC ORD,IRELAND,0.001529,4186394.0,-122432.0,Derived Holdings 2026-04-13 SPY 2020.xlsx,False
SPY,2020-12-31,NOC.N,NORTHROP GRUMMAN CORP ORD,UNITED STATES,0.0015079999999999,1628299.0,-42231.0,Derived Holdings 2026-04-13 SPY 2020.xlsx,False
SPY,2020-12-31,MCO.N,MOODY'S CORP ORD,UNITED STATES,0.001496,1695815.0,-42665.0,Derived Holdings 2026-04-13 SPY 2020.xlsx,False
SPY,2020-12-31,WM.N,WASTE MANAGEMENT INC ORD,UNITED STATES,0.001464,4083407.0,-108417.0,Derived Holdings 2026-04-13 SPY 2020.xlsx,False
SPY,2020-12-31,KMB.O,KIMBERLY-CLARK CORP ORD,UNITED STATES,0.001464,3572247.0,-100872.0,Derived Holdings 2026-04-13 SPY 2020.xlsx,False
SPY,2020-12-31,COF.N,CAPITAL ONE FINANCIAL CORP ORD,UNITED STATES,0.001443,4803760.0,-116135.0,Derived Holdings 2026-04-13 SPY 2020.xlsx,False
SPY,2020-12-31,ROP.O,ROPER TECHNOLOGIES INC ORD,UNITED STATES,0.001443,1101428.0,-15351.0,Derived Holdings 2026-04-13 SPY 2020.xlsx,False
SPY,2020-12-31,CTSH.OQ,COGNIZANT TECHNOLOGY SOLUTIONS CORP ORD,UNITED STATES,0.001399,5615024.0,-226886.0,Derived Holdings 2026-04-13 SPY 2020.xlsx,False
SPY,2020-12-31,ROST.OQ,ROSS STORES INC ORD,UNITED STATES,0.001396,3738889.0,-100563.0,Derived Holdings 2026-04-13 SPY 2020.xlsx,False
SPY,2020-12-31,HCA.N,HCA HEALTHCARE INC ORD,UNITED STATES,0.001386,2771958.0,-71294.0,Derived Holdings 2026-04-13 SPY 2020.xlsx,False
SPY,2020-12-31,TWRde.TPRM,TWITTER INC ORD,UNITED STATES,0.001375,8353161.0,-125715.0,Derived Holdings 2026-04-13 SPY 2020.xlsx,False
SPY,2020-12-31,COP.N,CONOCOPHILLIPS ORD,UNITED STATES,0.001363,11216154.0,-372574.0,Derived Holdings 2026-04-13 SPY 2020.xlsx,False
SPY,2020-12-31,IDXX.OQ,IDEXX LABORATORIES INC ORD,UNITED STATES,0.001361,895565.0,-20379.0,Derived Holdings 2026-04-13 SPY 2020.xlsx,False
SPY,2020-12-31,EA.OQ,ELECTRONIC ARTS INC ORD,UNITED STATES,0.00133,3046511.0,-64521.0,Derived Holdings 2026-04-13 SPY 2020.xlsx,False
SPY,2020-12-31,AEP.OQ,AMERICAN ELECTRIC POWER COMPANY INC ORD,UNITED STATES,0.0013189999999999,5213251.0,-96990.0,Derived Holdings 2026-04-13 SPY 2020.xlsx,False
SPY,2020-12-31,EXC.OQ,EXELON CORP ORD,UNITED STATES,0.001315,10245862.0,-199954.0,Derived Holdings 2026-04-13 SPY 2020.xlsx,False
SPY,2020-12-31,DOW.N,DOW INC ORD,UNITED STATES,0.0013139999999999,7790204.0,-180248.0,Derived Holdings 2026-04-13 SPY 2020.xlsx,False
SPY,2020-12-31,BAX.N,BAXTER INTERNATIONAL INC ORD,UNITED STATES,0.001308,5364875.0,-88870.0,Derived Holdings 2026-04-13 SPY 2020.xlsx,False
SPY,2020-12-31,TEL.N,TE CONNECTIVITY PLC ORD,IRELAND,0.001278,3473584.0,-82444.0,Derived Holdings 2026-04-13 SPY 2020.xlsx,False
SPY,2020-12-31,KLAC.OQ,KLA CORP ORD,UNITED STATES,0.001276,1621573.0,-53454.0,Derived Holdings 2026-04-13 SPY 2020.xlsx,False
SPY,2020-12-31,LHX.N,L3HARRIS TECHNOLOGIES INC ORD,UNITED STATES,0.001268,2206664.0,-126118.0,Derived Holdings 2026-04-13 SPY 2020.xlsx,False
SPY,2020-12-31,SNPS.OQ,SYNOPSYS INC ORD,UNITED STATES,0.001262,1602290.0,-27319.0,Derived Holdings 2026-04-13 SPY 2020.xlsx,False
SPY,2020-12-31,APH.N,AMPHENOL CORP ORD,UNITED STATES,0.001249,3141904.0,-44770.0,Derived Holdings 2026-04-13 SPY 2020.xlsx,False
SPY,2020-12-31,DLR.N,DIGITAL REALTY TRUST INC ORD,UNITED STATES,0.001241,2926282.0,26620.0,Derived Holdings 2026-04-13 SPY 2020.xlsx,False
SPY,2020-12-31,CMG.N,CHIPOTLE MEXICAN GRILL INC ORD,UNITED STATES,0.001238,293799.0,-7552.0,Derived Holdings 2026-04-13 SPY 2020.xlsx,False
SPY,2020-12-31,ALGN.OQ,ALIGN TECHNOLOGY INC ORD,UNITED STATES,0.001223,753296.0,-19331.0,Derived Holdings 2026-04-13 SPY 2020.xlsx,False
SPY,2020-12-31,CDNS.OQ,CADENCE DESIGN SYSTEMS INC ORD,UNITED STATES,0.001215,2929464.0,-83798.0,Derived Holdings 2026-04-13 SPY 2020.xlsx,False
SPY,2020-12-31,SYY.N,SYSCO CORP ORD,UNITED STATES,0.001207,5349581.0,-130472.0,Derived Holdings 2026-04-13 SPY 2020.xlsx,False
SPY,2020-12-31,FCX.N,FREEPORT-MCMORAN INC ORD,UNITED STATES,0.001207,15258736.0,-344165.0,Derived Holdings 2026-04-13 SPY 2020.xlsx,False
SPY,2020-12-31,BIIB.OQ,BIOGEN INC ORD,UNITED STATES,0.001203,1616122.0,-89612.0,Derived Holdings 2026-04-13 SPY 2020.xlsx,False
SPY,2020-12-31,STZ.N,CONSTELLATION BRANDS INC ORD,UNITED STATES,0.0011849999999999,1779626.0,-18579.0,Derived Holdings 2026-04-13 SPY 2020.xlsx,False
SPY,2020-12-31,MSCI.N,MSCI INC ORD,UNITED STATES,0.001181,870322.0,-30823.0,Derived Holdings 2026-04-13 SPY 2020.xlsx,False
SPY,2020-12-31,SRE.N,SEMPRA ORD,UNITED STATES,0.001173,3029554.0,-87123.0,Derived Holdings 2026-04-13 SPY 2020.xlsx,False
SPY,2020-12-31,A.N,AGILENT TECHNOLOGIES INC ORD,UNITED STATES,0.001157,3213799.0,-117852.0,Derived Holdings 2026-04-13 SPY 2020.xlsx,False
SPY,2020-12-31,MCHP.OQ,MICROCHIP TECHNOLOGY INC ORD,UNITED STATES,0.001148,2734321.0,14234.0,Derived Holdings 2026-04-13 SPY 2020.xlsx,False
SPY,2020-12-31,GIS.N,GENERAL MILLS INC ORD,UNITED STATES,0.001147,6420135.0,-77577.0,Derived Holdings 2026-04-13 SPY 2020.xlsx,False
SPY,2020-12-31,MET.N,METLIFE INC ORD,UNITED STATES,0.0011459999999999,8031077.0,-281132.0,Derived Holdings 2026-04-13 SPY 2020.xlsx,False
SPY,2020-12-31,TRV.N,TRAVELERS COMPANIES INC ORD,UNITED STATES,0.001135,2660417.0,-71058.0,Derived Holdings 2026-04-13 SPY 2020.xlsx,False
SPY,2020-12-31,DXCM.OQ,DEXCOM INC ORD,UNITED STATES,0.001133,1008617.0,-23059.0,Derived Holdings 2026-04-13 SPY 2020.xlsx,False
SPY,2020-12-31,APTV.N,APTIV PLC ORD,SWITZERLAND,0.0011229999999999,2835986.0,-73418.0,Derived Holdings 2026-04-13 SPY 2020.xlsx,False
SPY,2020-12-31,PSA.N,PUBLIC STORAGE ORD,UNITED STATES,0.001121,1597442.0,-41119.0,Derived Holdings 2026-04-13 SPY 2020.xlsx,False
SPY,2020-12-31,PH.N,PARKER-HANNIFIN CORP ORD,UNITED STATES,0.00112,1352269.0,-27435.0,Derived Holdings 2026-04-13 SPY 2020.xlsx,False
SPY,2020-12-31,MAR.OQ,MARRIOTT INTERNATIONAL INC ORD,UNITED STATES,0.001119,2792158.0,-73309.0,Derived Holdings 2026-04-13 SPY 2020.xlsx,False
SPY,2020-12-31,XEL.OQ,XCEL ENERGY INC ORD,UNITED STATES,0.001118,5518739.0,-114434.0,Derived Holdings 2026-04-13 SPY 2020.xlsx,False
SPY,2020-12-31,TT.N,TRANE TECHNOLOGIES PLC ORD,IRELAND,0.001113,2521968.0,-59610.0,Derived Holdings 2026-04-13 SPY 2020.xlsx,False
SPY,2020-12-31,CNC.N,CENTENE CORP ORD,UNITED STATES,0.001111,6089380.0,-164203.0,Derived Holdings 2026-04-13 SPY 2020.xlsx,False
SPY,2020-12-31,XLNX.O^B22,XILINX INC ORD,UNITED STATES,0.001109,2574403.0,-53578.0,Derived Holdings 2026-04-13 SPY 2020.xlsx,False
SPY,2020-12-31,BK.N,BANK OF NEW YORK MELLON CORP ORD,UNITED STATES,0.001104,8559063.0,-148994.0,Derived Holdings 2026-04-13 SPY 2020.xlsx,False
SPY,2020-12-31,GD.N,GENERAL DYNAMICS CORP ORD,UNITED STATES,0.001104,2441217.0,-62096.0,Derived Holdings 2026-04-13 SPY 2020.xlsx,False
SPY,2020-12-31,F.N,FORD MOTOR CO ORD,UNITED STATES,0.001096,41039239.0,-919581.0,Derived Holdings 2026-04-13 SPY 2020.xlsx,False
SPY,2020-12-31,IQV.N,IQVIA HOLDINGS INC ORD,UNITED STATES,0.001096,2012862.0,-47986.0,Derived Holdings 2026-04-13 SPY 2020.xlsx,False
SPY,2020-12-31,TROW.OQ,T ROWE PRICE GROUP INC ORD,UNITED STATES,0.001094,2378109.0,-66262.0,Derived Holdings 2026-04-13 SPY 2020.xlsx,False
SPY,2020-12-31,ALXN.O^G21,ALEXION PHARMACEUTICALS INC (PRE-MERGER) ORD,UNITED STATES,0.001091,2297544.0,-63861.0,Derived Holdings 2026-04-13 SPY 2020.xlsx,False
SPY,2020-12-31,MNST.OQ,MONSTER BEVERAGE CORP ORD,UNITED STATES,0.001091,3881026.0,-96711.0,Derived Holdings 2026-04-13 SPY 2020.xlsx,False
SPY,2020-12-31,PPG.N,PPG INDUSTRIES INC ORD,UNITED STATES,0.001087,2480849.0,-58698.0,Derived Holdings 2026-04-13 SPY 2020.xlsx,False
SPY,2020-12-31,HPQ.N,HP INC ORD,UNITED STATES,0.001078,14420026.0,-378399.0,Derived Holdings 2026-04-13 SPY 2020.xlsx,False
SPY,2020-12-31,VRSK.OQ,VERISK ANALYTICS INC ORD,UNITED STATES,0.001077,1707027.0,-47634.0,Derived Holdings 2026-04-13 SPY 2020.xlsx,False
SPY,2020-12-31,JCI.N,JOHNSON CONTROLS INTERNATIONAL PLC ORD,IRELAND,0.001076,7600128.0,-438569.0,Derived Holdings 2026-04-13 SPY 2020.xlsx,False
SPY,2020-12-31,TDG.N,TRANSDIGM GROUP INC ORD,UNITED STATES,0.001075,571476.0,-12571.0,Derived Holdings 2026-04-13 SPY 2020.xlsx,False
SPY,2020-12-31,CMI.N,CUMMINS INC ORD,UNITED STATES,0.001073,1554321.0,-40017.0,Derived Holdings 2026-04-13 SPY 2020.xlsx,False
SPY,2020-12-31,INFO.K^B22,IHS MARKIT LTD ORD,BERMUDA,0.001068,3912839.0,-106136.0,Derived Holdings 2026-04-13 SPY 2020.xlsx,False
SPY,2020-12-31,ALL.N,ALLSTATE CORP ORD,UNITED STATES,0.001067,3193517.0,-171412.0,Derived Holdings 2026-04-13 SPY 2020.xlsx,False
SPY,2020-12-31,EBAY.OQ,EBAY INC ORD,UNITED STATES,0.00105,6875303.0,-262220.0,Derived Holdings 2026-04-13 SPY 2020.xlsx,False
SPY,2020-12-31,ORLY.OQ,O'REILLY AUTOMOTIVE INC ORD,UNITED STATES,0.001047,760911.0,-36387.0,Derived Holdings 2026-04-13 SPY 2020.xlsx,False
SPY,2020-12-31,YUM.N,YUM! BRANDS INC ORD,UNITED STATES,0.001045,3167123.0,-81805.0,Derived Holdings 2026-04-13 SPY 2020.xlsx,False
SPY,2020-12-31,AIG.N,AMERICAN INTERNATIONAL GROUP INC ORD,UNITED STATES,0.001041,9044882.0,-232297.0,Derived Holdings 2026-04-13 SPY 2020.xlsx,False
SPY,2020-12-31,ZBH.N,"ZIMMER BIOMET HOLDINGS, INC ORD",UNITED STATES,0.001019,2176156.0,-34677.0,Derived Holdings 2026-04-13 SPY 2020.xlsx,False
SPY,2020-12-31,SBAC.OQ,SBA COMMUNICATIONS CORP ORD,UNITED STATES,0.001001,1167014.0,-38375.0,Derived Holdings 2026-04-13 SPY 2020.xlsx,False
SPY,2020-12-31,ANSS.MX,ANSYS INC ORD,UNITED STATES,0.000997,902064.0,-17935.0,Derived Holdings 2026-04-13 SPY 2020.xlsx,False
SPY,2020-12-31,CTAS.OQ,CINTAS CORP ORD,UNITED STATES,0.000991,922726.0,-14012.0,Derived Holdings 2026-04-13 SPY 2020.xlsx,False
SPY,2020-12-31,PRU.N,PRUDENTIAL FINANCIAL INC ORD,UNITED STATES,0.000986,4157446.0,-98508.0,Derived Holdings 2026-04-13 SPY 2020.xlsx,False
SPY,2020-12-31,HLT.N,HILTON WORLDWIDE HOLDINGS INC ORD,UNITED STATES,0.000985,2912790.0,-75121.0,Derived Holdings 2026-04-13 SPY 2020.xlsx,False
SPY,2020-12-31,RMD.N,RESMED INC ORD,UNITED STATES,0.000983,1522064.0,-11995.0,Derived Holdings 2026-04-13 SPY 2020.xlsx,False
SPY,2020-12-31,CARR.N,CARRIER GLOBAL CORP ORD,UNITED STATES,0.000981,8553143.0,-198055.0,Derived Holdings 2026-04-13 SPY 2020.xlsx,False
SPY,2020-12-31,PSX.N,PHILLIPS 66 ORD,UNITED STATES,0.000975,4585809.0,-131178.0,Derived Holdings 2026-04-13 SPY 2020.xlsx,False
SPY,2020-12-31,BALL.K,BALL CORP ORD,UNITED STATES,0.000973,3434257.0,-90645.0,Derived Holdings 2026-04-13 SPY 2020.xlsx,False
SPY,2020-12-31,SLB.N,SLB NV ORD,UNITED STATES,0.00097,14614564.0,-264757.0,Derived Holdings 2026-04-13 SPY 2020.xlsx,False
SPY,2020-12-31,PCAR.OQ,PACCAR INC ORD,UNITED STATES,0.000954,3637164.0,-65117.0,Derived Holdings 2026-04-13 SPY 2020.xlsx,False
SPY,2020-12-31,PAYX.OQ,PAYCHEX INC ORD,UNITED STATES,0.000951,3359090.0,-65121.0,Derived Holdings 2026-04-13 SPY 2020.xlsx,False
SPY,2020-12-31,ES.N,EVERSOURCE ENERGY ORD,UNITED STATES,0.000946,3599255.0,-36905.0,Derived Holdings 2026-04-13 SPY 2020.xlsx,False
SPY,2020-12-31,PEG.N,PUBLIC SERVICE ENTERPRISE GROUP INC ORD,UNITED STATES,0.000941,5310803.0,-98039.0,Derived Holdings 2026-04-13 SPY 2020.xlsx,False
SPY,2020-12-31,ROK.N,ROCKWELL AUTOMATION INC ORD,UNITED STATES,0.0009299999999999,1220267.0,-21043.0,Derived Holdings 2026-04-13 SPY 2020.xlsx,False
SPY,2020-12-31,EOG.N,EOG RESOURCES INC ORD,UNITED STATES,0.0009279999999999,6124759.0,-129215.0,Derived Holdings 2026-04-13 SPY 2020.xlsx,False
SPY,2020-12-31,AFL.N,AFLAC INC ORD,UNITED STATES,0.000927,6858516.0,-284610.0,Derived Holdings 2026-04-13 SPY 2020.xlsx,False
SPY,2020-12-31,WEC.N,WEC ENERGY GROUP INC ORD,UNITED STATES,0.000926,3311645.0,-62240.0,Derived Holdings 2026-04-13 SPY 2020.xlsx,False
SPY,2020-12-31,MSI.N,MOTOROLA SOLUTIONS INC ORD,UNITED STATES,0.00092,1779800.0,-48758.0,Derived Holdings 2026-04-13 SPY 2020.xlsx,False
SPY,2020-12-31,CTVA.N,CORTEVA INC ORD,UNITED STATES,0.00092,7821738.0,-220557.0,Derived Holdings 2026-04-13 SPY 2020.xlsx,False
SPY,2020-12-31,WBA.MX,WALGREENS BOOTS ALLIANCE INC ORD,UNITED STATES,0.000915,7545524.0,-203837.0,Derived Holdings 2026-04-13 SPY 2020.xlsx,False
SPY,2020-12-31,SWK.N,STANLEY BLACK & DECKER INC ORD,UNITED STATES,0.000913,1682110.0,-38399.0,Derived Holdings 2026-04-13 SPY 2020.xlsx,False
SPY,2020-12-31,ADM.N,ARCHER-DANIELS-MIDLAND CO ORD,UNITED STATES,0.000895,5841375.0,-138519.0,Derived Holdings 2026-04-13 SPY 2020.xlsx,False
SPY,2020-12-31,FAST.OQ,FASTENAL CO ORD,UNITED STATES,0.0008939999999999,6027280.0,-104135.0,Derived Holdings 2026-04-13 SPY 2020.xlsx,False
SPY,2020-12-31,SPG.N,SIMON PROPERTY GROUP INC ORD,UNITED STATES,0.000892,3442431.0,-58643.0,Derived Holdings 2026-04-13 SPY 2020.xlsx,False
SPY,2020-12-31,MCK.N,MCKESSON CORP ORD,UNITED STATES,0.000891,1685680.0,-50978.0,Derived Holdings 2026-04-13 SPY 2020.xlsx,False
SPY,2020-12-31,AME.N,AMETEK INC ORD,UNITED STATES,0.000888,2415440.0,-21374.0,Derived Holdings 2026-04-13 SPY 2020.xlsx,False
SPY,2020-12-31,AWK.N,AMERICAN WATER WORKS CO INC ORD,UNITED STATES,0.000888,1903122.0,-33650.0,Derived Holdings 2026-04-13 SPY 2020.xlsx,False
SPY,2020-12-31,DFS.MX,DISCOVER FINANCIAL SERVICES ORD,UNITED STATES,0.0008849999999999,3217832.0,-83773.0,Derived Holdings 2026-04-13 SPY 2020.xlsx,False
SPY,2020-12-31,GLW.N,CORNING INC ORD,UNITED STATES,0.000878,8021062.0,-176817.0,Derived Holdings 2026-04-13 SPY 2020.xlsx,False
SPY,2020-12-31,LUV.N,SOUTHWEST AIRLINES CO ORD,UNITED STATES,0.000878,6197173.0,-157939.0,Derived Holdings 2026-04-13 SPY 2020.xlsx,False
SPY,2020-12-31,OTIS.N,OTIS WORLDWIDE CORP ORD,UNITED STATES,0.000878,4275108.0,-82433.0,Derived Holdings 2026-04-13 SPY 2020.xlsx,False
SPY,2020-12-31,AZO.N,AUTOZONE INC ORD,UNITED STATES,0.000877,243411.0,-8784.0,Derived Holdings 2026-04-13 SPY 2020.xlsx,False
SPY,2020-12-31,VFC.N,VF CORP ORD,UNITED STATES,0.0008719999999999,3357509.0,-88221.0,Derived Holdings 2026-04-13 SPY 2020.xlsx,False
SPY,2020-12-31,WTW.O,WILLIS TOWERS WATSON PLC ORD,UNITED KINGDOM,0.000867,1353390.0,-28235.0,Derived Holdings 2026-04-13 SPY 2020.xlsx,False
SPY,2020-12-31,MTD.N,METTLER-TOLEDO INTERNATIONAL INC ORD,UNITED STATES,0.0008649999999999,249797.0,-8484.0,Derived Holdings 2026-04-13 SPY 2020.xlsx,False
SPY,2020-12-31,WELL.N,WELLTOWER INC ORD,UNITED STATES,0.00086,4381218.0,-130348.0,Derived Holdings 2026-04-13 SPY 2020.xlsx,False
SPY,2020-12-31,MPC.N,MARATHON PETROLEUM CORP ORD,UNITED STATES,0.000859,6830940.0,-148144.0,Derived Holdings 2026-04-13 SPY 2020.xlsx,False
SPY,2020-12-31,KMI.N,KINDER MORGAN INC ORD,UNITED STATES,0.000849,20439609.0,-395575.0,Derived Holdings 2026-04-13 SPY 2020.xlsx,False
SPY,2020-12-31,CPRT.OQ,COPART INC ORD,UNITED STATES,0.000844,2181584.0,-24867.0,Derived Holdings 2026-04-13 SPY 2020.xlsx,False
SPY,2020-12-31,STT.N,STATE STREET CORP ORD,UNITED STATES,0.000819,3703876.0,-99563.0,Derived Holdings 2026-04-13 SPY 2020.xlsx,False
SPY,2020-12-31,DAL.N,DELTA AIR LINES INC ORD,UNITED STATES,0.0008179999999999,6695448.0,-177186.0,Derived Holdings 2026-04-13 SPY 2020.xlsx,False
SPY,2020-12-31,FRCB.PK,FIRST REPUBLIC BANK ORD,UNITED STATES,0.000816,1826209.0,14832.0,Derived Holdings 2026-04-13 SPY 2020.xlsx,False
SPY,2020-12-31,CLX.N,CLOROX CO ORD,UNITED STATES,0.0008119999999999,1323323.0,-25789.0,Derived Holdings 2026-04-13 SPY 2020.xlsx,False
SPY,2020-12-31,DLTR.OQ,DOLLAR TREE INC ORD,UNITED STATES,0.000811,2469264.0,-77990.0,Derived Holdings 2026-04-13 SPY 2020.xlsx,False
SPY,2020-12-31,SWKS.OQ,SKYWORKS SOLUTIONS INC ORD,UNITED STATES,0.00081,1743740.0,-58646.0,Derived Holdings 2026-04-13 SPY 2020.xlsx,False
SPY,2020-12-31,WY.N,WEYERHAEUSER CO ORD,UNITED STATES,0.000799,7836498.0,-133136.0,Derived Holdings 2026-04-13 SPY 2020.xlsx,False
SPY,2020-12-31,ED.N,CONSOLIDATED EDISON INC ORD,UNITED STATES,0.000789,3592494.0,16467.0,Derived Holdings 2026-04-13 SPY 2020.xlsx,False
SPY,2020-12-31,KR.N,KROGER CO ORD,UNITED STATES,0.000785,8129443.0,-251859.0,Derived Holdings 2026-04-13 SPY 2020.xlsx,False
SPY,2020-12-31,KEYS.N,KEYSIGHT TECHNOLOGIES INC ORD,UNITED STATES,0.000781,1945424.0,-65828.0,Derived Holdings 2026-04-13 SPY 2020.xlsx,False
SPY,2020-12-31,WMB.N,WILLIAMS COMPANIES INC ORD,UNITED STATES,0.000776,12741094.0,-216487.0,Derived Holdings 2026-04-13 SPY 2020.xlsx,False
SPY,2020-12-31,CERN.O^F22,CERNER CORP ORD,UNITED STATES,0.0007679999999999,3218939.0,-69494.0,Derived Holdings 2026-04-13 SPY 2020.xlsx,False
SPY,2020-12-31,TTWO.OQ,TAKE-TWO INTERACTIVE SOFTWARE INC ORD,UNITED STATES,0.000763,1207673.0,4413.0,Derived Holdings 2026-04-13 SPY 2020.xlsx,False
SPY,2020-12-31,FTV.N,FORTIVE CORP ORD,UNITED STATES,0.000762,3540221.0,-90981.0,Derived Holdings 2026-04-13 SPY 2020.xlsx,False
SPY,2020-12-31,AJG.N,ARTHUR J. GALLAGHER & CO. ORD,UNITED STATES,0.0007589999999999,2019202.0,-29963.0,Derived Holdings 2026-04-13 SPY 2020.xlsx,False
SPY,2020-12-31,EIX.N,EDISON INTERNATIONAL ORD,UNITED STATES,0.0007589999999999,3973912.0,-110381.0,Derived Holdings 2026-04-13 SPY 2020.xlsx,False
SPY,2020-12-31,MKC.N,MCCORMICK & COMPANY INC ORD,UNITED STATES,0.0007589999999999,2611098.0,1299504.0,Derived Holdings 2026-04-13 SPY 2020.xlsx,False
SPY,2020-12-31,MXIM.O^H21,MAXIM INTEGRATED PRODUCTS INC ORD,UNITED STATES,0.000756,2806448.0,-68606.0,Derived Holdings 2026-04-13 SPY 2020.xlsx,False
SPY,2020-12-31,LYB.N,LYONDELLBASELL INDUSTRIES NV ORD,UNITED KINGDOM,0.000752,2699481.0,-59766.0,Derived Holdings 2026-04-13 SPY 2020.xlsx,False
SPY,2020-12-31,DTE.N,DTE ENERGY CO ORD,UNITED STATES,0.00075,2032165.0,-31542.0,Derived Holdings 2026-04-13 SPY 2020.xlsx,False
SPY,2020-12-31,EFX.N,EQUIFAX INC ORD,UNITED STATES,0.000748,1277089.0,-16311.0,Derived Holdings 2026-04-13 SPY 2020.xlsx,False
SPY,2020-12-31,VLO.N,VALERO ENERGY CORP ORD,UNITED STATES,0.000736,4281410.0,-129517.0,Derived Holdings 2026-04-13 SPY 2020.xlsx,False
SPY,2020-12-31,BBY.N,BEST BUY CO INC ORD,UNITED STATES,0.000734,2419576.0,-34474.0,Derived Holdings 2026-04-13 SPY 2020.xlsx,False
SPY,2020-12-31,AMP.N,AMERIPRISE FINANCIAL INC ORD,UNITED STATES,0.000732,1238629.0,-57178.0,Derived Holdings 2026-04-13 SPY 2020.xlsx,False
SPY,2020-12-31,DHI.N,D.R. HORTON INC ORD,UNITED STATES,0.000729,3481293.0,-84813.0,Derived Holdings 2026-04-13 SPY 2020.xlsx,False
SPY,2020-12-31,nan,CORPAY INC ORD,UNITED STATES,0.000727,876229.0,-28523.0,Derived Holdings 2026-04-13 SPY 2020.xlsx,False
SPY,2020-12-31,VTRS.OQ,VIATRIS INC ORD,UNITED STATES,0.000721,12666523.0,-278752.0,Derived Holdings 2026-04-13 SPY 2020.xlsx,False
SPY,2020-12-31,HSY.N,HERSHEY CO ORD,UNITED STATES,0.000717,1548891.0,-45330.0,Derived Holdings 2026-04-13 SPY 2020.xlsx,False
SPY,2020-12-31,KHC.OQ,KRAFT HEINZ CO ORD,UNITED STATES,0.000717,6803339.0,-177722.0,Derived Holdings 2026-04-13 SPY 2020.xlsx,False
SPY,2020-12-31,AVB.N,AVALONBAY COMMUNITIES INC ORD,UNITED STATES,0.0007149999999999,1465765.0,-34316.0,Derived Holdings 2026-04-13 SPY 2020.xlsx,False
SPY,2020-12-31,PAYC.N,PAYCOM SOFTWARE INC ORD,UNITED STATES,0.000707,514270.0,-12924.0,Derived Holdings 2026-04-13 SPY 2020.xlsx,False
SPY,2020-12-31,ETSY.K,ETSY INC ORD,UNITED STATES,0.0007019999999999,1298589.0,12837.0,Derived Holdings 2026-04-13 SPY 2020.xlsx,False
SPY,2020-12-31,O.N,REALTY INCOME CORP ORD,UNITED STATES,0.000696,3685009.0,-9279.0,Derived Holdings 2026-04-13 SPY 2020.xlsx,False
SPY,2020-12-31,VRSN.OQ,"VERISIGN, INC ORD",UNITED STATES,0.000694,1055032.0,-33962.0,Derived Holdings 2026-04-13 SPY 2020.xlsx,False
SPY,2020-12-31,CHD.N,CHURCH & DWIGHT CO INC ORD,UNITED STATES,0.000692,2608540.0,-23290.0,Derived Holdings 2026-04-13 SPY 2020.xlsx,False
SPY,2020-12-31,PPL.N,PPL CORP ORD,UNITED STATES,0.000692,8072007.0,-199543.0,Derived Holdings 2026-04-13 SPY 2020.xlsx,False
SPY,2020-12-31,ARE.N,ALEXANDRIA REAL ESTATE EQUITIES INC ORD,UNITED STATES,0.000691,1275709.0,12549.0,Derived Holdings 2026-04-13 SPY 2020.xlsx,False
SPY,2020-12-31,MKTX.OQ,MARKETAXESS HOLDINGS INC ORD,UNITED STATES,0.000691,398566.0,-6711.0,Derived Holdings 2026-04-13 SPY 2020.xlsx,False
SPY,2020-12-31,nan,PARAMOUNT SKYDANCE CORP ORD,UNITED STATES,0.000672,5931821.0,-142699.0,Derived Holdings 2026-04-13 SPY 2020.xlsx,False
SPY,2020-12-31,CBRE.N,CBRE GROUP INC ORD,UNITED STATES,0.000671,3522004.0,-75325.0,Derived Holdings 2026-04-13 SPY 2020.xlsx,False
SPY,2020-12-31,LEN.N,LENNAR CORP ORD,UNITED STATES,0.000669,2888404.0,-70486.0,Derived Holdings 2026-04-13 SPY 2020.xlsx,False
SPY,2020-12-31,WST.N,WEST PHARMACEUTICAL SERVICES INC ORD,UNITED STATES,0.000668,776116.0,-19064.0,Derived Holdings 2026-04-13 SPY 2020.xlsx,False
SPY,2020-12-31,ZBRA.OQ,ZEBRA TECHNOLOGIES CORP ORD,UNITED STATES,0.000654,560020.0,-14392.0,Derived Holdings 2026-04-13 SPY 2020.xlsx,False
SPY,2020-12-31,EQR.N,EQUITY RESIDENTIAL ORD,UNITED STATES,0.0006479999999999,3595639.0,-94015.0,Derived Holdings 2026-04-13 SPY 2020.xlsx,False
SPY,2020-12-31,RSG.N,REPUBLIC SERVICES INC ORD,UNITED STATES,0.0006469999999999,2210369.0,-53902.0,Derived Holdings 2026-04-13 SPY 2020.xlsx,False
SPY,2020-12-31,SV4f.TPRM,SVB FINANCIAL GROUP ORD,UNITED STATES,0.000641,543839.0,-12636.0,Derived Holdings 2026-04-13 SPY 2020.xlsx,False
SPY,2020-12-31,FTNT.OQ,FORTINET INC ORD,UNITED STATES,0.000639,1414615.0,-35359.0,Derived Holdings 2026-04-13 SPY 2020.xlsx,False
SPY,2020-12-31,ETR.N,ENTERGY CORP ORD,UNITED STATES,0.000638,2103967.0,-36366.0,Derived Holdings 2026-04-13 SPY 2020.xlsx,False
SPY,2020-12-31,TER.OQ,TERADYNE INC ORD,UNITED STATES,0.000636,1744954.0,-44046.0,Derived Holdings 2026-04-13 SPY 2020.xlsx,False
SPY,2020-12-31,LH.N,LABCORP HOLDINGS INC ORD,UNITED STATES,0.000633,1022557.0,-21248.0,Derived Holdings 2026-04-13 SPY 2020.xlsx,False
SPY,2020-12-31,VMC.N,VULCAN MATERIALS CO ORD,UNITED STATES,0.000628,1392332.0,-28326.0,Derived Holdings 2026-04-13 SPY 2020.xlsx,False
SPY,2020-12-31,FITB.OQ,FIFTH THIRD BANCORP ORD,UNITED STATES,0.000627,7479748.0,-174529.0,Derived Holdings 2026-04-13 SPY 2020.xlsx,False
SPY,2020-12-31,LVS.N,LAS VEGAS SANDS CORP ORD,UNITED STATES,0.000625,3451506.0,-87201.0,Derived Holdings 2026-04-13 SPY 2020.xlsx,False
SPY,2020-12-31,IP.N,INTERNATIONAL PAPER CO ORD,UNITED STATES,0.000624,4127084.0,-101395.0,Derived Holdings 2026-04-13 SPY 2020.xlsx,False
SPY,2020-12-31,NTRS.OQ,NORTHERN TRUST CORP ORD,UNITED STATES,0.000619,2185050.0,-57046.0,Derived Holdings 2026-04-13 SPY 2020.xlsx,False
SPY,2020-12-31,AEE.N,AMEREN CORP ORD,UNITED STATES,0.000616,2597861.0,-18934.0,Derived Holdings 2026-04-13 SPY 2020.xlsx,False
SPY,2020-12-31,TFX.N,TELEFLEX INC ORD,UNITED STATES,0.000612,489141.0,-7268.0,Derived Holdings 2026-04-13 SPY 2020.xlsx,False
SPY,2020-12-31,KSU^L21,KANSAS CITY SOUTHERN (PRE-MERGER) ORD,UNITED STATES,0.00061,983423.0,-32938.0,Derived Holdings 2026-04-13 SPY 2020.xlsx,False
SPY,2020-12-31,QRVO.OQ,QORVO INC ORD,UNITED STATES,0.000606,1198258.0,-32710.0,Derived Holdings 2026-04-13 SPY 2020.xlsx,False
SPY,2020-12-31,TSN.N,TYSON FOODS INC ORD,UNITED STATES,0.000605,3088071.0,-84081.0,Derived Holdings 2026-04-13 SPY 2020.xlsx,False
SPY,2020-12-31,SYF.N,SYNCHRONY FINANCIAL ORD,UNITED STATES,0.000602,5705769.0,-97771.0,Derived Holdings 2026-04-13 SPY 2020.xlsx,False
SPY,2020-12-31,CDW.OQ,CDW CORP ORD,UNITED STATES,0.000601,1501157.0,-35549.0,Derived Holdings 2026-04-13 SPY 2020.xlsx,False
SPY,2020-12-31,ODFL.OQ,OLD DOMINION FREIGHT LINE INC ORD,UNITED STATES,0.000599,1010175.0,-16671.0,Derived Holdings 2026-04-13 SPY 2020.xlsx,False
SPY,2020-12-31,PNKf.TPRM,PIONEER NATURAL RESOURCES CO ORD,UNITED STATES,0.000598,1727715.0,-57034.0,Derived Holdings 2026-04-13 SPY 2020.xlsx,False
SPY,2020-12-31,HOLX.MX,HOLOGIC INC ORD,UNITED STATES,0.000598,2700952.0,-88628.0,Derived Holdings 2026-04-13 SPY 2020.xlsx,False
SPY,2020-12-31,AMCR.N,AMCOR PLC ORD,SWITZERLAND,0.0005899999999999,16483564.0,-524784.0,Derived Holdings 2026-04-13 SPY 2020.xlsx,False
SPY,2020-12-31,GWW.N,WW GRAINGER INC ORD,UNITED STATES,0.000587,473362.0,-11512.0,Derived Holdings 2026-04-13 SPY 2020.xlsx,False
SPY,2020-12-31,VTR.N,VENTAS INC ORD,UNITED STATES,0.000586,3932640.0,-40800.0,Derived Holdings 2026-04-13 SPY 2020.xlsx,False
SPY,2020-12-31,XYL.N,XYLEM INC ORD,UNITED STATES,0.000585,1892267.0,-31605.0,Derived Holdings 2026-04-13 SPY 2020.xlsx,False
SPY,2020-12-31,DOV.N,DOVER CORP ORD,UNITED STATES,0.000581,1514282.0,-48039.0,Derived Holdings 2026-04-13 SPY 2020.xlsx,False
SPY,2020-12-31,EXPE.OQ,EXPEDIA GROUP INC ORD,UNITED STATES,0.000575,1428307.0,-34028.0,Derived Holdings 2026-04-13 SPY 2020.xlsx,False
SPY,2020-12-31,GRMN.K,GARMIN LTD ORD,SWITZERLAND,0.00057,1567461.0,11814.0,Derived Holdings 2026-04-13 SPY 2020.xlsx,False
SPY,2020-12-31,nan,COOPER COMPANIES INC ORD,UNITED STATES,0.000569,514903.0,-12603.0,Derived Holdings 2026-04-13 SPY 2020.xlsx,False
SPY,2020-12-31,CAG.N,CONAGRA BRANDS INC ORD,UNITED STATES,0.000566,5134109.0,-75600.0,Derived Holdings 2026-04-13 SPY 2020.xlsx,False
SPY,2020-12-31,BR.N,BROADRIDGE FINANCIAL SOLUTIONS INC ORD,UNITED STATES,0.000566,1214756.0,-15287.0,Derived Holdings 2026-04-13 SPY 2020.xlsx,False
SPY,2020-12-31,MLM.N,MARTIN MARIETTA MATERIALS INC ORD,UNITED STATES,0.0005639999999999,653854.0,-15972.0,Derived Holdings 2026-04-13 SPY 2020.xlsx,False
SPY,2020-12-31,TYL.N,TYLER TECHNOLOGIES INC ORD,UNITED STATES,0.000562,423452.0,-6244.0,Derived Holdings 2026-04-13 SPY 2020.xlsx,False
SPY,2020-12-31,HIG.N,HARTFORD INSURANCE GROUP INC ORD,UNITED STATES,0.000561,3765822.0,-110209.0,Derived Holdings 2026-04-13 SPY 2020.xlsx,False
SPY,2020-12-31,CMS.N,CMS ENERGY CORP ORD,UNITED STATES,0.000558,3008852.0,-43501.0,Derived Holdings 2026-04-13 SPY 2020.xlsx,False
SPY,2020-12-31,CTLT.MX,CATALENT INC ORD,UNITED STATES,0.000547,1730519.0,-38090.0,Derived Holdings 2026-04-13 SPY 2020.xlsx,False
SPY,2020-12-31,AKAM.OQ,AKAMAI TECHNOLOGIES INC ORD,UNITED STATES,0.000546,1710656.0,-30234.0,Derived Holdings 2026-04-13 SPY 2020.xlsx,False
SPY,2020-12-31,OKE.N,ONEOK INC ORD,UNITED STATES,0.000545,4670472.0,-115644.0,Derived Holdings 2026-04-13 SPY 2020.xlsx,False
SPY,2020-12-31,IR.N,INGERSOLL RAND INC ORD,UNITED STATES,0.000541,3906565.0,-92757.0,Derived Holdings 2026-04-13 SPY 2020.xlsx,False
SPY,2020-12-31,WDC.OQ,WESTERN DIGITAL CORP ORD,UNITED STATES,0.000538,3195031.0,43562.0,Derived Holdings 2026-04-13 SPY 2020.xlsx,False
SPY,2020-12-31,URI.N,UNITED RENTALS INC ORD,UNITED STATES,0.000534,757460.0,-20908.0,Derived Holdings 2026-04-13 SPY 2020.xlsx,False
SPY,2020-12-31,HAL.N,HALLIBURTON CO ORD,UNITED STATES,0.000534,9290022.0,-177441.0,Derived Holdings 2026-04-13 SPY 2020.xlsx,False
SPY,2020-12-31,FE.N,FIRSTENERGY CORP ORD,UNITED STATES,0.00053,5702303.0,-110971.0,Derived Holdings 2026-04-13 SPY 2020.xlsx,False
SPY,2020-12-31,TSCO.OQ,TRACTOR SUPPLY CO ORD,UNITED STATES,0.000523,1224422.0,-27843.0,Derived Holdings 2026-04-13 SPY 2020.xlsx,False
SPY,2020-12-31,MTB.N,M&T BANK CORP ORD,UNITED STATES,0.000522,1348388.0,-33752.0,Derived Holdings 2026-04-13 SPY 2020.xlsx,False
SPY,2020-12-31,DOC,HEALTHPEAK PROPERTIES INC ORD,UNITED STATES,0.00052,5657523.0,-158803.0,Derived Holdings 2026-04-13 SPY 2020.xlsx,False
SPY,2020-12-31,INCY.OQ,INCYTE CORP ORD,UNITED STATES,0.000517,1956221.0,-46718.0,Derived Holdings 2026-04-13 SPY 2020.xlsx,False
SPY,2020-12-31,ULTA.OQ,ULTA BEAUTY INC ORD,UNITED STATES,0.000516,591785.0,-14927.0,Derived Holdings 2026-04-13 SPY 2020.xlsx,False
SPY,2020-12-31,STE.N,STERIS PLC ORD,IRELAND,0.000516,896312.0,-18079.0,Derived Holdings 2026-04-13 SPY 2020.xlsx,False
SPY,2020-12-31,CCL.N,CARNIVAL CORP ORD,UNITED STATES,0.0005149999999999,7815578.0,2235541.0,Derived Holdings 2026-04-13 SPY 2020.xlsx,False
SPY,2020-12-31,EXPD.K,EXPEDITORS INTERNATIONAL OF WASHINGTON INC ORD,UNITED STATES,0.000514,1778794.0,-27079.0,Derived Holdings 2026-04-13 SPY 2020.xlsx,False
SPY,2020-12-31,RVTY.K,REVVITY INC ORD,UNITED STATES,0.000513,1176597.0,-10975.0,Derived Holdings 2026-04-13 SPY 2020.xlsx,False
SPY,2020-12-31,NUE.N,NUCOR CORP ORD,UNITED STATES,0.000513,3173023.0,-83599.0,Derived Holdings 2026-04-13 SPY 2020.xlsx,False
SPY,2020-12-31,DGX.N,QUEST DIAGNOSTICS INC ORD,UNITED STATES,0.000512,1414952.0,-14459.0,Derived Holdings 2026-04-13 SPY 2020.xlsx,False
SPY,2020-12-31,CTXS.O^J22,CITRIX SYSTEMS INC ORD,UNITED STATES,0.000512,1294103.0,-36867.0,Derived Holdings 2026-04-13 SPY 2020.xlsx,False
SPY,2020-12-31,KEY.N,KEYCORP ORD,UNITED STATES,0.000512,10262055.0,-350684.0,Derived Holdings 2026-04-13 SPY 2020.xlsx,False
SPY,2020-12-31,VAR^D21,VARIAN MEDICAL SYSTEMS INC ORD,UNITED STATES,0.000511,960012.0,-17903.0,Derived Holdings 2026-04-13 SPY 2020.xlsx,False
SPY,2020-12-31,US4878361082.TRE,KELLANOVA ORD,UNITED STATES,0.0005059999999999,2672702.0,-4758.0,Derived Holdings 2026-04-13 SPY 2020.xlsx,False
SPY,2020-12-31,ANET.N,ARISTA NETWORKS INC ORD,UNITED STATES,0.000505,572316.0,-13271.0,Derived Holdings 2026-04-13 SPY 2020.xlsx,False
SPY,2020-12-31,CAH.N,CARDINAL HEALTH INC ORD,UNITED STATES,0.000502,3083680.0,-67812.0,Derived Holdings 2026-04-13 SPY 2020.xlsx,False
SPY,2020-12-31,ALB.N,ALBEMARLE CORP ORD,UNITED STATES,0.000502,1118776.0,-29407.0,Derived Holdings 2026-04-13 SPY 2020.xlsx,False
SPY,2020-12-31,AES.N,AES CORP ORD,UNITED STATES,0.000499,6989767.0,-105882.0,Derived Holdings 2026-04-13 SPY 2020.xlsx,False
SPY,2020-12-31,KMX.N,CARMAX INC ORD,UNITED STATES,0.000495,1724419.0,-45411.0,Derived Holdings 2026-04-13 SPY 2020.xlsx,False
SPY,2020-12-31,DRI.N,DARDEN RESTAURANTS INC ORD,UNITED STATES,0.000495,1368276.0,-35191.0,Derived Holdings 2026-04-13 SPY 2020.xlsx,False
SPY,2020-12-31,RF.N,REGIONS FINANCIAL CORP ORD,UNITED STATES,0.000495,10093632.0,-309319.0,Derived Holdings 2026-04-13 SPY 2020.xlsx,False
SPY,2020-12-31,ESS.N,ESSEX PROPERTY TRUST INC ORD,UNITED STATES,0.000494,684599.0,-18784.0,Derived Holdings 2026-04-13 SPY 2020.xlsx,False
SPY,2020-12-31,WAT.N,WATERS CORP ORD,UNITED STATES,0.00049,651473.0,-17272.0,Derived Holdings 2026-04-13 SPY 2020.xlsx,False
SPY,2020-12-31,CFG.N,CITIZENS FINANCIAL GROUP INC ORD,UNITED STATES,0.000488,4488161.0,-109947.0,Derived Holdings 2026-04-13 SPY 2020.xlsx,False
SPY,2020-12-31,NDAQ.OQ,NASDAQ INC ORD,UNITED STATES,0.000487,1206836.0,-29387.0,Derived Holdings 2026-04-13 SPY 2020.xlsx,False
SPY,2020-12-31,HPE.N,HEWLETT PACKARD ENTERPRISE CO ORD,UNITED STATES,0.000487,13525408.0,-416095.0,Derived Holdings 2026-04-13 SPY 2020.xlsx,False
SPY,2020-12-31,CE.N,CELANESE CORP ORD,UNITED STATES,0.000485,1228357.0,-46022.0,Derived Holdings 2026-04-13 SPY 2020.xlsx,False
SPY,2020-12-31,IEX.N,IDEX CORP ORD,UNITED STATES,0.000482,795792.0,-7720.0,Derived Holdings 2026-04-13 SPY 2020.xlsx,False
SPY,2020-12-31,DPZ.O,DOMINO'S PIZZA INC ORD,UNITED STATES,0.000482,413791.0,-1667.0,Derived Holdings 2026-04-13 SPY 2020.xlsx,False
SPY,2020-12-31,EXR.N,EXTRA SPACE STORAGE INC ORD,UNITED STATES,0.000478,1357857.0,-37114.0,Derived Holdings 2026-04-13 SPY 2020.xlsx,False
SPY,2020-12-31,POOL.OQ,POOL CORP ORD,UNITED STATES,0.000477,421628.0,-10344.0,Derived Holdings 2026-04-13 SPY 2020.xlsx,False
SPY,2020-12-31,FMC.N,FMC CORP ORD,UNITED STATES,0.000476,1363837.0,-32691.0,Derived Holdings 2026-04-13 SPY 2020.xlsx,False
SPY,2020-12-31,DURf.TPRM,DUKE REALTY CORP ORD,UNITED STATES,0.000475,3908943.0,-55657.0,Derived Holdings 2026-04-13 SPY 2020.xlsx,False
SPY,2020-12-31,NTAP.OQ,NETAPP INC ORD,UNITED STATES,0.000473,2347523.0,-43971.0,Derived Holdings 2026-04-13 SPY 2020.xlsx,False
SPY,2020-12-31,ABMD.O^L22,ABIOMED INC ORD,UNITED STATES,0.000468,474460.0,-8612.0,Derived Holdings 2026-04-13 SPY 2020.xlsx,False
SPY,2020-12-31,BFb.N,BROWN-FORMAN CORP ORD,UNITED STATES,0.000463,1918263.0,-40706.0,Derived Holdings 2026-04-13 SPY 2020.xlsx,False
SPY,2020-12-31,GPC.N,GENUINE PARTS CO ORD,UNITED STATES,0.000463,1515895.0,-48718.0,Derived Holdings 2026-04-13 SPY 2020.xlsx,False
SPY,2020-12-31,MAA.N,MID-AMERICA APARTMENT COMMUNITIES INC ORD,UNITED STATES,0.000463,1202218.0,-18287.0,Derived Holdings 2026-04-13 SPY 2020.xlsx,False
SPY,2020-12-31,OXY.N,OCCIDENTAL PETROLEUM CORP ORD,UNITED STATES,0.000463,8807618.0,-212139.0,Derived Holdings 2026-04-13 SPY 2020.xlsx,False
SPY,2020-12-31,TDY.N,TELEDYNE TECHNOLOGIES INC ORD,UNITED STATES,0.000461,387206.0,-9032.0,Derived Holdings 2026-04-13 SPY 2020.xlsx,False
SPY,2020-12-31,HES.MX,HESS CORP ORD,UNITED STATES,0.000461,2872091.0,-73240.0,Derived Holdings 2026-04-13 SPY 2020.xlsx,False
SPY,2020-12-31,MAS.N,MASCO CORP ORD,UNITED STATES,0.000459,2750205.0,-66438.0,Derived Holdings 2026-04-13 SPY 2020.xlsx,False
SPY,2020-12-31,COR,CENCORA INC ORD,UNITED STATES,0.000459,1545554.0,-38151.0,Derived Holdings 2026-04-13 SPY 2020.xlsx,False
SPY,2020-12-31,IT.N,GARTNER INC ORD,UNITED STATES,0.000457,938531.0,-17247.0,Derived Holdings 2026-04-13 SPY 2020.xlsx,False
SPY,2020-12-31,NVR.N,NVR INC ORD,UNITED STATES,0.000455,36692.0,-812.0,Derived Holdings 2026-04-13 SPY 2020.xlsx,False
SPY,2020-12-31,TIF^A21,TIFFANY & CO ORD,UNITED STATES,0.000454,1135662.0,-18363.0,Derived Holdings 2026-04-13 SPY 2020.xlsx,False
SPY,2020-12-31,J.N,JACOBS SOLUTIONS INC ORD,UNITED STATES,0.000451,1362564.0,-42991.0,Derived Holdings 2026-04-13 SPY 2020.xlsx,False
SPY,2020-12-31,LDOS.N,LEIDOS HOLDINGS INC ORD,UNITED STATES,0.000449,1405898.0,-27903.0,Derived Holdings 2026-04-13 SPY 2020.xlsx,False
SPY,2020-12-31,BKR.O,BAKER HUGHES CO ORD,UNITED STATES,0.0004469999999999,7061769.0,66202.0,Derived Holdings 2026-04-13 SPY 2020.xlsx,False
SPY,2020-12-31,STX.OQ,SEAGATE TECHNOLOGY HOLDINGS PLC ORD,SINGAPORE,0.000444,2348991.0,-55750.0,Derived Holdings 2026-04-13 SPY 2020.xlsx,False
SPY,2020-12-31,RCL.N,ROYAL CARIBBEAN CRUISES LTD ORD,UNITED STATES,0.0004399999999999,1937646.0,17877.0,Derived Holdings 2026-04-13 SPY 2020.xlsx,False
SPY,2020-12-31,EMN.N,EASTMAN CHEMICAL CO ORD,UNITED STATES,0.000434,1423596.0,-48459.0,Derived Holdings 2026-04-13 SPY 2020.xlsx,False
SPY,2020-12-31,OMC.N,OMNICOM GROUP INC ORD,UNITED STATES,0.000428,2259088.0,-81207.0,Derived Holdings 2026-04-13 SPY 2020.xlsx,False
SPY,2020-12-31,BXP.N,BXP INC ORD,UNITED STATES,0.000428,1488816.0,-36453.0,Derived Holdings 2026-04-13 SPY 2020.xlsx,False
SPY,2020-12-31,SJM.N,J M SMUCKER CO ORD,UNITED STATES,0.000421,1198642.0,-20400.0,Derived Holdings 2026-04-13 SPY 2020.xlsx,False
SPY,2020-12-31,WAB.N,WESTINGHOUSE AIR BRAKE TECHNOLOGIES CORP ORD,UNITED STATES,0.0004179999999999,1880337.0,-45915.0,Derived Holdings 2026-04-13 SPY 2020.xlsx,False
SPY,2020-12-31,HRL.N,HORMEL FOODS CORP ORD,UNITED STATES,0.0004179999999999,2950557.0,-45223.0,Derived Holdings 2026-04-13 SPY 2020.xlsx,False
SPY,2020-12-31,PKG.N,PACKAGING CORP OF AMERICA ORD,UNITED STATES,0.0004179999999999,996540.0,-16815.0,Derived Holdings 2026-04-13 SPY 2020.xlsx,False
SPY,2020-12-31,CINF.OQ,CINCINNATI FINANCIAL CORP ORD,UNITED STATES,0.0004179999999999,1572604.0,-38573.0,Derived Holdings 2026-04-13 SPY 2020.xlsx,False
SPY,2020-12-31,MGM.N,MGM RESORTS INTERNATIONAL ORD,UNITED STATES,0.000413,4308582.0,-102855.0,Derived Holdings 2026-04-13 SPY 2020.xlsx,False
SPY,2020-12-31,AVY.N,AVERY DENNISON CORP ORD,UNITED STATES,0.000413,876344.0,-21123.0,Derived Holdings 2026-04-13 SPY 2020.xlsx,False
SPY,2020-12-31,LNT.OQ,ALLIANT ENERGY CORP ORD,UNITED STATES,0.0004109999999999,2622943.0,32254.0,Derived Holdings 2026-04-13 SPY 2020.xlsx,False
SPY,2020-12-31,HBAN.OQ,HUNTINGTON BANCSHARES INC ORD,UNITED STATES,0.00041,10691145.0,-265035.0,Derived Holdings 2026-04-13 SPY 2020.xlsx,False
SPY,2020-12-31,CHRW.OQ,CH ROBINSON WORLDWIDE INC ORD,UNITED STATES,0.000408,1428375.0,-25459.0,Derived Holdings 2026-04-13 SPY 2020.xlsx,False
SPY,2020-12-31,PFG.OQ,PRINCIPAL FINANCIAL GROUP INC ORD,UNITED STATES,0.000405,2684970.0,-95614.0,Derived Holdings 2026-04-13 SPY 2020.xlsx,False
SPY,2020-12-31,UAL.OQ,UNITED AIRLINES HOLDINGS INC ORD,UNITED STATES,0.000404,3075584.0,-59646.0,Derived Holdings 2026-04-13 SPY 2020.xlsx,False
SPY,2020-12-31,EVRG.O,EVERGY INC ORD,UNITED STATES,0.000402,2383716.0,-74062.0,Derived Holdings 2026-04-13 SPY 2020.xlsx,False
SPY,2020-12-31,BIO.N,BIO RAD LABORATORIES INC ORD,UNITED STATES,0.0004,225949.0,-5028.0,Derived Holdings 2026-04-13 SPY 2020.xlsx,False
SPY,2020-12-31,JKHY.OQ,JACK HENRY & ASSOCIATES INC ORD,UNITED STATES,0.000395,801935.0,-18099.0,Derived Holdings 2026-04-13 SPY 2020.xlsx,False
SPY,2020-12-31,GEN.O,GEN DIGITAL INC ORD,UNITED STATES,0.000393,6220078.0,-147795.0,Derived Holdings 2026-04-13 SPY 2020.xlsx,False
SPY,2020-12-31,ATO.N,ATMOS ENERGY CORP ORD,UNITED STATES,0.000381,1312091.0,24656.0,Derived Holdings 2026-04-13 SPY 2020.xlsx,False
SPY,2020-12-31,HAS.OQ,HASBRO INC ORD,UNITED STATES,0.000381,1338958.0,-33458.0,Derived Holdings 2026-04-13 SPY 2020.xlsx,False
SPY,2020-12-31,FBIN.K,FORTUNE BRANDS INNOVATIONS INC ORD,UNITED STATES,0.0003799999999999,1459964.0,-27871.0,Derived Holdings 2026-04-13 SPY 2020.xlsx,False
SPY,2020-12-31,CNP.N,CENTERPOINT ENERGY INC ORD,UNITED STATES,0.0003769999999999,5725551.0,-160127.0,Derived Holdings 2026-04-13 SPY 2020.xlsx,False
SPY,2020-12-31,RJF.N,RAYMOND JAMES FINANCIAL INC ORD,UNITED STATES,0.000372,1280687.0,-49311.0,Derived Holdings 2026-04-13 SPY 2020.xlsx,False
SPY,2020-12-31,IFF.N,INTERNATIONAL FLAVORS & FRAGRANCES INC ORD,UNITED STATES,0.000372,1123588.0,-25907.0,Derived Holdings 2026-04-13 SPY 2020.xlsx,False
SPY,2020-12-31,PHM.N,PULTEGROUP INC ORD,UNITED STATES,0.000369,2817462.0,-72072.0,Derived Holdings 2026-04-13 SPY 2020.xlsx,False
SPY,2020-12-31,LW.N,LAMB WESTON HOLDINGS INC ORD,UNITED STATES,0.000368,1537851.0,-32082.0,Derived Holdings 2026-04-13 SPY 2020.xlsx,False
SPY,2020-12-31,CXO^A21,CONCHO RESOURCES INC ORD,UNITED STATES,0.000366,2062997.0,-85486.0,Derived Holdings 2026-04-13 SPY 2020.xlsx,False
SPY,2020-12-31,XRAY.OQ,DENTSPLY SIRONA INC ORD,UNITED STATES,0.000365,2296650.0,-56327.0,Derived Holdings 2026-04-13 SPY 2020.xlsx,False
SPY,2020-12-31,US96145D1054.TPRM,WESTROCK CO ORD,UNITED STATES,0.000365,2758058.0,1841.0,Derived Holdings 2026-04-13 SPY 2020.xlsx,False
SPY,2020-12-31,JBHT.OQ,J B HUNT TRANSPORT SERVICES INC ORD,UNITED STATES,0.000364,877082.0,-20823.0,Derived Holdings 2026-04-13 SPY 2020.xlsx,False
SPY,2020-12-31,UDR.N,UDR INC ORD,UNITED STATES,0.000361,3094631.0,-58181.0,Derived Holdings 2026-04-13 SPY 2020.xlsx,False
SPY,2020-12-31,WHR.N,WHIRLPOOL CORP ORD,UNITED STATES,0.000361,657366.0,-16672.0,Derived Holdings 2026-04-13 SPY 2020.xlsx,False
SPY,2020-12-31,HWM.N,HOWMET AEROSPACE INC ORD,UNITED STATES,0.000356,4101408.0,-67631.0,Derived Holdings 2026-04-13 SPY 2020.xlsx,False
SPY,2020-12-31,TXT.N,TEXTRON INC ORD,UNITED STATES,0.0003529999999999,2404988.0,-72335.0,Derived Holdings 2026-04-13 SPY 2020.xlsx,False
SPY,2020-12-31,WYNN.OQ,WYNN RESORTS LTD ORD,UNITED STATES,0.00035,1019927.0,-16071.0,Derived Holdings 2026-04-13 SPY 2020.xlsx,False
SPY,2020-12-31,FFIV.OQ,F5 INC ORD,UNITED STATES,0.000346,646739.0,3805.0,Derived Holdings 2026-04-13 SPY 2020.xlsx,False
SPY,2020-12-31,ALLE.N,ALLEGION PLC ORD,IRELAND,0.000342,966873.0,-38803.0,Derived Holdings 2026-04-13 SPY 2020.xlsx,False
SPY,2020-12-31,AAP.N,ADVANCE AUTO PARTS INC ORD,UNITED STATES,0.000341,713033.0,-32950.0,Derived Holdings 2026-04-13 SPY 2020.xlsx,False
SPY,2020-12-31,UHS.N,UNIVERSAL HEALTH SERVICES INC ORD,UNITED STATES,0.000341,816808.0,-20455.0,Derived Holdings 2026-04-13 SPY 2020.xlsx,False
SPY,2020-12-31,LYV.N,LIVE NATION ENTERTAINMENT INC ORD,UNITED STATES,0.000336,1502648.0,-17170.0,Derived Holdings 2026-04-13 SPY 2020.xlsx,False
SPY,2020-12-31,L.N,LOEWS CORP ORD,UNITED STATES,0.000336,2455297.0,-111858.0,Derived Holdings 2026-04-13 SPY 2020.xlsx,False
SPY,2020-12-31,HST.OQ,HOST HOTELS & RESORTS INC ORD,UNITED STATES,0.00033,7412432.0,-183379.0,Derived Holdings 2026-04-13 SPY 2020.xlsx,False
SPY,2020-12-31,CBOE.Z,CBOE GLOBAL MARKETS INC ORD,UNITED STATES,0.0003209999999999,1135537.0,-35963.0,Derived Holdings 2026-04-13 SPY 2020.xlsx,False
SPY,2020-12-31,PWR.N,QUANTA SERVICES INC ORD,UNITED STATES,0.000319,1459207.0,-27771.0,Derived Holdings 2026-04-13 SPY 2020.xlsx,False
SPY,2020-12-31,LKQ.OQ,LKQ CORP ORD,UNITED STATES,0.000315,2942468.0,-73864.0,Derived Holdings 2026-04-13 SPY 2020.xlsx,False
SPY,2020-12-31,FOXA.OQ,FOX CORP ORD,UNITED STATES,0.000314,3547271.0,-153832.0,Derived Holdings 2026-04-13 SPY 2020.xlsx,False
SPY,2020-12-31,CPB.O,CAMPBELL'S CO ORD,UNITED STATES,0.000313,2128594.0,-52778.0,Derived Holdings 2026-04-13 SPY 2020.xlsx,False
SPY,2020-12-31,AAL.OQ,AMERICAN AIRLINES GROUP INC ORD,UNITED STATES,0.000308,6418606.0,1056022.0,Derived Holdings 2026-04-13 SPY 2020.xlsx,False
SPY,2020-12-31,LUMN.N,LUMEN TECHNOLOGIES INC ORD,UNITED STATES,0.000307,10376656.0,56875.0,Derived Holdings 2026-04-13 SPY 2020.xlsx,False
SPY,2020-12-31,HSIC.OQ,HENRY SCHEIN INC ORD,UNITED STATES,0.000305,1500122.0,-37662.0,Derived Holdings 2026-04-13 SPY 2020.xlsx,False
SPY,2020-12-31,BWA.N,BORGWARNER INC ORD,UNITED STATES,0.000302,2569682.0,-62388.0,Derived Holdings 2026-04-13 SPY 2020.xlsx,False
SPY,2020-12-31,WRB.N,W R BERKLEY CORP ORD,UNITED STATES,0.000299,1479438.0,-35227.0,Derived Holdings 2026-04-13 SPY 2020.xlsx,False
SPY,2020-12-31,EG,EVEREST GROUP LTD ORD,BERMUDA,0.000299,420346.0,-11644.0,Derived Holdings 2026-04-13 SPY 2020.xlsx,False
SPY,2020-12-31,SNA.N,SNAP-ON INC ORD,UNITED STATES,0.000296,569708.0,-19871.0,Derived Holdings 2026-04-13 SPY 2020.xlsx,False
SPY,2020-12-31,US4606901001.TRE,INTERPUBLIC GROUP OF COMPANIES INC ORD,UNITED STATES,0.000293,4098821.0,-51583.0,Derived Holdings 2026-04-13 SPY 2020.xlsx,False
SPY,2020-12-31,NRG.N,NRG ENERGY INC ORD,UNITED STATES,0.000293,2566266.0,-64101.0,Derived Holdings 2026-04-13 SPY 2020.xlsx,False
SPY,2020-12-31,LNC.N,LINCOLN NATIONAL CORP ORD,UNITED STATES,0.000292,1908890.0,-48307.0,Derived Holdings 2026-04-13 SPY 2020.xlsx,False
SPY,2020-12-31,GL.N,GLOBE LIFE INC ORD,UNITED STATES,0.000292,1012023.0,-43450.0,Derived Holdings 2026-04-13 SPY 2020.xlsx,False
SPY,2020-12-31,PNW.N,PINNACLE WEST CAPITAL CORP ORD,UNITED STATES,0.000288,1183690.0,-23731.0,Derived Holdings 2026-04-13 SPY 2020.xlsx,False
SPY,2020-12-31,WU.N,WESTERN UNION CO ORD,UNITED STATES,0.000288,4320458.0,-106024.0,Derived Holdings 2026-04-13 SPY 2020.xlsx,False
SPY,2020-12-31,PNR.N,PENTAIR PLC ORD,IRELAND,0.0002819999999999,1747903.0,-60946.0,Derived Holdings 2026-04-13 SPY 2020.xlsx,False
SPY,2020-12-31,NI.N,NISOURCE INC ORD,UNITED STATES,0.000281,4023930.0,36841.0,Derived Holdings 2026-04-13 SPY 2020.xlsx,False
SPY,2020-12-31,nan,BATH & BODY WORKS INC ORD,UNITED STATES,0.000277,2453525.0,41114.0,Derived Holdings 2026-04-13 SPY 2020.xlsx,False
SPY,2020-12-31,DVA.N,DAVITA INC ORD,UNITED STATES,0.000277,777096.0,-33443.0,Derived Holdings 2026-04-13 SPY 2020.xlsx,False
SPY,2020-12-31,ROL.N,ROLLINS INC ORD,UNITED STATES,0.000276,2325317.0,809925.0,Derived Holdings 2026-04-13 SPY 2020.xlsx,False
SPY,2020-12-31,TPR.N,TAPESTRY INC ORD,UNITED STATES,0.000275,2915262.0,-58242.0,Derived Holdings 2026-04-13 SPY 2020.xlsx,False
SPY,2020-12-31,TAP.N,MOLSON COORS BEVERAGE CO ORD,UNITED STATES,0.000272,1977050.0,-36374.0,Derived Holdings 2026-04-13 SPY 2020.xlsx,False
SPY,2020-12-31,IRM.N,IRON MOUNTAIN INC ORD,UNITED STATES,0.000271,3028080.0,-48057.0,Derived Holdings 2026-04-13 SPY 2020.xlsx,False
SPY,2020-12-31,MHK.N,MOHAWK INDUSTRIES INC ORD,UNITED STATES,0.000269,628198.0,-16339.0,Derived Holdings 2026-04-13 SPY 2020.xlsx,False
SPY,2020-12-31,CF.N,CF INDUSTRIES HOLDINGS INC ORD,UNITED STATES,0.000264,2248123.0,-55001.0,Derived Holdings 2026-04-13 SPY 2020.xlsx,False
SPY,2020-12-31,AIZ.N,ASSURANT INC ORD,UNITED STATES,0.000258,622835.0,-28939.0,Derived Holdings 2026-04-13 SPY 2020.xlsx,False
SPY,2020-12-31,NWL.OQ,NEWELL BRANDS INC ORD,UNITED STATES,0.000256,3968360.0,-124804.0,Derived Holdings 2026-04-13 SPY 2020.xlsx,False
SPY,2020-12-31,NCLH.N,NORWEGIAN CRUISE LINE HOLDINGS LTD ORD,UNITED STATES,0.000256,3317423.0,542291.0,Derived Holdings 2026-04-13 SPY 2020.xlsx,False
SPY,2020-12-31,DISH.O^A24,DISH NETWORK CORP ORD,UNITED STATES,0.0002549999999999,2598522.0,-59234.0,Derived Holdings 2026-04-13 SPY 2020.xlsx,False
SPY,2020-12-31,IPGP.OQ,IPG PHOTONICS CORP ORD,UNITED STATES,0.0002549999999999,375226.0,-5676.0,Derived Holdings 2026-04-13 SPY 2020.xlsx,False
SPY,2020-12-31,MOS.N,MOSAIC CO ORD,UNITED STATES,0.000254,3625395.0,-125110.0,Derived Holdings 2026-04-13 SPY 2020.xlsx,False
SPY,2020-12-31,US2003401070.TRE,COMERICA INC ORD,UNITED STATES,0.000248,1461502.0,-36240.0,Derived Holdings 2026-04-13 SPY 2020.xlsx,False
SPY,2020-12-31,DISCK.O^D22,WARNER BROS DISCOVERY INC ORD,UNITED STATES,0.000247,3100218.0,-233679.0,Derived Holdings 2026-04-13 SPY 2020.xlsx,False
SPY,2020-12-31,FANG.OQ,DIAMONDBACK ENERGY INC ORD,UNITED STATES,0.000244,1659831.0,-71886.0,Derived Holdings 2026-04-13 SPY 2020.xlsx,False
SPY,2020-12-31,NLSN.K^J22,NIELSEN HOLDINGS PLC ORD,UNITED STATES,0.000238,3748925.0,-21253.0,Derived Holdings 2026-04-13 SPY 2020.xlsx,False
SPY,2020-12-31,AOS.N,A O SMITH CORP ORD,UNITED STATES,0.000237,1423236.0,-34559.0,Derived Holdings 2026-04-13 SPY 2020.xlsx,False
SPY,2020-12-31,JNPR.MX,JUNIPER NETWORKS INC ORD,UNITED STATES,0.000237,3465311.0,-140687.0,Derived Holdings 2026-04-13 SPY 2020.xlsx,False
SPY,2020-12-31,REG.OQ,REGENCY CENTERS CORP ORD,UNITED STATES,0.00023,1658164.0,-41566.0,Derived Holdings 2026-04-13 SPY 2020.xlsx,False
SPY,2020-12-31,ZION.OQ,ZIONS BANCORPORATION NA ORD,UNITED STATES,0.000228,1723630.0,-42011.0,Derived Holdings 2026-04-13 SPY 2020.xlsx,False
SPY,2020-12-31,RHI.N,ROBERT HALF INC ORD,UNITED STATES,0.000227,1196804.0,-37910.0,Derived Holdings 2026-04-13 SPY 2020.xlsx,False
SPY,2020-12-31,SEE.SG,SEALED AIR CORP ORD,UNITED STATES,0.000227,1630788.0,-49059.0,Derived Holdings 2026-04-13 SPY 2020.xlsx,False
SPY,2020-12-31,NWSA.OQ,NEWS CORP ORD,UNITED STATES,0.000225,4114098.0,86227.0,Derived Holdings 2026-04-13 SPY 2020.xlsx,False
SPY,2020-12-31,HII.N,HUNTINGTON INGALLS INDUSTRIES INC ORD,UNITED STATES,0.0002199999999999,425554.0,-13972.0,Derived Holdings 2026-04-13 SPY 2020.xlsx,False
SPY,2020-12-31,BEN.N,FRANKLIN RESOURCES INC ORD,UNITED STATES,0.000217,2861298.0,-20716.0,Derived Holdings 2026-04-13 SPY 2020.xlsx,False
SPY,2020-12-31,PVH.N,PVH CORP ORD,UNITED STATES,0.000213,747074.0,-17131.0,Derived Holdings 2026-04-13 SPY 2020.xlsx,False
SPY,2020-12-31,IVZ.N,INVESCO LTD ORD,UNITED STATES,0.00021,3958619.0,-52425.0,Derived Holdings 2026-04-13 SPY 2020.xlsx,False
SPY,2020-12-31,DXC.N,DXC TECHNOLOGY CO ORD,UNITED STATES,0.0002089999999999,2673284.0,-78637.0,Derived Holdings 2026-04-13 SPY 2020.xlsx,False
SPY,2020-12-31,CTRA.K,COTERRA ENERGY INC ORD,UNITED STATES,0.000207,4188982.0,-103353.0,Derived Holdings 2026-04-13 SPY 2020.xlsx,False
SPY,2020-12-31,KIM.N,KIMCO REALTY CORP ORD,UNITED STATES,0.000207,4542379.0,69848.0,Derived Holdings 2026-04-13 SPY 2020.xlsx,False
SPY,2020-12-31,ALK.N,ALASKA AIR GROUP INC ORD,UNITED STATES,0.000205,1299542.0,-24767.0,Derived Holdings 2026-04-13 SPY 2020.xlsx,False
SPY,2020-12-31,PRGO.N,PERRIGO COMPANY PLC ORD,IRELAND,0.000195,1434669.0,-29915.0,Derived Holdings 2026-04-13 SPY 2020.xlsx,False
SPY,2020-12-31,DVN.N,DEVON ENERGY CORP ORD,UNITED STATES,0.000193,4019803.0,-153452.0,Derived Holdings 2026-04-13 SPY 2020.xlsx,False
SPY,2020-12-31,LEG.N,LEGGETT & PLATT INC ORD,UNITED STATES,0.000187,1391529.0,284.0,Derived Holdings 2026-04-13 SPY 2020.xlsx,False
SPY,2020-12-31,FRT.N,FEDERAL REALTY INVESTMENT TRUST ORD,UNITED STATES,0.000187,723657.0,-26596.0,Derived Holdings 2026-04-13 SPY 2020.xlsx,False
SPY,2020-12-31,VNO.N,VORNADO REALTY TRUST ORD,UNITED STATES,0.000187,1648454.0,-56587.0,Derived Holdings 2026-04-13 SPY 2020.xlsx,False
SPY,2020-12-31,FLIR.O^E21,TELEDYNE FLIR LLC ORD,UNITED STATES,0.000184,1378239.0,-64244.0,Derived Holdings 2026-04-13 SPY 2020.xlsx,False
SPY,2020-12-31,PBCT.O^D22,PEOPLE'S UNITED FINANCIAL INC ORD,UNITED STATES,0.000175,4464873.0,-109772.0,Derived Holdings 2026-04-13 SPY 2020.xlsx,False
SPY,2020-12-31,APA.OQ,APA CORP (US) ORD,UNITED STATES,0.000171,3966859.0,-57004.0,Derived Holdings 2026-04-13 SPY 2020.xlsx,False
SPY,2020-12-31,NOV.N,NOV INC ORD,UNITED STATES,0.00017,4076996.0,-31427.0,Derived Holdings 2026-04-13 SPY 2020.xlsx,False
SPY,2020-12-31,MRO.MX,MARATHON OIL CORP ORD,UNITED STATES,0.000168,8295691.0,-357359.0,Derived Holdings 2026-04-13 SPY 2020.xlsx,False
SPY,2020-12-31,HN9f.ICEM,HANESBRANDS LLC ORD,UNITED STATES,0.0001619999999999,3660601.0,-90173.0,Derived Holdings 2026-04-13 SPY 2020.xlsx,False
SPY,2020-12-31,RL.N,RALPH LAUREN CORP ORD,UNITED STATES,0.00016,506822.0,-28871.0,Derived Holdings 2026-04-13 SPY 2020.xlsx,False
SPY,2020-12-31,nan,WARNER BROS DISCOVERY INC ORD,UNITED STATES,0.000154,1683653.0,-9199.0,Derived Holdings 2026-04-13 SPY 2020.xlsx,False
SPY,2020-12-31,FLS.N,FLOWSERVE CORP ORD,UNITED STATES,0.000153,1367897.0,-7791.0,Derived Holdings 2026-04-13 SPY 2020.xlsx,False
SPY,2020-12-31,UNM.N,UNUM GROUP ORD,UNITED STATES,0.000149,2139987.0,-105714.0,Derived Holdings 2026-04-13 SPY 2020.xlsx,False
SPY,2020-12-31,VNT.N,VONTIER CORP ORD,UNITED STATES,0.000144,1415941.0,-37959.0,Derived Holdings 2026-04-13 SPY 2020.xlsx,False
SPY,2020-12-31,FOX.OQ,FOX CORP ORD,UNITED STATES,0.000143,1625782.0,-92666.0,Derived Holdings 2026-04-13 SPY 2020.xlsx,False
SPY,2020-12-31,SLG.N,SL GREEN REALTY CORP ORD,UNITED STATES,0.000138,762736.0,-26487.0,Derived Holdings 2026-04-13 SPY 2020.xlsx,False
SPY,2020-12-31,GAP,GAP INC ORD,UNITED STATES,0.0001329999999999,2162250.0,-50411.0,Derived Holdings 2026-04-13 SPY 2020.xlsx,False
SPY,2020-12-31,FTI.N,TECHNIPFMC PLC ORD,UNITED KINGDOM,0.000127,4436310.0,-84316.0,Derived Holdings 2026-04-13 SPY 2020.xlsx,False
SPY,2020-12-31,XRX.O,XEROX HOLDINGS CORP ORD,UNITED STATES,0.000123,1751220.0,-245809.0,Derived Holdings 2026-04-13 SPY 2020.xlsx,False
SPY,2020-12-31,nan,HF SINCLAIR CORP ORD,UNITED STATES,0.000123,1565192.0,-31086.0,Derived Holdings 2026-04-13 SPY 2020.xlsx,False
SPY,2020-12-31,UAA.N,UNDER ARMOUR INC ORD,UNITED STATES,0.000103,1969454.0,15039.0,Derived Holdings 2026-04-13 SPY 2020.xlsx,False
SPY,2020-12-31,UA.N,UNDER ARMOUR INC ORD,UNITED STATES,9.2e-05,2043675.0,-39798.0,Derived Holdings 2026-04-13 SPY 2020.xlsx,False
SPY,2020-12-31,NWS.OQ,NEWS CORP ORD,UNITED STATES,6.9e-05,1278754.0,-48711.0,Derived Holdings 2026-04-13 SPY 2020.xlsx,False
SPY,2021-12-31,AAPL.OQ,APPLE INC ORD,UNITED STATES,0.068592,175843746.0,8304577.0,Derived Holdings 2026-04-13 SPY 2021.xlsx,False
SPY,2021-12-31,MSFT.OQ,MICROSOFT CORP ORD,UNITED STATES,0.062583,84708170.0,4533296.0,Derived Holdings 2026-04-13 SPY 2021.xlsx,False
SPY,2021-12-31,AMZN.OQ,AMAZON.COM INC ORD,UNITED STATES,0.036045,4921024.0,274342.0,Derived Holdings 2026-04-13 SPY 2021.xlsx,False
SPY,2021-12-31,GOOGL.OQ,ALPHABET INC CLASS A ORD,UNITED STATES,0.021599,3393858.0,181685.0,Derived Holdings 2026-04-13 SPY 2021.xlsx,False
SPY,2021-12-31,TSLA.OQ,TESLA INC ORD,UNITED STATES,0.021306,9177630.0,520612.0,Derived Holdings 2026-04-13 SPY 2021.xlsx,False
SPY,2021-12-31,GOOG.OQ,ALPHABET INC CLASS C ORD,UNITED STATES,0.020051,3154414.0,148509.0,Derived Holdings 2026-04-13 SPY 2021.xlsx,False
SPY,2021-12-31,META.O,META PLATFORMS INC ORD,UNITED STATES,0.019725,26696649.0,1264293.0,Derived Holdings 2026-04-13 SPY 2021.xlsx,False
SPY,2021-12-31,NVDA.OQ,NVIDIA CORP ORD,UNITED STATES,0.018224,28206767.0,1620166.0,Derived Holdings 2026-04-13 SPY 2021.xlsx,False
SPY,2021-12-31,BRKb.N,BERKSHIRE HATHAWAY INC ORD,UNITED STATES,0.013571,20661280.0,884874.0,Derived Holdings 2026-04-13 SPY 2021.xlsx,False
SPY,2021-12-31,UNH.N,UNITEDHEALTH GROUP INC ORD,UNITED STATES,0.011722,10626368.0,565781.0,Derived Holdings 2026-04-13 SPY 2021.xlsx,False
SPY,2021-12-31,JPM.N,JPMORGAN CHASE & CO ORD,UNITED STATES,0.0115979999999999,33340930.0,1458809.0,Derived Holdings 2026-04-13 SPY 2021.xlsx,False
SPY,2021-12-31,JNJ.N,JOHNSON & JOHNSON ORD,UNITED STATES,0.011162,29702331.0,1615078.0,Derived Holdings 2026-04-13 SPY 2021.xlsx,False
SPY,2021-12-31,HD.N,HOME DEPOT INC ORD,UNITED STATES,0.0108549999999999,11906776.0,562372.0,Derived Holdings 2026-04-13 SPY 2021.xlsx,False
SPY,2021-12-31,PG.N,PROCTER & GAMBLE CO ORD,UNITED STATES,0.009814,27312060.0,1412616.0,Derived Holdings 2026-04-13 SPY 2021.xlsx,False
SPY,2021-12-31,V.N,VISA INC ORD,UNITED STATES,0.009007,18919962.0,913786.0,Derived Holdings 2026-04-13 SPY 2021.xlsx,False
SPY,2021-12-31,PFE.N,PFIZER INC ORD,UNITED STATES,0.008215,63327360.0,3506843.0,Derived Holdings 2026-04-13 SPY 2021.xlsx,False
SPY,2021-12-31,BAC.N,BANK OF AMERICA CORP ORD,UNITED STATES,0.00794,81246396.0,2237403.0,Derived Holdings 2026-04-13 SPY 2021.xlsx,False
SPY,2021-12-31,MA.N,MASTERCARD INC ORD,UNITED STATES,0.007737,9801491.0,506639.0,Derived Holdings 2026-04-13 SPY 2021.xlsx,False
SPY,2021-12-31,DIS.N,WALT DISNEY CO ORD,UNITED STATES,0.0069759999999999,20501748.0,1114078.0,Derived Holdings 2026-04-13 SPY 2021.xlsx,False
SPY,2021-12-31,AVGO.OQ,BROADCOM INC ORD,UNITED STATES,0.006788,4644056.0,266021.0,Derived Holdings 2026-04-13 SPY 2021.xlsx,False
SPY,2021-12-31,ADBE.OQ,ADOBE INC ORD,UNITED STATES,0.006678,5360649.0,277710.0,Derived Holdings 2026-04-13 SPY 2021.xlsx,False
SPY,2021-12-31,CSCO.OQ,CISCO SYSTEMS INC ORD,UNITED STATES,0.006624,47585460.0,2621903.0,Derived Holdings 2026-04-13 SPY 2021.xlsx,False
SPY,2021-12-31,NFLX.OQ,NETFLIX INC ORD,UNITED STATES,0.006614,4997737.0,275416.0,Derived Holdings 2026-04-13 SPY 2021.xlsx,False
SPY,2021-12-31,TMO.N,THERMO FISHER SCIENTIFIC INC ORD,UNITED STATES,0.0065169999999999,4445888.0,248271.0,Derived Holdings 2026-04-13 SPY 2021.xlsx,False
SPY,2021-12-31,ACN.N,ACCENTURE PLC ORD,IRELAND,0.006498,7135089.0,369160.0,Derived Holdings 2026-04-13 SPY 2021.xlsx,False
SPY,2021-12-31,XOM.N,EXXON MOBIL CORP ORD,UNITED STATES,0.00642,47764900.0,2594928.0,Derived Holdings 2026-04-13 SPY 2021.xlsx,False
SPY,2021-12-31,COST.OQ,COSTCO WHOLESALE CORP ORD,UNITED STATES,0.006217,4984940.0,267411.0,Derived Holdings 2026-04-13 SPY 2021.xlsx,False
SPY,2021-12-31,ABT.N,ABBOTT LABORATORIES ORD,UNITED STATES,0.006167,19947028.0,1032100.0,Derived Holdings 2026-04-13 SPY 2021.xlsx,False
SPY,2021-12-31,CRM.N,SALESFORCE INC ORD,UNITED STATES,0.006166,11045935.0,680246.0,Derived Holdings 2026-04-13 SPY 2021.xlsx,False
SPY,2021-12-31,PEP.OQ,PEPSICO INC ORD,UNITED STATES,0.005953,15599660.0,850787.0,Derived Holdings 2026-04-13 SPY 2021.xlsx,False
SPY,2021-12-31,ABBV.N,ABBVIE INC ORD,UNITED STATES,0.005933,19946143.0,1085333.0,Derived Holdings 2026-04-13 SPY 2021.xlsx,False
SPY,2021-12-31,KO.N,COCA-COLA CO ORD,UNITED STATES,0.005705,43860560.0,2402622.0,Derived Holdings 2026-04-13 SPY 2021.xlsx,False
SPY,2021-12-31,CMCSA.OQ,COMCAST CORP ORD,UNITED STATES,0.005698,51533946.0,2664454.0,Derived Holdings 2026-04-13 SPY 2021.xlsx,False
SPY,2021-12-31,CVX.N,CHEVRON CORP ORD,UNITED STATES,0.005612,21769055.0,1128687.0,Derived Holdings 2026-04-13 SPY 2021.xlsx,False
SPY,2021-12-31,PYPL.OQ,PAYPAL HOLDINGS INC ORD,UNITED STATES,0.005491,13256051.0,719076.0,Derived Holdings 2026-04-13 SPY 2021.xlsx,False
SPY,2021-12-31,LLY.N,ELI LILLY AND CO ORD,UNITED STATES,0.005436,8957960.0,483946.0,Derived Holdings 2026-04-13 SPY 2021.xlsx,False
SPY,2021-12-31,VZ.N,VERIZON COMMUNICATIONS INC ORD,UNITED STATES,0.005332,46711099.0,2530553.0,Derived Holdings 2026-04-13 SPY 2021.xlsx,False
SPY,2021-12-31,NKE.N,NIKE INC ORD,UNITED STATES,0.005268,14387619.0,746682.0,Derived Holdings 2026-04-13 SPY 2021.xlsx,False
SPY,2021-12-31,INTC.OQ,INTEL CORP ORD,UNITED STATES,0.005191,45886136.0,2585491.0,Derived Holdings 2026-04-13 SPY 2021.xlsx,False
SPY,2021-12-31,DHR.N,DANAHER CORP ORD,UNITED STATES,0.005186,7175281.0,393981.0,Derived Holdings 2026-04-13 SPY 2021.xlsx,False
SPY,2021-12-31,WMT.O,WALMART INC ORD,UNITED STATES,0.005111,16079258.0,826473.0,Derived Holdings 2026-04-13 SPY 2021.xlsx,False
SPY,2021-12-31,QCOM.OQ,QUALCOMM INC ORD,UNITED STATES,0.005076,12636026.0,596862.0,Derived Holdings 2026-04-13 SPY 2021.xlsx,False
SPY,2021-12-31,MCD.N,MCDONALD'S CORP ORD,UNITED STATES,0.004965,8430988.0,460522.0,Derived Holdings 2026-04-13 SPY 2021.xlsx,False
SPY,2021-12-31,MRK.N,MERCK & CO INC ORD,UNITED STATES,0.004795,28482436.0,1469153.0,Derived Holdings 2026-04-13 SPY 2021.xlsx,False
SPY,2021-12-31,WFC.N,WELLS FARGO & CO ORD,UNITED STATES,0.004741,44979897.0,1151820.0,Derived Holdings 2026-04-13 SPY 2021.xlsx,False
SPY,2021-12-31,NEE.N,NEXTERA ENERGY INC ORD,UNITED STATES,0.00454,22137718.0,1199703.0,Derived Holdings 2026-04-13 SPY 2021.xlsx,False
SPY,2021-12-31,INTU.OQ,INTUIT INC ORD,UNITED STATES,0.004505,3188120.0,271574.0,Derived Holdings 2026-04-13 SPY 2021.xlsx,False
SPY,2021-12-31,LOW.N,LOWE'S COMPANIES INC ORD,UNITED STATES,0.004435,7811492.0,266847.0,Derived Holdings 2026-04-13 SPY 2021.xlsx,False
SPY,2021-12-31,nan,LINDE PLC ORD,UNITED KINGDOM,0.0044009999999999,5782467.0,270783.0,Derived Holdings 2026-04-13 SPY 2021.xlsx,False
SPY,2021-12-31,T.N,AT&T INC ORD,UNITED STATES,0.0043419999999999,80341673.0,4136532.0,Derived Holdings 2026-04-13 SPY 2021.xlsx,False
SPY,2021-12-31,AMD.OQ,ADVANCED MICRO DEVICES INC ORD,UNITED STATES,0.004314,13647272.0,701228.0,Derived Holdings 2026-04-13 SPY 2021.xlsx,False
SPY,2021-12-31,TXN.OQ,TEXAS INSTRUMENTS INC ORD,UNITED STATES,0.004314,10419579.0,566126.0,Derived Holdings 2026-04-13 SPY 2021.xlsx,False
SPY,2021-12-31,UNP.N,UNION PACIFIC CORP ORD,UNITED STATES,0.004014,7252719.0,292535.0,Derived Holdings 2026-04-13 SPY 2021.xlsx,False
SPY,2021-12-31,UPS.N,UNITED PARCEL SERVICE INC ORD,UNITED STATES,0.003874,8226841.0,453667.0,Derived Holdings 2026-04-13 SPY 2021.xlsx,False
SPY,2021-12-31,PM.N,PHILIP MORRIS INTERNATIONAL INC ORD,UNITED STATES,0.00366,17537048.0,902701.0,Derived Holdings 2026-04-13 SPY 2021.xlsx,False
SPY,2021-12-31,HON.OQ,HONEYWELL INTERNATIONAL INC ORD,UNITED STATES,0.003558,7768064.0,399425.0,Derived Holdings 2026-04-13 SPY 2021.xlsx,False
SPY,2021-12-31,AMAT.OQ,APPLIED MATERIALS INC ORD,UNITED STATES,0.003521,10186717.0,431700.0,Derived Holdings 2026-04-13 SPY 2021.xlsx,False
SPY,2021-12-31,MS.N,MORGAN STANLEY ORD,UNITED STATES,0.003492,16195035.0,616087.0,Derived Holdings 2026-04-13 SPY 2021.xlsx,False
SPY,2021-12-31,ORCL.N,ORACLE CORP ORD,UNITED STATES,0.003486,18195694.0,614157.0,Derived Holdings 2026-04-13 SPY 2021.xlsx,False
SPY,2021-12-31,MDT.N,MEDTRONIC PLC ORD,IRELAND,0.003451,15184294.0,840703.0,Derived Holdings 2026-04-13 SPY 2021.xlsx,False
SPY,2021-12-31,BMY.N,BRISTOL-MYERS SQUIBB CO ORD,UNITED STATES,0.003425,25003430.0,1287052.0,Derived Holdings 2026-04-13 SPY 2021.xlsx,False
SPY,2021-12-31,SBUX.OQ,STARBUCKS CORP ORD,UNITED STATES,0.0034089999999999,13267801.0,683192.0,Derived Holdings 2026-04-13 SPY 2021.xlsx,False
SPY,2021-12-31,CVS.N,CVS HEALTH CORP ORD,UNITED STATES,0.003365,14848128.0,764202.0,Derived Holdings 2026-04-13 SPY 2021.xlsx,False
SPY,2021-12-31,AMT.N,AMERICAN TOWER CORP ORD,UNITED STATES,0.003291,5121498.0,263751.0,Derived Holdings 2026-04-13 SPY 2021.xlsx,False
SPY,2021-12-31,BLK.N,BLACKROCK INC ORD,UNITED STATES,0.003236,1609002.0,84420.0,Derived Holdings 2026-04-13 SPY 2021.xlsx,False
SPY,2021-12-31,GS.N,GOLDMAN SACHS GROUP INC ORD,UNITED STATES,0.003219,3830078.0,232194.0,Derived Holdings 2026-04-13 SPY 2021.xlsx,False
SPY,2021-12-31,RTX.N,RTX CORP ORD,UNITED STATES,0.0032069999999999,16964213.0,870545.0,Derived Holdings 2026-04-13 SPY 2021.xlsx,False
SPY,2021-12-31,NOW.N,SERVICENOW INC ORD,UNITED STATES,0.003202,2245238.0,130896.0,Derived Holdings 2026-04-13 SPY 2021.xlsx,False
SPY,2021-12-31,ISRG.OQ,INTUITIVE SURGICAL INC ORD,UNITED STATES,0.0031669999999999,4012779.0,210461.0,Derived Holdings 2026-04-13 SPY 2021.xlsx,False
SPY,2021-12-31,AMGN.OQ,AMGEN INC ORD,UNITED STATES,0.0031569999999999,6388350.0,327633.0,Derived Holdings 2026-04-13 SPY 2021.xlsx,False
SPY,2021-12-31,SCHW.N,CHARLES SCHWAB CORP ORD,UNITED STATES,0.003134,16961791.0,939253.0,Derived Holdings 2026-04-13 SPY 2021.xlsx,False
SPY,2021-12-31,PLD.N,PROLOGIS INC ORD,UNITED STATES,0.0030759999999999,8318367.0,428286.0,Derived Holdings 2026-04-13 SPY 2021.xlsx,False
SPY,2021-12-31,C.N,CITIGROUP INC ORD,UNITED STATES,0.00297,22385279.0,753305.0,Derived Holdings 2026-04-13 SPY 2021.xlsx,False
SPY,2021-12-31,IBM.N,INTERNATIONAL BUSINESS MACHINES CORP ORD,UNITED STATES,0.002964,10095847.0,529341.0,Derived Holdings 2026-04-13 SPY 2021.xlsx,False
SPY,2021-12-31,ZTS.N,ZOETIS INC ORD,UNITED STATES,0.002861,5337872.0,279390.0,Derived Holdings 2026-04-13 SPY 2021.xlsx,False
SPY,2021-12-31,SPGI.N,S&P GLOBAL INC ORD,UNITED STATES,0.0028139999999999,2714007.0,142121.0,Derived Holdings 2026-04-13 SPY 2021.xlsx,False
SPY,2021-12-31,TGT.N,TARGET CORP ORD,UNITED STATES,0.002799,5505971.0,225902.0,Derived Holdings 2026-04-13 SPY 2021.xlsx,False
SPY,2021-12-31,ELV,ELEVANCE HEALTH INC ORD,UNITED STATES,0.002796,2745936.0,143715.0,Derived Holdings 2026-04-13 SPY 2021.xlsx,False
SPY,2021-12-31,CAT.N,CATERPILLAR INC ORD,UNITED STATES,0.002772,6102734.0,259557.0,Derived Holdings 2026-04-13 SPY 2021.xlsx,False
SPY,2021-12-31,BA.N,BOEING CO ORD,UNITED STATES,0.002745,6205811.0,325447.0,Derived Holdings 2026-04-13 SPY 2021.xlsx,False
SPY,2021-12-31,nan,USD CASH,UNITED STATES,0.002669,1214841666.0,700575402.0,Derived Holdings 2026-04-13 SPY 2021.xlsx,False
SPY,2021-12-31,MU.OQ,MICRON TECHNOLOGY INC ORD,UNITED STATES,0.002594,12678421.0,663167.0,Derived Holdings 2026-04-13 SPY 2021.xlsx,False
SPY,2021-12-31,ADP.OQ,AUTOMATIC DATA PROCESSING INC ORD,UNITED STATES,0.002581,4764851.0,249240.0,Derived Holdings 2026-04-13 SPY 2021.xlsx,False
SPY,2021-12-31,GE.N,GENERAL ELECTRIC CO ORD,UNITED STATES,0.002566,12363099.0,648052.0,Derived Holdings 2026-04-13 SPY 2021.xlsx,False
SPY,2021-12-31,AXP.N,AMERICAN EXPRESS CO ORD,UNITED STATES,0.002544,7077731.0,209756.0,Derived Holdings 2026-04-13 SPY 2021.xlsx,False
SPY,2021-12-31,MMM.N,3M CO ORD,UNITED STATES,0.002543,6517195.0,341394.0,Derived Holdings 2026-04-13 SPY 2021.xlsx,False
SPY,2021-12-31,LRCX.OQ,LAM RESEARCH CORP ORD,UNITED STATES,0.00251,1588511.0,67604.0,Derived Holdings 2026-04-13 SPY 2021.xlsx,False
SPY,2021-12-31,BKNG.OQ,BOOKING HOLDINGS INC ORD,UNITED STATES,0.002437,462402.0,24120.0,Derived Holdings 2026-04-13 SPY 2021.xlsx,False
SPY,2021-12-31,DE.N,DEERE & CO ORD,UNITED STATES,0.002408,3197127.0,167419.0,Derived Holdings 2026-04-13 SPY 2021.xlsx,False
SPY,2021-12-31,COP.N,CONOCOPHILLIPS ORD,UNITED STATES,0.002359,14880031.0,587970.0,Derived Holdings 2026-04-13 SPY 2021.xlsx,False
SPY,2021-12-31,ADI.OQ,ANALOG DEVICES INC ORD,UNITED STATES,0.002339,6058550.0,317580.0,Derived Holdings 2026-04-13 SPY 2021.xlsx,False
SPY,2021-12-31,MDLZ.OQ,MONDELEZ INTERNATIONAL INC ORD,UNITED STATES,0.002293,15743541.0,824516.0,Derived Holdings 2026-04-13 SPY 2021.xlsx,False
SPY,2021-12-31,TJX.N,TJX COMPANIES INC ORD,UNITED STATES,0.002266,13587992.0,711124.0,Derived Holdings 2026-04-13 SPY 2021.xlsx,False
SPY,2021-12-31,GILD.OQ,GILEAD SCIENCES INC ORD,UNITED STATES,0.002253,14122444.0,740512.0,Derived Holdings 2026-04-13 SPY 2021.xlsx,False
SPY,2021-12-31,CCI.N,CROWN CASTLE INC ORD,UNITED STATES,0.002232,4868156.0,255270.0,Derived Holdings 2026-04-13 SPY 2021.xlsx,False
SPY,2021-12-31,SYK.N,STRYKER CORP ORD,UNITED STATES,0.002221,3780048.0,197985.0,Derived Holdings 2026-04-13 SPY 2021.xlsx,False
SPY,2021-12-31,MRNA.OQ,MODERNA INC ORD,UNITED STATES,0.00222,3979686.0,231646.0,Derived Holdings 2026-04-13 SPY 2021.xlsx,False
SPY,2021-12-31,MRSH.K,MARSH & MCLENNAN COMPANIES INC ORD,UNITED STATES,0.002179,5705760.0,298485.0,Derived Holdings 2026-04-13 SPY 2021.xlsx,False
SPY,2021-12-31,LMT.N,LOCKHEED MARTIN CORP ORD,UNITED STATES,0.002166,2774875.0,145309.0,Derived Holdings 2026-04-13 SPY 2021.xlsx,False
SPY,2021-12-31,MO.N,ALTRIA GROUP INC ORD,UNITED STATES,0.002162,20768992.0,1086994.0,Derived Holdings 2026-04-13 SPY 2021.xlsx,False
SPY,2021-12-31,EL.N,ESTEE LAUDER COMPANIES INC ORD,UNITED STATES,0.002124,2611710.0,136680.0,Derived Holdings 2026-04-13 SPY 2021.xlsx,False
SPY,2021-12-31,PNC.N,PNC FINANCIAL SERVICES GROUP INC ORD,UNITED STATES,0.002108,4785930.0,250245.0,Derived Holdings 2026-04-13 SPY 2021.xlsx,False
SPY,2021-12-31,GM.N,GENERAL MOTORS CO ORD,UNITED STATES,0.002106,16351391.0,857092.0,Derived Holdings 2026-04-13 SPY 2021.xlsx,False
SPY,2021-12-31,SHW.N,SHERWIN-WILLIAMS CO ORD,UNITED STATES,0.002103,2718541.0,142710.0,Derived Holdings 2026-04-13 SPY 2021.xlsx,False
SPY,2021-12-31,CSX.OQ,CSX CORP ORD,UNITED STATES,0.002067,25022644.0,960627.0,Derived Holdings 2026-04-13 SPY 2021.xlsx,False
SPY,2021-12-31,CB.N,CHUBB LIMITED ORD,SWITZERLAND,0.002063,4859276.0,176773.0,Derived Holdings 2026-04-13 SPY 2021.xlsx,False
SPY,2021-12-31,CME.OQ,CME GROUP INC ORD,UNITED STATES,0.00203,4045131.0,212055.0,Derived Holdings 2026-04-13 SPY 2021.xlsx,False
SPY,2021-12-31,F.N,FORD MOTOR CO ORD,UNITED STATES,0.0020169999999999,44196845.0,2317121.0,Derived Holdings 2026-04-13 SPY 2021.xlsx,False
SPY,2021-12-31,CHTR.OQ,CHARTER COMMUNICATIONS INC ORD,UNITED STATES,0.001999,1395702.0,41954.0,Derived Holdings 2026-04-13 SPY 2021.xlsx,False
SPY,2021-12-31,EW.N,EDWARDS LIFESCIENCES CORP ORD,UNITED STATES,0.001998,7021011.0,368246.0,Derived Holdings 2026-04-13 SPY 2021.xlsx,False
SPY,2021-12-31,DUK.N,DUKE ENERGY CORP ORD,UNITED STATES,0.001997,8664882.0,453683.0,Derived Holdings 2026-04-13 SPY 2021.xlsx,False
SPY,2021-12-31,TFC.N,TRUIST FINANCIAL CORP ORD,UNITED STATES,0.001934,15034571.0,787747.0,Derived Holdings 2026-04-13 SPY 2021.xlsx,False
SPY,2021-12-31,ICE.N,INTERCONTINENTAL EXCHANGE INC ORD,UNITED STATES,0.001906,6342655.0,332078.0,Derived Holdings 2026-04-13 SPY 2021.xlsx,False
SPY,2021-12-31,CI.N,CIGNA GROUP ORD,UNITED STATES,0.0018859999999999,3738897.0,108920.0,Derived Holdings 2026-04-13 SPY 2021.xlsx,False
SPY,2021-12-31,EQIX.OQ,EQUINIX INC ORD,UNITED STATES,0.001879,1011192.0,53265.0,Derived Holdings 2026-04-13 SPY 2021.xlsx,False
SPY,2021-12-31,USB.N,US BANCORP ORD,UNITED STATES,0.001875,15196884.0,796902.0,Derived Holdings 2026-04-13 SPY 2021.xlsx,False
SPY,2021-12-31,SO.N,SOUTHERN CO ORD,UNITED STATES,0.001797,11925950.0,624937.0,Derived Holdings 2026-04-13 SPY 2021.xlsx,False
SPY,2021-12-31,NSC.N,NORFOLK SOUTHERN CORP ORD,UNITED STATES,0.001795,2745283.0,109293.0,Derived Holdings 2026-04-13 SPY 2021.xlsx,False
SPY,2021-12-31,BDX.N,BECTON DICKINSON AND CO ORD,UNITED STATES,0.001787,3235163.0,169955.0,Derived Holdings 2026-04-13 SPY 2021.xlsx,False
SPY,2021-12-31,CL.N,COLGATE-PALMOLIVE CO ORD,UNITED STATES,0.001781,9500744.0,497891.0,Derived Holdings 2026-04-13 SPY 2021.xlsx,False
SPY,2021-12-31,ITW.N,ILLINOIS TOOL WORKS INC ORD,UNITED STATES,0.0017499999999999,3227949.0,168840.0,Derived Holdings 2026-04-13 SPY 2021.xlsx,False
SPY,2021-12-31,ETN.N,EATON CORPORATION PLC ORD,IRELAND,0.001704,4489482.0,235170.0,Derived Holdings 2026-04-13 SPY 2021.xlsx,False
SPY,2021-12-31,TMUS.OQ,T-MOBILE US INC ORD,UNITED STATES,0.001683,6606369.0,346136.0,Derived Holdings 2026-04-13 SPY 2021.xlsx,False
SPY,2021-12-31,APD.N,AIR PRODUCTS AND CHEMICALS INC ORD,UNITED STATES,0.001666,2493294.0,130650.0,Derived Holdings 2026-04-13 SPY 2021.xlsx,False
SPY,2021-12-31,FIS.N,FIDELITY NATIONAL INFORMATION SERVICES INC ORD,UNITED STATES,0.001647,6869889.0,277258.0,Derived Holdings 2026-04-13 SPY 2021.xlsx,False
SPY,2021-12-31,REGN.OQ,REGENERON PHARMACEUTICALS INC ORD,UNITED STATES,0.001643,1184132.0,62310.0,Derived Holdings 2026-04-13 SPY 2021.xlsx,False
SPY,2021-12-31,AON.N,AON PLC ORD,IRELAND,0.0016409999999999,2485789.0,76328.0,Derived Holdings 2026-04-13 SPY 2021.xlsx,False
SPY,2021-12-31,KLAC.OQ,KLA CORP ORD,UNITED STATES,0.001625,1720162.0,90034.0,Derived Holdings 2026-04-13 SPY 2021.xlsx,False
SPY,2021-12-31,WM.N,WASTE MANAGEMENT INC ORD,UNITED STATES,0.001599,4362631.0,227719.0,Derived Holdings 2026-04-13 SPY 2021.xlsx,False
SPY,2021-12-31,FDX.N,FEDEX CORP ORD,UNITED STATES,0.001575,2772023.0,144720.0,Derived Holdings 2026-04-13 SPY 2021.xlsx,False
SPY,2021-12-31,D.N,DOMINION ENERGY INC ORD,UNITED STATES,0.001572,9106191.0,477214.0,Derived Holdings 2026-04-13 SPY 2021.xlsx,False
SPY,2021-12-31,MCO.N,MOODY'S CORP ORD,UNITED STATES,0.001565,1823835.0,95475.0,Derived Holdings 2026-04-13 SPY 2021.xlsx,False
SPY,2021-12-31,ADSK.OQ,AUTODESK INC ORD,UNITED STATES,0.001531,2477813.0,129645.0,Derived Holdings 2026-04-13 SPY 2021.xlsx,False
SPY,2021-12-31,FISV.O,FISERV INC ORD,UNITED STATES,0.001531,6712769.0,351750.0,Derived Holdings 2026-04-13 SPY 2021.xlsx,False
SPY,2021-12-31,COF.N,CAPITAL ONE FINANCIAL CORP ORD,UNITED STATES,0.00153,4800904.0,39518.0,Derived Holdings 2026-04-13 SPY 2021.xlsx,False
SPY,2021-12-31,HCA.N,HCA HEALTHCARE INC ORD,UNITED STATES,0.0015249999999999,2701709.0,70661.0,Derived Holdings 2026-04-13 SPY 2021.xlsx,False
SPY,2021-12-31,FCX.N,FREEPORT-MCMORAN INC ORD,UNITED STATES,0.001516,16540353.0,866565.0,Derived Holdings 2026-04-13 SPY 2021.xlsx,False
SPY,2021-12-31,BSX.N,BOSTON SCIENTIFIC CORP ORD,UNITED STATES,0.001497,16037961.0,841122.0,Derived Holdings 2026-04-13 SPY 2021.xlsx,False
SPY,2021-12-31,NXPI.OQ,NXP SEMICONDUCTORS NV ORD,NETHERLANDS,0.001494,2986608.0,156780.0,Derived Holdings 2026-04-13 SPY 2021.xlsx,False
SPY,2021-12-31,PGR.N,PROGRESSIVE CORP ORD,UNITED STATES,0.001486,6590671.0,345131.0,Derived Holdings 2026-04-13 SPY 2021.xlsx,False
SPY,2021-12-31,HUM.N,HUMANA INC ORD,UNITED STATES,0.001475,1447252.0,75791.0,Derived Holdings 2026-04-13 SPY 2021.xlsx,False
SPY,2021-12-31,ILMN.OQ,ILLUMINA INC ORD,UNITED STATES,0.001474,1763896.0,198426.0,Derived Holdings 2026-04-13 SPY 2021.xlsx,False
SPY,2021-12-31,ECL.N,ECOLAB INC ORD,UNITED STATES,0.0014449999999999,2803640.0,147146.0,Derived Holdings 2026-04-13 SPY 2021.xlsx,False
SPY,2021-12-31,NOC.N,NORTHROP GRUMMAN CORP ORD,UNITED STATES,0.001441,1694682.0,88440.0,Derived Holdings 2026-04-13 SPY 2021.xlsx,False
SPY,2021-12-31,JCI.N,JOHNSON CONTROLS INTERNATIONAL PLC ORD,IRELAND,0.001433,8021320.0,419674.0,Derived Holdings 2026-04-13 SPY 2021.xlsx,False
SPY,2021-12-31,PSA.N,PUBLIC STORAGE ORD,UNITED STATES,0.0014119999999999,1716623.0,89861.0,Derived Holdings 2026-04-13 SPY 2021.xlsx,False
SPY,2021-12-31,EXC.OQ,EXELON CORP ORD,UNITED STATES,0.0013969999999999,11013750.0,577286.0,Derived Holdings 2026-04-13 SPY 2021.xlsx,False
SPY,2021-12-31,SNPS.OQ,SYNOPSYS INC ORD,UNITED STATES,0.001391,1718930.0,90450.0,Derived Holdings 2026-04-13 SPY 2021.xlsx,False
SPY,2021-12-31,IDXX.OQ,IDEXX LABORATORIES INC ORD,UNITED STATES,0.001386,958265.0,50250.0,Derived Holdings 2026-04-13 SPY 2021.xlsx,False
SPY,2021-12-31,VRTX.OQ,VERTEX PHARMACEUTICALS INC ORD,UNITED STATES,0.001384,2868580.0,99728.0,Derived Holdings 2026-04-13 SPY 2021.xlsx,False
SPY,2021-12-31,DG.N,DOLLAR GENERAL CORP ORD,UNITED STATES,0.001378,2659912.0,138863.0,Derived Holdings 2026-04-13 SPY 2021.xlsx,False
SPY,2021-12-31,EMR.N,EMERSON ELECTRIC CO ORD,UNITED STATES,0.001375,6733549.0,353171.0,Derived Holdings 2026-04-13 SPY 2021.xlsx,False
SPY,2021-12-31,IQV.N,IQVIA HOLDINGS INC ORD,UNITED STATES,0.001337,2157291.0,112560.0,Derived Holdings 2026-04-13 SPY 2021.xlsx,False
SPY,2021-12-31,INFO.K^B22,IHS MARKIT LTD ORD,BERMUDA,0.0013109999999999,4490021.0,235586.0,Derived Holdings 2026-04-13 SPY 2021.xlsx,False
SPY,2021-12-31,TEL.N,TE CONNECTIVITY PLC ORD,IRELAND,0.0013089999999999,3693744.0,192972.0,Derived Holdings 2026-04-13 SPY 2021.xlsx,False
SPY,2021-12-31,SPG.N,SIMON PROPERTY GROUP INC ORD,UNITED STATES,0.0012989999999999,3701254.0,193965.0,Derived Holdings 2026-04-13 SPY 2021.xlsx,False
SPY,2021-12-31,XLNX.O^B22,XILINX INC ORD,UNITED STATES,0.0012989999999999,2788939.0,146141.0,Derived Holdings 2026-04-13 SPY 2021.xlsx,False
SPY,2021-12-31,APH.N,AMPHENOL CORP ORD,UNITED STATES,0.0012939999999999,6737636.0,353171.0,Derived Holdings 2026-04-13 SPY 2021.xlsx,False
SPY,2021-12-31,DXCM.OQ,DEXCOM INC ORD,UNITED STATES,0.001285,1089589.0,57285.0,Derived Holdings 2026-04-13 SPY 2021.xlsx,False
SPY,2021-12-31,EOG.N,EOG RESOURCES INC ORD,UNITED STATES,0.001283,6576678.0,345131.0,Derived Holdings 2026-04-13 SPY 2021.xlsx,False
SPY,2021-12-31,ROP.O,ROPER TECHNOLOGIES INC ORD,UNITED STATES,0.001283,1187480.0,62310.0,Derived Holdings 2026-04-13 SPY 2021.xlsx,False
SPY,2021-12-31,ATVIn.BCU,ACTIVISION BLIZZARD INC ORD,UNITED STATES,0.00128,8759705.0,459112.0,Derived Holdings 2026-04-13 SPY 2021.xlsx,False
SPY,2021-12-31,CDNS.OQ,CADENCE DESIGN SYSTEMS INC ORD,UNITED STATES,0.001276,3117040.0,163226.0,Derived Holdings 2026-04-13 SPY 2021.xlsx,False
SPY,2021-12-31,MSCI.N,MSCI INC ORD,UNITED STATES,0.001249,928153.0,48240.0,Derived Holdings 2026-04-13 SPY 2021.xlsx,False
SPY,2021-12-31,DLR.N,DIGITAL REALTY TRUST INC ORD,UNITED STATES,0.001236,3182344.0,167246.0,Derived Holdings 2026-04-13 SPY 2021.xlsx,False
SPY,2021-12-31,NEM.N,NEWMONT CORPORATION ORD,UNITED STATES,0.001226,9000449.0,471345.0,Derived Holdings 2026-04-13 SPY 2021.xlsx,False
SPY,2021-12-31,CMG.N,CHIPOTLE MEXICAN GRILL INC ORD,UNITED STATES,0.001215,316335.0,16496.0,Derived Holdings 2026-04-13 SPY 2021.xlsx,False
SPY,2021-12-31,FTNT.OQ,FORTINET INC ORD,UNITED STATES,0.001206,1527210.0,80400.0,Derived Holdings 2026-04-13 SPY 2021.xlsx,False
SPY,2021-12-31,A.N,AGILENT TECHNOLOGIES INC ORD,UNITED STATES,0.001199,3417559.0,178890.0,Derived Holdings 2026-04-13 SPY 2021.xlsx,False
SPY,2021-12-31,MCHP.OQ,MICROCHIP TECHNOLOGY INC ORD,UNITED STATES,0.001197,6260400.0,410774.0,Derived Holdings 2026-04-13 SPY 2021.xlsx,False
SPY,2021-12-31,ALGN.OQ,ALIGN TECHNOLOGY INC ORD,UNITED STATES,0.001194,827311.0,53515.0,Derived Holdings 2026-04-13 SPY 2021.xlsx,False
SPY,2021-12-31,GD.N,GENERAL DYNAMICS CORP ORD,UNITED STATES,0.001191,2600216.0,136680.0,Derived Holdings 2026-04-13 SPY 2021.xlsx,False
SPY,2021-12-31,KMB.O,KIMBERLY-CLARK CORP ORD,UNITED STATES,0.001191,3793290.0,198990.0,Derived Holdings 2026-04-13 SPY 2021.xlsx,False
SPY,2021-12-31,CNC.N,CENTENE CORP ORD,UNITED STATES,0.001189,6566951.0,344126.0,Derived Holdings 2026-04-13 SPY 2021.xlsx,False
SPY,2021-12-31,TT.N,TRANE TECHNOLOGIES PLC ORD,IRELAND,0.001188,2675835.0,140111.0,Derived Holdings 2026-04-13 SPY 2021.xlsx,False
SPY,2021-12-31,ORLY.OQ,O'REILLY AUTOMOTIVE INC ORD,UNITED STATES,0.0011799999999999,760346.0,24500.0,Derived Holdings 2026-04-13 SPY 2021.xlsx,False
SPY,2021-12-31,AIG.N,AMERICAN INTERNATIONAL GROUP INC ORD,UNITED STATES,0.00117,9366388.0,238886.0,Derived Holdings 2026-04-13 SPY 2021.xlsx,False
SPY,2021-12-31,CARR.N,CARRIER GLOBAL CORP ORD,UNITED STATES,0.001164,9772822.0,511961.0,Derived Holdings 2026-04-13 SPY 2021.xlsx,False
SPY,2021-12-31,CTSH.OQ,COGNIZANT TECHNOLOGY SOLUTIONS CORP ORD,UNITED STATES,0.001154,5919803.0,309956.0,Derived Holdings 2026-04-13 SPY 2021.xlsx,False
SPY,2021-12-31,MSI.N,MOTOROLA SOLUTIONS INC ORD,UNITED STATES,0.001138,1906743.0,99495.0,Derived Holdings 2026-04-13 SPY 2021.xlsx,False
SPY,2021-12-31,MET.N,METLIFE INC ORD,UNITED STATES,0.001126,8200496.0,426639.0,Derived Holdings 2026-04-13 SPY 2021.xlsx,False
SPY,2021-12-31,MAR.OQ,MARRIOTT INTERNATIONAL INC ORD,UNITED STATES,0.001119,3081522.0,161915.0,Derived Holdings 2026-04-13 SPY 2021.xlsx,False
SPY,2021-12-31,TROW.OQ,T ROWE PRICE GROUP INC ORD,UNITED STATES,0.001104,2555384.0,133249.0,Derived Holdings 2026-04-13 SPY 2021.xlsx,False
SPY,2021-12-31,APTV.N,APTIV PLC ORD,SWITZERLAND,0.001104,3046925.0,159795.0,Derived Holdings 2026-04-13 SPY 2021.xlsx,False
SPY,2021-12-31,AEP.OQ,AMERICAN ELECTRIC POWER COMPANY INC ORD,UNITED STATES,0.001102,5637700.0,296412.0,Derived Holdings 2026-04-13 SPY 2021.xlsx,False
SPY,2021-12-31,BK.N,BANK OF NEW YORK MELLON CORP ORD,UNITED STATES,0.001093,8570305.0,94626.0,Derived Holdings 2026-04-13 SPY 2021.xlsx,False
SPY,2021-12-31,AZO.N,AUTOZONE INC ORD,UNITED STATES,0.001088,236334.0,6349.0,Derived Holdings 2026-04-13 SPY 2021.xlsx,False
SPY,2021-12-31,PAYX.OQ,PAYCHEX INC ORD,UNITED STATES,0.001082,3607367.0,189356.0,Derived Holdings 2026-04-13 SPY 2021.xlsx,False
SPY,2021-12-31,HPQ.N,HP INC ORD,UNITED STATES,0.001076,13000886.0,179793.0,Derived Holdings 2026-04-13 SPY 2021.xlsx,False
SPY,2021-12-31,HLT.N,HILTON WORLDWIDE HOLDINGS INC ORD,UNITED STATES,0.001076,3139070.0,164930.0,Derived Holdings 2026-04-13 SPY 2021.xlsx,False
SPY,2021-12-31,BAX.N,BAXTER INTERNATIONAL INC ORD,UNITED STATES,0.001062,5630571.0,295297.0,Derived Holdings 2026-04-13 SPY 2021.xlsx,False
SPY,2021-12-31,SBAC.OQ,SBA COMMUNICATIONS CORP ORD,UNITED STATES,0.001054,1233640.0,64320.0,Derived Holdings 2026-04-13 SPY 2021.xlsx,False
SPY,2021-12-31,EBAY.OQ,EBAY INC ORD,UNITED STATES,0.001049,7182014.0,377509.0,Derived Holdings 2026-04-13 SPY 2021.xlsx,False
SPY,2021-12-31,DOW.N,DOW INC ORD,UNITED STATES,0.001046,8398752.0,439052.0,Derived Holdings 2026-04-13 SPY 2021.xlsx,False
SPY,2021-12-31,DD.N,DUPONT DE NEMOURS INC ORD,UNITED STATES,0.001045,5890333.0,307703.0,Derived Holdings 2026-04-13 SPY 2021.xlsx,False
SPY,2021-12-31,SRE.N,SEMPRA ORD,UNITED STATES,0.00104,3578375.0,188351.0,Derived Holdings 2026-04-13 SPY 2021.xlsx,False
SPY,2021-12-31,LHX.N,L3HARRIS TECHNOLOGIES INC ORD,UNITED STATES,0.001037,2213456.0,68742.0,Derived Holdings 2026-04-13 SPY 2021.xlsx,False
SPY,2021-12-31,SLB.N,SLB NV ORD,UNITED STATES,0.001036,15752412.0,826879.0,Derived Holdings 2026-04-13 SPY 2021.xlsx,False
SPY,2021-12-31,STZ.N,CONSTELLATION BRANDS INC ORD,UNITED STATES,0.001022,1853221.0,57463.0,Derived Holdings 2026-04-13 SPY 2021.xlsx,False
SPY,2021-12-31,PNKf.TPRM,PIONEER NATURAL RESOURCES CO ORD,UNITED STATES,0.001021,2555625.0,134081.0,Derived Holdings 2026-04-13 SPY 2021.xlsx,False
SPY,2021-12-31,PH.N,PARKER-HANNIFIN CORP ORD,UNITED STATES,0.001016,1453765.0,76380.0,Derived Holdings 2026-04-13 SPY 2021.xlsx,False
SPY,2021-12-31,YUM.N,YUM! BRANDS INC ORD,UNITED STATES,0.001015,3328682.0,173461.0,Derived Holdings 2026-04-13 SPY 2021.xlsx,False
SPY,2021-12-31,PRU.N,PRUDENTIAL FINANCIAL INC ORD,UNITED STATES,0.001014,4264153.0,135855.0,Derived Holdings 2026-04-13 SPY 2021.xlsx,False
SPY,2021-12-31,PPG.N,PPG INDUSTRIES INC ORD,UNITED STATES,0.001013,2673460.0,140111.0,Derived Holdings 2026-04-13 SPY 2021.xlsx,False
SPY,2021-12-31,GIS.N,GENERAL MILLS INC ORD,UNITED STATES,0.001011,6827777.0,357780.0,Derived Holdings 2026-04-13 SPY 2021.xlsx,False
SPY,2021-12-31,ROST.OQ,ROSS STORES INC ORD,UNITED STATES,0.00101,4022452.0,210862.0,Derived Holdings 2026-04-13 SPY 2021.xlsx,False
SPY,2021-12-31,O.N,REALTY INCOME CORP ORD,UNITED STATES,0.001004,6384081.0,516275.0,Derived Holdings 2026-04-13 SPY 2021.xlsx,False
SPY,2021-12-31,ROK.N,ROCKWELL AUTOMATION INC ORD,UNITED STATES,0.001001,1306686.0,68340.0,Derived Holdings 2026-04-13 SPY 2021.xlsx,False
SPY,2021-12-31,SYY.N,SYSCO CORP ORD,UNITED STATES,0.000994,5762467.0,302332.0,Derived Holdings 2026-04-13 SPY 2021.xlsx,False
SPY,2021-12-31,SV4f.TPRM,SVB FINANCIAL GROUP ORD,UNITED STATES,0.000984,660708.0,34586.0,Derived Holdings 2026-04-13 SPY 2021.xlsx,False
SPY,2021-12-31,GPN.N,GLOBAL PAYMENTS INC ORD,UNITED STATES,0.000982,3307582.0,172444.0,Derived Holdings 2026-04-13 SPY 2021.xlsx,False
SPY,2021-12-31,MPC.N,MARATHON PETROLEUM CORP ORD,UNITED STATES,0.000976,6944303.0,132777.0,Derived Holdings 2026-04-13 SPY 2021.xlsx,False
SPY,2021-12-31,MTD.N,METTLER-TOLEDO INTERNATIONAL INC ORD,UNITED STATES,0.000972,260667.0,14070.0,Derived Holdings 2026-04-13 SPY 2021.xlsx,False
SPY,2021-12-31,TRV.N,TRAVELERS COMPANIES INC ORD,UNITED STATES,0.000965,2808675.0,146314.0,Derived Holdings 2026-04-13 SPY 2021.xlsx,False
SPY,2021-12-31,CTAS.OQ,CINTAS CORP ORD,UNITED STATES,0.000959,985551.0,51671.0,Derived Holdings 2026-04-13 SPY 2021.xlsx,False
SPY,2021-12-31,MCK.N,MCKESSON CORP ORD,UNITED STATES,0.000951,1741304.0,91039.0,Derived Holdings 2026-04-13 SPY 2021.xlsx,False
SPY,2021-12-31,IFF.N,INTERNATIONAL FLAVORS & FRAGRANCES INC ORD,UNITED STATES,0.00095,2872109.0,213794.0,Derived Holdings 2026-04-13 SPY 2021.xlsx,False
SPY,2021-12-31,KEYS.N,KEYSIGHT TECHNOLOGIES INC ORD,UNITED STATES,0.000941,2074780.0,108540.0,Derived Holdings 2026-04-13 SPY 2021.xlsx,False
SPY,2021-12-31,EPAM.N,EPAM SYSTEMS INC ORD,UNITED STATES,0.000939,639798.0,,Derived Holdings 2026-04-13 SPY 2021.xlsx,False
SPY,2021-12-31,RMD.N,RESMED INC ORD,UNITED STATES,0.0009379999999999,1638968.0,85841.0,Derived Holdings 2026-04-13 SPY 2021.xlsx,False
SPY,2021-12-31,ADM.N,ARCHER-DANIELS-MIDLAND CO ORD,UNITED STATES,0.000935,6300183.0,330056.0,Derived Holdings 2026-04-13 SPY 2021.xlsx,False
SPY,2021-12-31,EA.OQ,ELECTRONIC ARTS INC ORD,UNITED STATES,0.0009279999999999,3204345.0,167419.0,Derived Holdings 2026-04-13 SPY 2021.xlsx,False
SPY,2021-12-31,MTCH.OQ,MATCH GROUP INC ORD,UNITED STATES,0.0009279999999999,3194444.0,240390.0,Derived Holdings 2026-04-13 SPY 2021.xlsx,False
SPY,2021-12-31,WBA.MX,WALGREENS BOOTS ALLIANCE INC ORD,UNITED STATES,0.000927,8086264.0,423937.0,Derived Holdings 2026-04-13 SPY 2021.xlsx,False
SPY,2021-12-31,WELL.N,WELLTOWER INC ORD,UNITED STATES,0.000925,4911544.0,424268.0,Derived Holdings 2026-04-13 SPY 2021.xlsx,False
SPY,2021-12-31,OTIS.N,OTIS WORLDWIDE CORP ORD,UNITED STATES,0.000919,4806338.0,251250.0,Derived Holdings 2026-04-13 SPY 2021.xlsx,False
SPY,2021-12-31,FRCB.PK,FIRST REPUBLIC BANK ORD,UNITED STATES,0.000918,2022541.0,141147.0,Derived Holdings 2026-04-13 SPY 2021.xlsx,False
SPY,2021-12-31,VRSK.OQ,VERISK ANALYTICS INC ORD,UNITED STATES,0.000913,1816970.0,95475.0,Derived Holdings 2026-04-13 SPY 2021.xlsx,False
SPY,2021-12-31,FAST.OQ,FASTENAL CO ORD,UNITED STATES,0.000911,6473352.0,339101.0,Derived Holdings 2026-04-13 SPY 2021.xlsx,False
SPY,2021-12-31,XEL.OQ,XCEL ENERGY INC ORD,UNITED STATES,0.000902,6064765.0,317996.0,Derived Holdings 2026-04-13 SPY 2021.xlsx,False
SPY,2021-12-31,CBRE.N,CBRE GROUP INC ORD,UNITED STATES,0.000901,3781330.0,197985.0,Derived Holdings 2026-04-13 SPY 2021.xlsx,False
SPY,2021-12-31,AFL.N,AFLAC INC ORD,UNITED STATES,0.000891,6947375.0,362146.0,Derived Holdings 2026-04-13 SPY 2021.xlsx,False
SPY,2021-12-31,MNST.OQ,MONSTER BEVERAGE CORP ORD,UNITED STATES,0.0008849999999999,4196891.0,221516.0,Derived Holdings 2026-04-13 SPY 2021.xlsx,False
SPY,2021-12-31,BIIB.OQ,BIOGEN INC ORD,UNITED STATES,0.000884,1677304.0,87019.0,Derived Holdings 2026-04-13 SPY 2021.xlsx,False
SPY,2021-12-31,EFX.N,EQUIFAX INC ORD,UNITED STATES,0.000883,1372124.0,71783.0,Derived Holdings 2026-04-13 SPY 2021.xlsx,False
SPY,2021-12-31,DHI.N,D.R. HORTON INC ORD,UNITED STATES,0.0008749999999999,3671192.0,192371.0,Derived Holdings 2026-04-13 SPY 2021.xlsx,False
SPY,2021-12-31,AVB.N,AVALONBAY COMMUNITIES INC ORD,UNITED STATES,0.000873,1572537.0,82410.0,Derived Holdings 2026-04-13 SPY 2021.xlsx,False
SPY,2021-12-31,AJG.N,ARTHUR J. GALLAGHER & CO. ORD,UNITED STATES,0.000867,2326557.0,122021.0,Derived Holdings 2026-04-13 SPY 2021.xlsx,False
SPY,2021-12-31,ANSS.MX,ANSYS INC ORD,UNITED STATES,0.000864,980760.0,51255.0,Derived Holdings 2026-04-13 SPY 2021.xlsx,False
SPY,2021-12-31,CTVA.N,CORTEVA INC ORD,UNITED STATES,0.000859,8268350.0,432323.0,Derived Holdings 2026-04-13 SPY 2021.xlsx,False
SPY,2021-12-31,WST.N,WEST PHARMACEUTICAL SERVICES INC ORD,UNITED STATES,0.000858,833254.0,43631.0,Derived Holdings 2026-04-13 SPY 2021.xlsx,False
SPY,2021-12-31,DFS.MX,DISCOVER FINANCIAL SERVICES ORD,UNITED STATES,0.000856,3371097.0,175216.0,Derived Holdings 2026-04-13 SPY 2021.xlsx,False
SPY,2021-12-31,TWRde.TPRM,TWITTER INC ORD,UNITED STATES,0.000853,8987626.0,471172.0,Derived Holdings 2026-04-13 SPY 2021.xlsx,False
SPY,2021-12-31,AMP.N,AMERIPRISE FINANCIAL INC ORD,UNITED STATES,0.000849,1280514.0,66919.0,Derived Holdings 2026-04-13 SPY 2021.xlsx,False
SPY,2021-12-31,AWK.N,AMERICAN WATER WORKS CO INC ORD,UNITED STATES,0.000848,2044704.0,107645.0,Derived Holdings 2026-04-13 SPY 2021.xlsx,False
SPY,2021-12-31,AME.N,AMETEK INC ORD,UNITED STATES,0.000841,2604096.0,136680.0,Derived Holdings 2026-04-13 SPY 2021.xlsx,False
SPY,2021-12-31,STT.N,STATE STREET CORP ORD,UNITED STATES,0.000841,4118392.0,216185.0,Derived Holdings 2026-04-13 SPY 2021.xlsx,False
SPY,2021-12-31,ALL.N,ALLSTATE CORP ORD,UNITED STATES,0.0008359999999999,3234170.0,78600.0,Derived Holdings 2026-04-13 SPY 2021.xlsx,False
SPY,2021-12-31,PEG.N,PUBLIC SERVICE ENTERPRISE GROUP INC ORD,UNITED STATES,0.000835,5694552.0,298485.0,Derived Holdings 2026-04-13 SPY 2021.xlsx,False
SPY,2021-12-31,ODFL.OQ,OLD DOMINION FREIGHT LINE INC ORD,UNITED STATES,0.0008309999999999,1056159.0,55275.0,Derived Holdings 2026-04-13 SPY 2021.xlsx,False
SPY,2021-12-31,TDG.N,TRANSDIGM GROUP INC ORD,UNITED STATES,0.000825,589965.0,31155.0,Derived Holdings 2026-04-13 SPY 2021.xlsx,False
SPY,2021-12-31,NUE.N,NUCOR CORP ORD,UNITED STATES,0.000808,3224131.0,90596.0,Derived Holdings 2026-04-13 SPY 2021.xlsx,False
SPY,2021-12-31,CPRT.OQ,COPART INC ORD,UNITED STATES,0.000802,2407810.0,172141.0,Derived Holdings 2026-04-13 SPY 2021.xlsx,False
SPY,2021-12-31,ANET.N,ARISTA NETWORKS INC ORD,UNITED STATES,0.000799,2530938.0,174971.0,Derived Holdings 2026-04-13 SPY 2021.xlsx,False
SPY,2021-12-31,LEN.N,LENNAR CORP ORD,UNITED STATES,0.000789,3093180.0,161389.0,Derived Holdings 2026-04-13 SPY 2021.xlsx,False
SPY,2021-12-31,ZBRA.OQ,ZEBRA TECHNOLOGIES CORP ORD,UNITED STATES,0.000786,601129.0,31155.0,Derived Holdings 2026-04-13 SPY 2021.xlsx,False
SPY,2021-12-31,PSX.N,PHILLIPS 66 ORD,UNITED STATES,0.000785,4932708.0,258701.0,Derived Holdings 2026-04-13 SPY 2021.xlsx,False
SPY,2021-12-31,DLTR.OQ,DOLLAR TREE INC ORD,UNITED STATES,0.000783,2537135.0,61516.0,Derived Holdings 2026-04-13 SPY 2021.xlsx,False
SPY,2021-12-31,WMB.N,WILLIAMS COMPANIES INC ORD,UNITED STATES,0.000783,13684719.0,717397.0,Derived Holdings 2026-04-13 SPY 2021.xlsx,False
SPY,2021-12-31,ARE.N,ALEXANDRIA REAL ESTATE EQUITIES INC ORD,UNITED STATES,0.000779,1591145.0,114637.0,Derived Holdings 2026-04-13 SPY 2021.xlsx,False
SPY,2021-12-31,BALL.K,BALL CORP ORD,UNITED STATES,0.0007779999999999,3678486.0,192544.0,Derived Holdings 2026-04-13 SPY 2021.xlsx,False
SPY,2021-12-31,CMI.N,CUMMINS INC ORD,UNITED STATES,0.000775,1616876.0,84420.0,Derived Holdings 2026-04-13 SPY 2021.xlsx,False
SPY,2021-12-31,ES.N,EVERSOURCE ENERGY ORD,UNITED STATES,0.000774,3870722.0,203010.0,Derived Holdings 2026-04-13 SPY 2021.xlsx,False
SPY,2021-12-31,KMI.N,KINDER MORGAN INC ORD,UNITED STATES,0.000765,21954720.0,1151078.0,Derived Holdings 2026-04-13 SPY 2021.xlsx,False
SPY,2021-12-31,WY.N,WEYERHAEUSER CO ORD,UNITED STATES,0.0007639999999999,8444012.0,442616.0,Derived Holdings 2026-04-13 SPY 2021.xlsx,False
SPY,2021-12-31,EQR.N,EQUITY RESIDENTIAL ORD,UNITED STATES,0.000763,3838339.0,201416.0,Derived Holdings 2026-04-13 SPY 2021.xlsx,False
SPY,2021-12-31,KR.N,KROGER CO ORD,UNITED STATES,0.000761,7657176.0,400579.0,Derived Holdings 2026-04-13 SPY 2021.xlsx,False
SPY,2021-12-31,VLO.N,VALERO ENERGY CORP ORD,UNITED STATES,0.0007599999999999,4604566.0,241200.0,Derived Holdings 2026-04-13 SPY 2021.xlsx,False
SPY,2021-12-31,PCAR.OQ,PACCAR INC ORD,UNITED STATES,0.000758,3910378.0,205020.0,Derived Holdings 2026-04-13 SPY 2021.xlsx,False
SPY,2021-12-31,WEC.N,WEC ENERGY GROUP INC ORD,UNITED STATES,0.000758,3553006.0,186341.0,Derived Holdings 2026-04-13 SPY 2021.xlsx,False
SPY,2021-12-31,SWK.N,STANLEY BLACK & DECKER INC ORD,UNITED STATES,0.000757,1826340.0,96480.0,Derived Holdings 2026-04-13 SPY 2021.xlsx,False
SPY,2021-12-31,LH.N,LABCORP HOLDINGS INC ORD,UNITED STATES,0.000751,1088643.0,56869.0,Derived Holdings 2026-04-13 SPY 2021.xlsx,False
SPY,2021-12-31,EXR.N,EXTRA SPACE STORAGE INC ORD,UNITED STATES,0.000751,1507604.0,79505.0,Derived Holdings 2026-04-13 SPY 2021.xlsx,False
SPY,2021-12-31,ED.N,CONSOLIDATED EDISON INC ORD,UNITED STATES,0.000748,3991172.0,308951.0,Derived Holdings 2026-04-13 SPY 2021.xlsx,False
SPY,2021-12-31,FITB.OQ,FIFTH THIRD BANCORP ORD,UNITED STATES,0.000744,7775395.0,405777.0,Derived Holdings 2026-04-13 SPY 2021.xlsx,False
SPY,2021-12-31,WTW.O,WILLIS TOWERS WATSON PLC ORD,UNITED KINGDOM,0.000733,1405538.0,28232.0,Derived Holdings 2026-04-13 SPY 2021.xlsx,False
SPY,2021-12-31,RSG.N,REPUBLIC SERVICES INC ORD,UNITED STATES,0.000725,2366290.0,123615.0,Derived Holdings 2026-04-13 SPY 2021.xlsx,False
SPY,2021-12-31,GLW.N,CORNING INC ORD,UNITED STATES,0.000708,8657286.0,453671.0,Derived Holdings 2026-04-13 SPY 2021.xlsx,False
SPY,2021-12-31,HSY.N,HERSHEY CO ORD,UNITED STATES,0.000696,1637971.0,85841.0,Derived Holdings 2026-04-13 SPY 2021.xlsx,False
SPY,2021-12-31,CDW.OQ,CDW CORP ORD,UNITED STATES,0.000696,1547944.0,80989.0,Derived Holdings 2026-04-13 SPY 2021.xlsx,False
SPY,2021-12-31,IT.N,GARTNER INC ORD,UNITED STATES,0.000691,941301.0,48829.0,Derived Holdings 2026-04-13 SPY 2021.xlsx,False
SPY,2021-12-31,ETSY.K,ETSY INC ORD,UNITED STATES,0.000688,1430632.0,135486.0,Derived Holdings 2026-04-13 SPY 2021.xlsx,False
SPY,2021-12-31,DVN.N,DEVON ENERGY CORP ORD,UNITED STATES,0.000686,7091134.0,371273.0,Derived Holdings 2026-04-13 SPY 2021.xlsx,False
SPY,2021-12-31,VMC.N,VULCAN MATERIALS CO ORD,UNITED STATES,0.000681,1494520.0,78390.0,Derived Holdings 2026-04-13 SPY 2021.xlsx,False
SPY,2021-12-31,MLM.N,MARTIN MARIETTA MATERIALS INC ORD,UNITED STATES,0.00068,703006.0,37185.0,Derived Holdings 2026-04-13 SPY 2021.xlsx,False
SPY,2021-12-31,CERN.O^F22,CERNER CORP ORD,UNITED STATES,0.000679,3327714.0,173865.0,Derived Holdings 2026-04-13 SPY 2021.xlsx,False
SPY,2021-12-31,ALB.N,ALBEMARLE CORP ORD,UNITED STATES,0.000677,1317469.0,69345.0,Derived Holdings 2026-04-13 SPY 2021.xlsx,False
SPY,2021-12-31,FTV.N,FORTIVE CORP ORD,UNITED STATES,0.000676,4036554.0,211466.0,Derived Holdings 2026-04-13 SPY 2021.xlsx,False
SPY,2021-12-31,TSCO.OQ,TRACTOR SUPPLY CO ORD,UNITED STATES,0.000675,1287658.0,67335.0,Derived Holdings 2026-04-13 SPY 2021.xlsx,False
SPY,2021-12-31,TER.OQ,TERADYNE INC ORD,UNITED STATES,0.000661,1839063.0,176169.0,Derived Holdings 2026-04-13 SPY 2021.xlsx,False
SPY,2021-12-31,ZBH.N,"ZIMMER BIOMET HOLDINGS, INC ORD",UNITED STATES,0.000656,2351799.0,123615.0,Derived Holdings 2026-04-13 SPY 2021.xlsx,False
SPY,2021-12-31,MAA.N,MID-AMERICA APARTMENT COMMUNITIES INC ORD,UNITED STATES,0.000654,1297905.0,68340.0,Derived Holdings 2026-04-13 SPY 2021.xlsx,False
SPY,2021-12-31,EXPE.OQ,EXPEDIA GROUP INC ORD,UNITED STATES,0.000654,1647436.0,125641.0,Derived Holdings 2026-04-13 SPY 2021.xlsx,False
SPY,2021-12-31,OKE.N,ONEOK INC ORD,UNITED STATES,0.0006479999999999,5019967.0,263420.0,Derived Holdings 2026-04-13 SPY 2021.xlsx,False
SPY,2021-12-31,DOV.N,DOVER CORP ORD,UNITED STATES,0.0006469999999999,1621418.0,84836.0,Derived Holdings 2026-04-13 SPY 2021.xlsx,False
SPY,2021-12-31,EIX.N,EDISON INTERNATIONAL ORD,UNITED STATES,0.000641,4276250.0,224115.0,Derived Holdings 2026-04-13 SPY 2021.xlsx,False
SPY,2021-12-31,OXY.N,OCCIDENTAL PETROLEUM CORP ORD,UNITED STATES,0.000636,9991672.0,524131.0,Derived Holdings 2026-04-13 SPY 2021.xlsx,False
SPY,2021-12-31,TSN.N,TYSON FOODS INC ORD,UNITED STATES,0.000636,3320443.0,173865.0,Derived Holdings 2026-04-13 SPY 2021.xlsx,False
SPY,2021-12-31,SWKS.OQ,SKYWORKS SOLUTIONS INC ORD,UNITED STATES,0.000634,1860043.0,97485.0,Derived Holdings 2026-04-13 SPY 2021.xlsx,False
SPY,2021-12-31,KHC.OQ,KRAFT HEINZ CO ORD,UNITED STATES,0.00063,7990111.0,419611.0,Derived Holdings 2026-04-13 SPY 2021.xlsx,False
SPY,2021-12-31,RVTY.K,REVVITY INC ORD,UNITED STATES,0.000629,1424361.0,227858.0,Derived Holdings 2026-04-13 SPY 2021.xlsx,False
SPY,2021-12-31,SYF.N,SYNCHRONY FINANCIAL ORD,UNITED STATES,0.000629,6173456.0,93378.0,Derived Holdings 2026-04-13 SPY 2021.xlsx,False
SPY,2021-12-31,LUV.N,SOUTHWEST AIRLINES CO ORD,UNITED STATES,0.000627,6663799.0,349151.0,Derived Holdings 2026-04-13 SPY 2021.xlsx,False
SPY,2021-12-31,CHD.N,CHURCH & DWIGHT CO INC ORD,UNITED STATES,0.0006219999999999,2764513.0,144720.0,Derived Holdings 2026-04-13 SPY 2021.xlsx,False
SPY,2021-12-31,IR.N,INGERSOLL RAND INC ORD,UNITED STATES,0.00062,4564455.0,240022.0,Derived Holdings 2026-04-13 SPY 2021.xlsx,False
SPY,2021-12-31,DAL.N,DELTA AIR LINES INC ORD,UNITED STATES,0.000619,7207075.0,377990.0,Derived Holdings 2026-04-13 SPY 2021.xlsx,False
SPY,2021-12-31,NTRS.OQ,NORTHERN TRUST CORP ORD,UNITED STATES,0.0006169999999999,2346785.0,122610.0,Derived Holdings 2026-04-13 SPY 2021.xlsx,False
SPY,2021-12-31,DURf.TPRM,DUKE REALTY CORP ORD,UNITED STATES,0.000612,4242027.0,223942.0,Derived Holdings 2026-04-13 SPY 2021.xlsx,False
SPY,2021-12-31,VRSN.OQ,"VERISIGN, INC ORD",UNITED STATES,0.000611,1095782.0,57285.0,Derived Holdings 2026-04-13 SPY 2021.xlsx,False
SPY,2021-12-31,ENPH.OQ,ENPHASE ENERGY INC ORD,UNITED STATES,0.000609,1516192.0,79395.0,Derived Holdings 2026-04-13 SPY 2021.xlsx,False
SPY,2021-12-31,NDAQ.OQ,NASDAQ INC ORD,UNITED STATES,0.000604,1309347.0,69345.0,Derived Holdings 2026-04-13 SPY 2021.xlsx,False
SPY,2021-12-31,MKC.N,MCCORMICK & COMPANY INC ORD,UNITED STATES,0.000596,2806384.0,147146.0,Derived Holdings 2026-04-13 SPY 2021.xlsx,False
SPY,2021-12-31,URI.N,UNITED RENTALS INC ORD,UNITED STATES,0.0005949999999999,815011.0,42626.0,Derived Holdings 2026-04-13 SPY 2021.xlsx,False
SPY,2021-12-31,HIG.N,HARTFORD INSURANCE GROUP INC ORD,UNITED STATES,0.000593,3907683.0,203356.0,Derived Holdings 2026-04-13 SPY 2021.xlsx,False
SPY,2021-12-31,LYB.N,LYONDELLBASELL INDUSTRIES NV ORD,UNITED KINGDOM,0.000592,2921758.0,155775.0,Derived Holdings 2026-04-13 SPY 2021.xlsx,False
SPY,2021-12-31,STE.N,STERIS PLC ORD,IRELAND,0.000592,1106982.0,59295.0,Derived Holdings 2026-04-13 SPY 2021.xlsx,False
SPY,2021-12-31,VFC.N,VF CORP ORD,UNITED STATES,0.000586,3644945.0,192371.0,Derived Holdings 2026-04-13 SPY 2021.xlsx,False
SPY,2021-12-31,DTE.N,DTE ENERGY CO ORD,UNITED STATES,0.0005729999999999,2182509.0,114570.0,Derived Holdings 2026-04-13 SPY 2021.xlsx,False
SPY,2021-12-31,PPL.N,PPL CORP ORD,UNITED STATES,0.000572,8663334.0,450210.0,Derived Holdings 2026-04-13 SPY 2021.xlsx,False
SPY,2021-12-31,AEE.N,AMEREN CORP ORD,UNITED STATES,0.000567,2901980.0,152171.0,Derived Holdings 2026-04-13 SPY 2021.xlsx,False
SPY,2021-12-31,ESS.N,ESSEX PROPERTY TRUST INC ORD,UNITED STATES,0.000567,732219.0,38190.0,Derived Holdings 2026-04-13 SPY 2021.xlsx,False
SPY,2021-12-31,WAT.N,WATERS CORP ORD,UNITED STATES,0.000566,691094.0,36180.0,Derived Holdings 2026-04-13 SPY 2021.xlsx,False
SPY,2021-12-31,BBY.N,BEST BUY CO INC ORD,UNITED STATES,0.000565,2530428.0,131828.0,Derived Holdings 2026-04-13 SPY 2021.xlsx,False
SPY,2021-12-31,EXPD.K,EXPEDITORS INTERNATIONAL OF WASHINGTON INC ORD,UNITED STATES,0.0005639999999999,1913104.0,100500.0,Derived Holdings 2026-04-13 SPY 2021.xlsx,False
SPY,2021-12-31,HBAN.OQ,HUNTINGTON BANCSHARES INC ORD,UNITED STATES,0.000563,16621576.0,864102.0,Derived Holdings 2026-04-13 SPY 2021.xlsx,False
SPY,2021-12-31,POOL.OQ,POOL CORP ORD,UNITED STATES,0.000562,452132.0,24120.0,Derived Holdings 2026-04-13 SPY 2021.xlsx,False
SPY,2021-12-31,STX.OQ,SEAGATE TECHNOLOGY HOLDINGS PLC ORD,SINGAPORE,0.000562,2264512.0,122367.0,Derived Holdings 2026-04-13 SPY 2021.xlsx,False
SPY,2021-12-31,GWW.N,WW GRAINGER INC ORD,UNITED STATES,0.000561,492533.0,25714.0,Derived Holdings 2026-04-13 SPY 2021.xlsx,False
SPY,2021-12-31,ETR.N,ENTERGY CORP ORD,UNITED STATES,0.00056,2262695.0,118590.0,Derived Holdings 2026-04-13 SPY 2021.xlsx,False
SPY,2021-12-31,FE.N,FIRSTENERGY CORP ORD,UNITED STATES,0.00056,6127252.0,321011.0,Derived Holdings 2026-04-13 SPY 2021.xlsx,False
SPY,2021-12-31,ULTA.OQ,ULTA BEAUTY INC ORD,UNITED STATES,0.000559,616622.0,32160.0,Derived Holdings 2026-04-13 SPY 2021.xlsx,False
SPY,2021-12-31,GNRC.N,GENERAC HOLDINGS INC ORD,UNITED STATES,0.000549,710685.0,37185.0,Derived Holdings 2026-04-13 SPY 2021.xlsx,False
SPY,2021-12-31,KEY.N,KEYCORP ORD,UNITED STATES,0.000547,10765508.0,558397.0,Derived Holdings 2026-04-13 SPY 2021.xlsx,False
SPY,2021-12-31,TYL.N,TYLER TECHNOLOGIES INC ORD,UNITED STATES,0.000544,460556.0,24120.0,Derived Holdings 2026-04-13 SPY 2021.xlsx,False
SPY,2021-12-31,TRMB.OQ,TRIMBLE INC ORD,UNITED STATES,0.000543,2833352.0,148740.0,Derived Holdings 2026-04-13 SPY 2021.xlsx,False
SPY,2021-12-31,CTLT.MX,CATALENT INC ORD,UNITED STATES,0.00054,1918962.0,100916.0,Derived Holdings 2026-04-13 SPY 2021.xlsx,False
SPY,2021-12-31,XYL.N,XYLEM INC ORD,UNITED STATES,0.000535,2029443.0,106530.0,Derived Holdings 2026-04-13 SPY 2021.xlsx,False
SPY,2021-12-31,CLX.N,CLOROX CO ORD,UNITED STATES,0.00053,1383112.0,72360.0,Derived Holdings 2026-04-13 SPY 2021.xlsx,False
SPY,2021-12-31,KMX.N,CARMAX INC ORD,UNITED STATES,0.000525,1834510.0,96064.0,Derived Holdings 2026-04-13 SPY 2021.xlsx,False
SPY,2021-12-31,BR.N,BROADRIDGE FINANCIAL SOLUTIONS INC ORD,UNITED STATES,0.000525,1308200.0,68756.0,Derived Holdings 2026-04-13 SPY 2021.xlsx,False
SPY,2021-12-31,DGX.N,QUEST DIAGNOSTICS INC ORD,UNITED STATES,0.000523,1375937.0,72360.0,Derived Holdings 2026-04-13 SPY 2021.xlsx,False
SPY,2021-12-31,MPWR.OQ,MONOLITHIC POWER SYSTEMS INC ORD,UNITED STATES,0.000522,481550.0,25125.0,Derived Holdings 2026-04-13 SPY 2021.xlsx,False
SPY,2021-12-31,BKR.OQ,BAKER HUGHES CO ORD,UNITED STATES,0.000521,9863685.0,1021178.0,Derived Holdings 2026-04-13 SPY 2021.xlsx,False
SPY,2021-12-31,RF.N,REGIONS FINANCIAL CORP ORD,UNITED STATES,0.0005149999999999,10750931.0,563216.0,Derived Holdings 2026-04-13 SPY 2021.xlsx,False
SPY,2021-12-31,DPZ.O,DOMINO'S PIZZA INC ORD,UNITED STATES,0.000514,414900.0,21694.0,Derived Holdings 2026-04-13 SPY 2021.xlsx,False
SPY,2021-12-31,nan,COOPER COMPANIES INC ORD,UNITED STATES,0.0005099999999999,554587.0,29145.0,Derived Holdings 2026-04-13 SPY 2021.xlsx,False
SPY,2021-12-31,NTAP.OQ,NETAPP INC ORD,UNITED STATES,0.0005099999999999,2525477.0,132071.0,Derived Holdings 2026-04-13 SPY 2021.xlsx,False
SPY,2021-12-31,TTWO.OQ,TAKE-TWO INTERACTIVE SOFTWARE INC ORD,UNITED STATES,0.0005099999999999,1306901.0,68340.0,Derived Holdings 2026-04-13 SPY 2021.xlsx,False
SPY,2021-12-31,HPE.N,HEWLETT PACKARD ENTERPRISE CO ORD,UNITED STATES,0.0005099999999999,14713861.0,771078.0,Derived Holdings 2026-04-13 SPY 2021.xlsx,False
SPY,2021-12-31,GRMN.N,GARMIN LTD ORD,SWITZERLAND,0.000507,1696092.0,89445.0,Derived Holdings 2026-04-13 SPY 2021.xlsx,False
SPY,2021-12-31,VTR.N,VENTAS INC ORD,UNITED STATES,0.0005059999999999,4504044.0,474219.0,Derived Holdings 2026-04-13 SPY 2021.xlsx,False
SPY,2021-12-31,TDY.N,TELEDYNE TECHNOLOGIES INC ORD,UNITED STATES,0.000505,526131.0,27135.0,Derived Holdings 2026-04-13 SPY 2021.xlsx,False
SPY,2021-12-31,HES.MX,HESS CORP ORD,UNITED STATES,0.000504,3100828.0,162810.0,Derived Holdings 2026-04-13 SPY 2021.xlsx,False
SPY,2021-12-31,HAL.N,HALLIBURTON CO ORD,UNITED STATES,0.000504,10028582.0,527389.0,Derived Holdings 2026-04-13 SPY 2021.xlsx,False
SPY,2021-12-31,TECH.OQ,BIO-TECHNE CORP ORD,UNITED STATES,0.000498,438253.0,23115.0,Derived Holdings 2026-04-13 SPY 2021.xlsx,False
SPY,2021-12-31,CFG.N,CITIZENS FINANCIAL GROUP INC ORD,UNITED STATES,0.000498,4797779.0,251666.0,Derived Holdings 2026-04-13 SPY 2021.xlsx,False
SPY,2021-12-31,GPC.N,GENUINE PARTS CO ORD,UNITED STATES,0.000497,1612972.0,84420.0,Derived Holdings 2026-04-13 SPY 2021.xlsx,False
SPY,2021-12-31,WDC.OQ,WESTERN DIGITAL CORP ORD,UNITED STATES,0.000494,3451832.0,182148.0,Derived Holdings 2026-04-13 SPY 2021.xlsx,False
SPY,2021-12-31,NVR.N,NVR INC ORD,UNITED STATES,0.000494,38034.0,2010.0,Derived Holdings 2026-04-13 SPY 2021.xlsx,False
SPY,2021-12-31,PAYC.N,PAYCOM SOFTWARE INC ORD,UNITED STATES,0.000493,541071.0,28140.0,Derived Holdings 2026-04-13 SPY 2021.xlsx,False
SPY,2021-12-31,MTB.N,M&T BANK CORP ORD,UNITED STATES,0.000489,1449894.0,76490.0,Derived Holdings 2026-04-13 SPY 2021.xlsx,False
SPY,2021-12-31,COR,CENCORA INC ORD,UNITED STATES,0.000489,1673389.0,88440.0,Derived Holdings 2026-04-13 SPY 2021.xlsx,False
SPY,2021-12-31,SBNY.PK,SIGNATURE BANK ORD,UNITED STATES,0.000488,687176.0,,Derived Holdings 2026-04-13 SPY 2021.xlsx,False
SPY,2021-12-31,DRI.N,DARDEN RESTAURANTS INC ORD,UNITED STATES,0.000486,1467456.0,76380.0,Derived Holdings 2026-04-13 SPY 2021.xlsx,False
SPY,2021-12-31,CZR.OQ,CAESARS ENTERTAINMENT INC ORD,UNITED STATES,0.000486,2365697.0,126041.0,Derived Holdings 2026-04-13 SPY 2021.xlsx,False
SPY,2021-12-31,HOLX.MX,HOLOGIC INC ORD,UNITED STATES,0.000482,2864547.0,149745.0,Derived Holdings 2026-04-13 SPY 2021.xlsx,False
SPY,2021-12-31,DOC,HEALTHPEAK PROPERTIES INC ORD,UNITED STATES,0.000481,6069564.0,317996.0,Derived Holdings 2026-04-13 SPY 2021.xlsx,False
SPY,2021-12-31,AKAM.OQ,AKAMAI TECHNOLOGIES INC ORD,UNITED STATES,0.000472,1834372.0,96480.0,Derived Holdings 2026-04-13 SPY 2021.xlsx,False
SPY,2021-12-31,CRL.N,CHARLES RIVER LABORATORIES INTERNATIONAL INC ORD,UNITED STATES,0.0004689999999999,566191.0,30150.0,Derived Holdings 2026-04-13 SPY 2021.xlsx,False
SPY,2021-12-31,CMS.N,CMS ENERGY CORP ORD,UNITED STATES,0.000468,3272139.0,170850.0,Derived Holdings 2026-04-13 SPY 2021.xlsx,False
SPY,2021-12-31,CE.N,CELANESE CORP ORD,UNITED STATES,0.0004619999999999,1250841.0,64909.0,Derived Holdings 2026-04-13 SPY 2021.xlsx,False
SPY,2021-12-31,RJF.N,RAYMOND JAMES FINANCIAL INC ORD,UNITED STATES,0.000461,2088463.0,109545.0,Derived Holdings 2026-04-13 SPY 2021.xlsx,False
SPY,2021-12-31,AMCR.N,AMCOR PLC ORD,SWITZERLAND,0.000458,17361933.0,908387.0,Derived Holdings 2026-04-13 SPY 2021.xlsx,False
SPY,2021-12-31,BBWI.N,BATH & BODY WORKS INC ORD,UNITED STATES,0.000457,2981770.0,156191.0,Derived Holdings 2026-04-13 SPY 2021.xlsx,False
SPY,2021-12-31,nan,CORPAY INC ORD,UNITED STATES,0.000457,929514.0,48240.0,Derived Holdings 2026-04-13 SPY 2021.xlsx,False
SPY,2021-12-31,FDS.N,FACTSET RESEARCH SYSTEMS INC ORD,UNITED STATES,0.000455,426452.0,,Derived Holdings 2026-04-13 SPY 2021.xlsx,False
SPY,2021-12-31,IP.N,INTERNATIONAL PAPER CO ORD,UNITED STATES,0.000454,4401043.0,229729.0,Derived Holdings 2026-04-13 SPY 2021.xlsx,False
SPY,2021-12-31,FANG.OQ,DIAMONDBACK ENERGY INC ORD,UNITED STATES,0.000454,1916904.0,100500.0,Derived Holdings 2026-04-13 SPY 2021.xlsx,False
SPY,2021-12-31,nan,PARAMOUNT SKYDANCE CORP ORD,UNITED STATES,0.000452,6823954.0,358044.0,Derived Holdings 2026-04-13 SPY 2021.xlsx,False
SPY,2021-12-31,J.N,JACOBS SOLUTIONS INC ORD,UNITED STATES,0.000449,1467191.0,76796.0,Derived Holdings 2026-04-13 SPY 2021.xlsx,False
SPY,2021-12-31,PFG.OQ,PRINCIPAL FINANCIAL GROUP INC ORD,UNITED STATES,0.0004469999999999,2810396.0,146314.0,Derived Holdings 2026-04-13 SPY 2021.xlsx,False
SPY,2021-12-31,MGM.N,MGM RESORTS INTERNATIONAL ORD,UNITED STATES,0.000445,4517393.0,233679.0,Derived Holdings 2026-04-13 SPY 2021.xlsx,False
SPY,2021-12-31,IEX.N,IDEX CORP ORD,UNITED STATES,0.000444,856112.0,45225.0,Derived Holdings 2026-04-13 SPY 2021.xlsx,False
SPY,2021-12-31,AVY.N,AVERY DENNISON CORP ORD,UNITED STATES,0.000444,933848.0,49245.0,Derived Holdings 2026-04-13 SPY 2021.xlsx,False
SPY,2021-12-31,CNP.N,CENTERPOINT ENERGY INC ORD,UNITED STATES,0.0004349999999999,7096947.0,850992.0,Derived Holdings 2026-04-13 SPY 2021.xlsx,False
SPY,2021-12-31,UDR.N,UDR INC ORD,UNITED STATES,0.000432,3279639.0,288432.0,Derived Holdings 2026-04-13 SPY 2021.xlsx,False
SPY,2021-12-31,WAB.N,WESTINGHOUSE AIR BRAKE TECHNOLOGIES CORP ORD,UNITED STATES,0.000431,2128739.0,111139.0,Derived Holdings 2026-04-13 SPY 2021.xlsx,False
SPY,2021-12-31,MAS.N,MASCO CORP ORD,UNITED STATES,0.000431,2792894.0,145309.0,Derived Holdings 2026-04-13 SPY 2021.xlsx,False
SPY,2021-12-31,QRVO.OQ,QORVO INC ORD,UNITED STATES,0.000431,1255576.0,65325.0,Derived Holdings 2026-04-13 SPY 2021.xlsx,False
SPY,2021-12-31,TXT.N,TEXTRON INC ORD,UNITED STATES,0.000428,2524157.0,131938.0,Derived Holdings 2026-04-13 SPY 2021.xlsx,False
SPY,2021-12-31,JBHT.OQ,J B HUNT TRANSPORT SERVICES INC ORD,UNITED STATES,0.000425,946986.0,49245.0,Derived Holdings 2026-04-13 SPY 2021.xlsx,False
SPY,2021-12-31,CINF.OQ,CINCINNATI FINANCIAL CORP ORD,UNITED STATES,0.000423,1688152.0,88440.0,Derived Holdings 2026-04-13 SPY 2021.xlsx,False
SPY,2021-12-31,RCL.N,ROYAL CARIBBEAN CRUISES LTD ORD,UNITED STATES,0.00042,2486724.0,132770.0,Derived Holdings 2026-04-13 SPY 2021.xlsx,False
SPY,2021-12-31,CAG.N,CONAGRA BRANDS INC ORD,UNITED STATES,0.0004059999999999,5409373.0,283410.0,Derived Holdings 2026-04-13 SPY 2021.xlsx,False
SPY,2021-12-31,BRO.N,BROWN & BROWN INC ORD,UNITED STATES,0.0004059999999999,2632787.0,138101.0,Derived Holdings 2026-04-13 SPY 2021.xlsx,False
SPY,2021-12-31,EMN.N,EASTMAN CHEMICAL CO ORD,UNITED STATES,0.0004059999999999,1528760.0,79984.0,Derived Holdings 2026-04-13 SPY 2021.xlsx,False
SPY,2021-12-31,US4878361082.TRE,KELLANOVA ORD,UNITED STATES,0.000405,2861506.0,150750.0,Derived Holdings 2026-04-13 SPY 2021.xlsx,False
SPY,2021-12-31,BXP.N,BXP INC ORD,UNITED STATES,0.000405,1600139.0,83831.0,Derived Holdings 2026-04-13 SPY 2021.xlsx,False
SPY,2021-12-31,VTRS.OQ,VIATRIS INC ORD,UNITED STATES,0.000405,13616550.0,714076.0,Derived Holdings 2026-04-13 SPY 2021.xlsx,False
SPY,2021-12-31,ABMD.O^L22,ABIOMED INC ORD,UNITED STATES,0.000403,511352.0,27135.0,Derived Holdings 2026-04-13 SPY 2021.xlsx,False
SPY,2021-12-31,LKQ.OQ,LKQ CORP ORD,UNITED STATES,0.000403,3055544.0,159379.0,Derived Holdings 2026-04-13 SPY 2021.xlsx,False
SPY,2021-12-31,BIO.N,BIO RAD LABORATORIES INC ORD,UNITED STATES,0.000402,242397.0,13065.0,Derived Holdings 2026-04-13 SPY 2021.xlsx,False
SPY,2021-12-31,AES.N,AES CORP ORD,UNITED STATES,0.000401,7505347.0,393371.0,Derived Holdings 2026-04-13 SPY 2021.xlsx,False
SPY,2021-12-31,CCL.N,CARNIVAL CORP ORD,UNITED STATES,0.000398,8994982.0,473119.0,Derived Holdings 2026-04-13 SPY 2021.xlsx,False
SPY,2021-12-31,PWR.N,QUANTA SERVICES INC ORD,UNITED STATES,0.000396,1571637.0,83242.0,Derived Holdings 2026-04-13 SPY 2021.xlsx,False
SPY,2021-12-31,LYV.N,LIVE NATION ENTERTAINMENT INC ORD,UNITED STATES,0.00039,1484411.0,78217.0,Derived Holdings 2026-04-13 SPY 2021.xlsx,False
SPY,2021-12-31,OMC.N,OMNICOM GROUP INC ORD,UNITED STATES,0.0003889999999999,2414644.0,126214.0,Derived Holdings 2026-04-13 SPY 2021.xlsx,False
SPY,2021-12-31,AAP.N,ADVANCE AUTO PARTS INC ORD,UNITED STATES,0.000388,736019.0,37774.0,Derived Holdings 2026-04-13 SPY 2021.xlsx,False
SPY,2021-12-31,EVRG.O,EVERGY INC ORD,UNITED STATES,0.000388,2577429.0,135675.0,Derived Holdings 2026-04-13 SPY 2021.xlsx,False
SPY,2021-12-31,MKTX.OQ,MARKETAXESS HOLDINGS INC ORD,UNITED STATES,0.000386,427578.0,22110.0,Derived Holdings 2026-04-13 SPY 2021.xlsx,False
SPY,2021-12-31,CTRA.N,COTERRA ENERGY INC ORD,UNITED STATES,0.0003819999999999,9149187.0,480217.0,Derived Holdings 2026-04-13 SPY 2021.xlsx,False
SPY,2021-12-31,LNT.OQ,ALLIANT ENERGY CORP ORD,UNITED STATES,0.000381,2817908.0,147735.0,Derived Holdings 2026-04-13 SPY 2021.xlsx,False
SPY,2021-12-31,TFX.N,TELEFLEX INC ORD,UNITED STATES,0.0003799999999999,526860.0,27551.0,Derived Holdings 2026-04-13 SPY 2021.xlsx,False
SPY,2021-12-31,CF.N,CF INDUSTRIES HOLDINGS INC ORD,UNITED STATES,0.0003769999999999,2427219.0,126630.0,Derived Holdings 2026-04-13 SPY 2021.xlsx,False
SPY,2021-12-31,IRM.N,IRON MOUNTAIN INC ORD,UNITED STATES,0.000376,3271600.0,170850.0,Derived Holdings 2026-04-13 SPY 2021.xlsx,False
SPY,2021-12-31,GEN.O,GEN DIGITAL INC ORD,UNITED STATES,0.000374,6546286.0,343121.0,Derived Holdings 2026-04-13 SPY 2021.xlsx,False
SPY,2021-12-31,KIM.N,KIMCO REALTY CORP ORD,UNITED STATES,0.00037,6830826.0,363048.0,Derived Holdings 2026-04-13 SPY 2021.xlsx,False
SPY,2021-12-31,CAH.N,CARDINAL HEALTH INC ORD,UNITED STATES,0.000369,3265479.0,169186.0,Derived Holdings 2026-04-13 SPY 2021.xlsx,False
SPY,2021-12-31,PHM.N,PULTEGROUP INC ORD,UNITED STATES,0.000367,2921445.0,151512.0,Derived Holdings 2026-04-13 SPY 2021.xlsx,False
SPY,2021-12-31,SEDG.OQ,SOLAREDGE TECHNOLOGIES INC ORD,ISRAEL,0.000367,595096.0,,Derived Holdings 2026-04-13 SPY 2021.xlsx,False
SPY,2021-12-31,US4606901001.TRE,INTERPUBLIC GROUP OF COMPANIES INC ORD,UNITED STATES,0.000365,4433906.0,232571.0,Derived Holdings 2026-04-13 SPY 2021.xlsx,False
SPY,2021-12-31,FBIN.K,FORTUNE BRANDS INNOVATIONS INC ORD,UNITED STATES,0.000365,1552547.0,80989.0,Derived Holdings 2026-04-13 SPY 2021.xlsx,False
SPY,2021-12-31,FFIV.OQ,F5 INC ORD,UNITED STATES,0.000364,676564.0,35175.0,Derived Holdings 2026-04-13 SPY 2021.xlsx,False
SPY,2021-12-31,SJM.N,J M SMUCKER CO ORD,UNITED STATES,0.000364,1220676.0,64320.0,Derived Holdings 2026-04-13 SPY 2021.xlsx,False
SPY,2021-12-31,WHR.N,WHIRLPOOL CORP ORD,UNITED STATES,0.000364,705802.0,36769.0,Derived Holdings 2026-04-13 SPY 2021.xlsx,False
SPY,2021-12-31,MOS.N,MOSAIC CO ORD,UNITED STATES,0.000361,4179181.0,491601.0,Derived Holdings 2026-04-13 SPY 2021.xlsx,False
SPY,2021-12-31,CHRW.OQ,CH ROBINSON WORLDWIDE INC ORD,UNITED STATES,0.0003509999999999,1482720.0,76969.0,Derived Holdings 2026-04-13 SPY 2021.xlsx,False
SPY,2021-12-31,FMC.N,FMC CORP ORD,UNITED STATES,0.00035,1449836.0,76192.0,Derived Holdings 2026-04-13 SPY 2021.xlsx,False
SPY,2021-12-31,US15677J1088.TRE,DAYFORCE INC ORD,UNITED STATES,0.000349,1519373.0,79811.0,Derived Holdings 2026-04-13 SPY 2021.xlsx,False
SPY,2021-12-31,UAL.OQ,UNITED AIRLINES HOLDINGS INC ORD,UNITED STATES,0.000348,3618313.0,190950.0,Derived Holdings 2026-04-13 SPY 2021.xlsx,False
SPY,2021-12-31,CBOE.Z,CBOE GLOBAL MARKETS INC ORD,UNITED STATES,0.000344,1201276.0,63315.0,Derived Holdings 2026-04-13 SPY 2021.xlsx,False
SPY,2021-12-31,HRL.N,HORMEL FOODS CORP ORD,UNITED STATES,0.000342,3186716.0,166241.0,Derived Holdings 2026-04-13 SPY 2021.xlsx,False
SPY,2021-12-31,INCY.OQ,INCYTE CORP ORD,UNITED STATES,0.000342,2119281.0,110550.0,Derived Holdings 2026-04-13 SPY 2021.xlsx,False
SPY,2021-12-31,ATO.N,ATMOS ENERGY CORP ORD,UNITED STATES,0.000339,1473278.0,77801.0,Derived Holdings 2026-04-13 SPY 2021.xlsx,False
SPY,2021-12-31,BFb.N,BROWN-FORMAN CORP ORD,UNITED STATES,0.000329,2057064.0,107535.0,Derived Holdings 2026-04-13 SPY 2021.xlsx,False
SPY,2021-12-31,HAS.OQ,HASBRO INC ORD,UNITED STATES,0.0003239999999999,1449441.0,76380.0,Derived Holdings 2026-04-13 SPY 2021.xlsx,False
SPY,2021-12-31,PKG.N,PACKAGING CORP OF AMERICA ORD,UNITED STATES,0.00032,1069816.0,56280.0,Derived Holdings 2026-04-13 SPY 2021.xlsx,False
SPY,2021-12-31,MRO.MX,MARATHON OIL CORP ORD,UNITED STATES,0.00032,8875208.0,463381.0,Derived Holdings 2026-04-13 SPY 2021.xlsx,False
SPY,2021-12-31,PTC.OQ,PTC INC ORD,UNITED STATES,0.000317,1192496.0,62310.0,Derived Holdings 2026-04-13 SPY 2021.xlsx,False
SPY,2021-12-31,RHI.N,ROBERT HALF INC ORD,UNITED STATES,0.000309,1260989.0,65914.0,Derived Holdings 2026-04-13 SPY 2021.xlsx,False
SPY,2021-12-31,LDOS.N,LEIDOS HOLDINGS INC ORD,UNITED STATES,0.000309,1583472.0,149815.0,Derived Holdings 2026-04-13 SPY 2021.xlsx,False
SPY,2021-12-31,LVS.N,LAS VEGAS SANDS CORP ORD,UNITED STATES,0.000309,3734230.0,203010.0,Derived Holdings 2026-04-13 SPY 2021.xlsx,False
SPY,2021-12-31,JKHY.OQ,JACK HENRY & ASSOCIATES INC ORD,UNITED STATES,0.000307,836824.0,44220.0,Derived Holdings 2026-04-13 SPY 2021.xlsx,False
SPY,2021-12-31,HST.OQ,"HOST HOTELS AND RESORTS, INC ORD",UNITED STATES,0.000306,8005479.0,421511.0,Derived Holdings 2026-04-13 SPY 2021.xlsx,False
SPY,2021-12-31,HWM.N,HOWMET AEROSPACE INC ORD,UNITED STATES,0.000304,4347808.0,227829.0,Derived Holdings 2026-04-13 SPY 2021.xlsx,False
SPY,2021-12-31,XRAY.OQ,DENTSPLY SIRONA INC ORD,UNITED STATES,0.000302,2461277.0,129056.0,Derived Holdings 2026-04-13 SPY 2021.xlsx,False
SPY,2021-12-31,PNR.N,PENTAIR PLC ORD,IRELAND,0.0003,1867128.0,97485.0,Derived Holdings 2026-04-13 SPY 2021.xlsx,False
SPY,2021-12-31,LNC.N,LINCOLN NATIONAL CORP ORD,UNITED STATES,0.000298,1988179.0,102856.0,Derived Holdings 2026-04-13 SPY 2021.xlsx,False
SPY,2021-12-31,FOXA.OQ,FOX CORP ORD,UNITED STATES,0.0002949999999999,3641870.0,190118.0,Derived Holdings 2026-04-13 SPY 2021.xlsx,False
SPY,2021-12-31,ALLE.N,ALLEGION PLC ORD,IRELAND,0.000294,1010552.0,53265.0,Derived Holdings 2026-04-13 SPY 2021.xlsx,False
SPY,2021-12-31,L.N,LOEWS CORP ORD,UNITED STATES,0.000292,2299368.0,119179.0,Derived Holdings 2026-04-13 SPY 2021.xlsx,False
SPY,2021-12-31,US96145D1054.TPRM,WESTROCK CO ORD,UNITED STATES,0.000292,2991772.0,157785.0,Derived Holdings 2026-04-13 SPY 2021.xlsx,False
SPY,2021-12-31,CTXS.O^J22,CITRIX SYSTEMS INC ORD,UNITED STATES,0.00029,1396237.0,73365.0,Derived Holdings 2026-04-13 SPY 2021.xlsx,False
SPY,2021-12-31,SNA.N,SNAP-ON INC ORD,UNITED STATES,0.000288,608180.0,32160.0,Derived Holdings 2026-04-13 SPY 2021.xlsx,False
SPY,2021-12-31,US2003401070.TRE,COMERICA INC ORD,UNITED STATES,0.000288,1507893.0,78563.0,Derived Holdings 2026-04-13 SPY 2021.xlsx,False
SPY,2021-12-31,LUMN.N,LUMEN TECHNOLOGIES INC ORD,UNITED STATES,0.000287,10393256.0,-225352.0,Derived Holdings 2026-04-13 SPY 2021.xlsx,False
SPY,2021-12-31,JNPR.MX,JUNIPER NETWORKS INC ORD,UNITED STATES,0.000287,3662306.0,191955.0,Derived Holdings 2026-04-13 SPY 2021.xlsx,False
SPY,2021-12-31,AAL.OQ,AMERICAN AIRLINES GROUP INC ORD,UNITED STATES,0.000287,7283900.0,382316.0,Derived Holdings 2026-04-13 SPY 2021.xlsx,False
SPY,2021-12-31,WRB.N,W R BERKLEY CORP ORD,UNITED STATES,0.000286,1578759.0,82410.0,Derived Holdings 2026-04-13 SPY 2021.xlsx,False
SPY,2021-12-31,REG.OQ,REGENCY CENTERS CORP ORD,UNITED STATES,0.000285,1722659.0,90866.0,Derived Holdings 2026-04-13 SPY 2021.xlsx,False
SPY,2021-12-31,AOS.N,A O SMITH CORP ORD,UNITED STATES,0.000283,1500002.0,78390.0,Derived Holdings 2026-04-13 SPY 2021.xlsx,False
SPY,2021-12-31,TPR.N,TAPESTRY INC ORD,UNITED STATES,0.000281,3151465.0,163988.0,Derived Holdings 2026-04-13 SPY 2021.xlsx,False
SPY,2021-12-31,EG,EVEREST GROUP LTD ORD,BERMUDA,0.00027,448545.0,23115.0,Derived Holdings 2026-04-13 SPY 2021.xlsx,False
SPY,2021-12-31,HSIC.OQ,HENRY SCHEIN INC ORD,UNITED STATES,0.000268,1573372.0,82410.0,Derived Holdings 2026-04-13 SPY 2021.xlsx,False
SPY,2021-12-31,BWA.N,BORGWARNER INC ORD,UNITED STATES,0.000268,2711191.0,141705.0,Derived Holdings 2026-04-13 SPY 2021.xlsx,False
SPY,2021-12-31,NI.N,NISOURCE INC ORD,UNITED STATES,0.0002659999999999,4387756.0,231566.0,Derived Holdings 2026-04-13 SPY 2021.xlsx,False
SPY,2021-12-31,NRG.N,NRG ENERGY INC ORD,UNITED STATES,0.000263,2774990.0,144720.0,Derived Holdings 2026-04-13 SPY 2021.xlsx,False
SPY,2021-12-31,APA.OQ,APA CORP (US) ORD,UNITED STATES,0.0002529999999999,4281892.0,219782.0,Derived Holdings 2026-04-13 SPY 2021.xlsx,False
SPY,2021-12-31,ZION.OQ,ZIONS BANCORPORATION NA ORD,UNITED STATES,0.0002529999999999,1824038.0,94227.0,Derived Holdings 2026-04-13 SPY 2021.xlsx,False
SPY,2021-12-31,MHK.N,MOHAWK INDUSTRIES INC ORD,UNITED STATES,0.000252,629486.0,32749.0,Derived Holdings 2026-04-13 SPY 2021.xlsx,False
SPY,2021-12-31,SEE.SG,SEALED AIR CORP ORD,UNITED STATES,0.00025,1687839.0,88024.0,Derived Holdings 2026-04-13 SPY 2021.xlsx,False
SPY,2021-12-31,UHS.N,UNIVERSAL HEALTH SERVICES INC ORD,UNITED STATES,0.000243,854209.0,44393.0,Derived Holdings 2026-04-13 SPY 2021.xlsx,False
SPY,2021-12-31,FRT.N,FEDERAL REALTY INVESTMENT TRUST ORD,UNITED STATES,0.000236,789141.0,41205.0,Derived Holdings 2026-04-13 SPY 2021.xlsx,False
SPY,2021-12-31,BEN.N,FRANKLIN RESOURCES INC ORD,UNITED STATES,0.000228,3098538.0,165825.0,Derived Holdings 2026-04-13 SPY 2021.xlsx,False
SPY,2021-12-31,LW.N,LAMB WESTON HOLDINGS INC ORD,UNITED STATES,0.000228,1634440.0,85841.0,Derived Holdings 2026-04-13 SPY 2021.xlsx,False
SPY,2021-12-31,AIZ.N,ASSURANT INC ORD,UNITED STATES,0.000227,662453.0,34759.0,Derived Holdings 2026-04-13 SPY 2021.xlsx,False
SPY,2021-12-31,WYNN.OQ,WYNN RESORTS LTD ORD,UNITED STATES,0.000223,1193580.0,62310.0,Derived Holdings 2026-04-13 SPY 2021.xlsx,False
SPY,2021-12-31,CPB.O,CAMPBELL'S CO ORD,UNITED STATES,0.0002199999999999,2301182.0,119595.0,Derived Holdings 2026-04-13 SPY 2021.xlsx,False
SPY,2021-12-31,GL.N,GLOBE LIFE INC ORD,UNITED STATES,0.000217,1054107.0,55275.0,Derived Holdings 2026-04-13 SPY 2021.xlsx,False
SPY,2021-12-31,TAP.N,MOLSON COORS BEVERAGE CO ORD,UNITED STATES,0.000217,2135406.0,111555.0,Derived Holdings 2026-04-13 SPY 2021.xlsx,False
SPY,2021-12-31,NWSA.OQ,NEWS CORP ORD,UNITED STATES,0.000217,4436391.0,231676.0,Derived Holdings 2026-04-13 SPY 2021.xlsx,False
SPY,2021-12-31,PENN.OQ,PENN ENTERTAINMENT INC ORD,UNITED STATES,0.000213,1874412.0,274601.0,Derived Holdings 2026-04-13 SPY 2021.xlsx,False
SPY,2021-12-31,NWL.OQ,NEWELL BRANDS INC ORD,UNITED STATES,0.000206,4286827.0,223526.0,Derived Holdings 2026-04-13 SPY 2021.xlsx,False
SPY,2021-12-31,DXC.N,DXC TECHNOLOGY CO ORD,UNITED STATES,0.000201,2837318.0,148740.0,Derived Holdings 2026-04-13 SPY 2021.xlsx,False
SPY,2021-12-31,DISH.O^A24,DISH NETWORK CORP ORD,UNITED STATES,0.0002,2807354.0,147146.0,Derived Holdings 2026-04-13 SPY 2021.xlsx,False
SPY,2021-12-31,PNW.N,PINNACLE WEST CAPITAL CORP ORD,UNITED STATES,0.000198,1277601.0,66330.0,Derived Holdings 2026-04-13 SPY 2021.xlsx,False
SPY,2021-12-31,IVZ.N,INVESCO LTD ORD,UNITED STATES,0.000194,3845563.0,201416.0,Derived Holdings 2026-04-13 SPY 2021.xlsx,False
SPY,2021-12-31,OGN.N,ORGANON & CO ORD,UNITED STATES,0.0001919999999999,2868899.0,149745.0,Derived Holdings 2026-04-13 SPY 2021.xlsx,False
SPY,2021-12-31,DVA.N,DAVITA INC ORD,UNITED STATES,0.000189,757470.0,38779.0,Derived Holdings 2026-04-13 SPY 2021.xlsx,False
SPY,2021-12-31,ROL.N,ROLLINS INC ORD,UNITED STATES,0.000189,2513738.0,133665.0,Derived Holdings 2026-04-13 SPY 2021.xlsx,False
SPY,2021-12-31,PVH.N,PVH CORP ORD,UNITED STATES,0.000189,806606.0,42210.0,Derived Holdings 2026-04-13 SPY 2021.xlsx,False
SPY,2021-12-31,PBCT.O^D22,PEOPLE'S UNITED FINANCIAL INC ORD,UNITED STATES,0.000189,4827831.0,252671.0,Derived Holdings 2026-04-13 SPY 2021.xlsx,False
SPY,2021-12-31,NCLH.N,NORWEGIAN CRUISE LINE HOLDINGS LTD ORD,UNITED STATES,0.000188,4128312.0,218501.0,Derived Holdings 2026-04-13 SPY 2021.xlsx,False
SPY,2021-12-31,HII.N,HUNTINGTON INGALLS INDUSTRIES INC ORD,UNITED STATES,0.000186,452358.0,24120.0,Derived Holdings 2026-04-13 SPY 2021.xlsx,False
SPY,2021-12-31,NLSN.K^J22,NIELSEN HOLDINGS PLC ORD,UNITED STATES,0.000183,4058782.0,212165.0,Derived Holdings 2026-04-13 SPY 2021.xlsx,False
SPY,2021-12-31,DISCK.O^D22,WARNER BROS DISCOVERY INC ORD,UNITED STATES,0.000166,3301146.0,179306.0,Derived Holdings 2026-04-13 SPY 2021.xlsx,False
SPY,2021-12-31,VNO.N,VORNADO REALTY TRUST ORD,UNITED STATES,0.000164,1780761.0,93881.0,Derived Holdings 2026-04-13 SPY 2021.xlsx,False
SPY,2021-12-31,ALK.N,ALASKA AIR GROUP INC ORD,UNITED STATES,0.000161,1409141.0,73933.0,Derived Holdings 2026-04-13 SPY 2021.xlsx,False
SPY,2021-12-31,IPGP.OQ,IPG PHOTONICS CORP ORD,UNITED STATES,0.000154,407342.0,21105.0,Derived Holdings 2026-04-13 SPY 2021.xlsx,False
SPY,2021-12-31,RL.N,RALPH LAUREN CORP ORD,UNITED STATES,0.000143,547293.0,29145.0,Derived Holdings 2026-04-13 SPY 2021.xlsx,False
SPY,2021-12-31,FOX.OQ,FOX CORP ORD,UNITED STATES,0.000126,1669958.0,87019.0,Derived Holdings 2026-04-13 SPY 2021.xlsx,False
SPY,2021-12-31,UAA.N,UNDER ARMOUR INC ORD,UNITED STATES,0.0001,2143610.0,111555.0,Derived Holdings 2026-04-13 SPY 2021.xlsx,False
SPY,2021-12-31,nan,WARNER BROS DISCOVERY INC ORD,UNITED STATES,9.5e-05,1841387.0,99911.0,Derived Holdings 2026-04-13 SPY 2021.xlsx,False
SPY,2021-12-31,GAP,GAP INC ORD,UNITED STATES,9.1e-05,2338804.0,126630.0,Derived Holdings 2026-04-13 SPY 2021.xlsx,False
SPY,2021-12-31,UA.N,UNDER ARMOUR INC ORD,UNITED STATES,8.9e-05,2234124.0,124690.0,Derived Holdings 2026-04-13 SPY 2021.xlsx,False
SPY,2021-12-31,NWS.OQ,NEWS CORP ORD,UNITED STATES,6.9e-05,1390763.0,71771.0,Derived Holdings 2026-04-13 SPY 2021.xlsx,False
SPY,2021-12-31,VNT.N,VONTIER CORP ORD,UNITED STATES,0.0,1.0,0.0,Derived Holdings 2026-04-13 SPY 2021.xlsx,False
SPY,2021-12-31,nan,OTHER ASSETS LESS LIABILITIES,nan,-0.002878,,,Derived Holdings 2026-04-13 SPY 2021.xlsx,False
SPY,2022-12-31,AAPL.OQ,APPLE INC ORD,UNITED STATES,0.06045,165945251.0,-3492579.0,Derived Holdings 2026-04-13 SPY 2022.xlsx,False
SPY,2022-12-31,MSFT.OQ,MICROSOFT CORP ORD,UNITED STATES,0.055622,82724654.0,-924420.0,Derived Holdings 2026-04-13 SPY 2022.xlsx,False
SPY,2022-12-31,AMZN.OQ,AMAZON.COM INC ORD,UNITED STATES,0.0231959999999999,98493660.0,-939201.0,Derived Holdings 2026-04-13 SPY 2022.xlsx,False
SPY,2022-12-31,BRKb.N,BERKSHIRE HATHAWAY INC ORD,UNITED STATES,0.017316,19994300.0,-248875.0,Derived Holdings 2026-04-13 SPY 2022.xlsx,False
SPY,2022-12-31,GOOGL.OQ,ALPHABET INC CLASS A ORD,UNITED STATES,0.016396,66284400.0,-982854.0,Derived Holdings 2026-04-13 SPY 2022.xlsx,False
SPY,2022-12-31,UNH.N,UNITEDHEALTH GROUP INC ORD,UNITED STATES,0.0154119999999999,10368754.0,-124980.0,Derived Holdings 2026-04-13 SPY 2022.xlsx,False
SPY,2022-12-31,GOOG.OQ,ALPHABET INC CLASS C ORD,UNITED STATES,0.014617,58758202.0,-1393991.0,Derived Holdings 2026-04-13 SPY 2022.xlsx,False
SPY,2022-12-31,JNJ.N,JOHNSON & JOHNSON ORD,UNITED STATES,0.0143849999999999,29045685.0,-449788.0,Derived Holdings 2026-04-13 SPY 2022.xlsx,False
SPY,2022-12-31,XOM.N,EXXON MOBIL CORP ORD,UNITED STATES,0.014133,45701903.0,-1053527.0,Derived Holdings 2026-04-13 SPY 2022.xlsx,False
SPY,2022-12-31,JPM.N,JPMORGAN CHASE & CO ORD,UNITED STATES,0.012238,32550833.0,-348441.0,Derived Holdings 2026-04-13 SPY 2022.xlsx,False
SPY,2022-12-31,NVDA.OQ,NVIDIA CORP ORD,UNITED STATES,0.011334,27662950.0,-428402.0,Derived Holdings 2026-04-13 SPY 2022.xlsx,False
SPY,2022-12-31,PG.N,PROCTER & GAMBLE CO ORD,UNITED STATES,0.011174,26297376.0,-504402.0,Derived Holdings 2026-04-13 SPY 2022.xlsx,False
SPY,2022-12-31,V.N,VISA INC ORD,UNITED STATES,0.010569,18144279.0,-197889.0,Derived Holdings 2026-04-13 SPY 2022.xlsx,False
SPY,2022-12-31,TSLA.OQ,TESLA INC ORD,UNITED STATES,0.010287,29786263.0,-94445.0,Derived Holdings 2026-04-13 SPY 2022.xlsx,False
SPY,2022-12-31,HD.N,HOME DEPOT INC ORD,UNITED STATES,0.010055,11354190.0,-176001.0,Derived Holdings 2026-04-13 SPY 2022.xlsx,False
SPY,2022-12-31,CVX.N,CHEVRON CORP ORD,UNITED STATES,0.009934,19741458.0,-461867.0,Derived Holdings 2026-04-13 SPY 2022.xlsx,False
SPY,2022-12-31,MA.N,MASTERCARD INC ORD,UNITED STATES,0.009189,9425535.0,-145997.0,Derived Holdings 2026-04-13 SPY 2022.xlsx,False
SPY,2022-12-31,LLY.N,ELI LILLY AND CO ORD,UNITED STATES,0.008977,8751972.0,-95537.0,Derived Holdings 2026-04-13 SPY 2022.xlsx,False
SPY,2022-12-31,PFE.N,PFIZER INC ORD,UNITED STATES,0.008949,62292856.0,-669032.0,Derived Holdings 2026-04-13 SPY 2022.xlsx,False
SPY,2022-12-31,ABBV.N,ABBVIE INC ORD,UNITED STATES,0.008892,19625444.0,-209820.0,Derived Holdings 2026-04-13 SPY 2022.xlsx,False
SPY,2022-12-31,MRK.N,MERCK & CO INC ORD,UNITED STATES,0.008752,28136031.0,-283485.0,Derived Holdings 2026-04-13 SPY 2022.xlsx,False
SPY,2022-12-31,META.OQ,META PLATFORMS INC ORD,UNITED STATES,0.008419,24954261.0,-631558.0,Derived Holdings 2026-04-13 SPY 2022.xlsx,False
SPY,2022-12-31,PEP.OQ,PEPSICO INC ORD,UNITED STATES,0.007744,15288823.0,-190376.0,Derived Holdings 2026-04-13 SPY 2022.xlsx,False
SPY,2022-12-31,KO.N,COCA-COLA CO ORD,UNITED STATES,0.007703,43191474.0,-486104.0,Derived Holdings 2026-04-13 SPY 2022.xlsx,False
SPY,2022-12-31,BAC.N,BANK OF AMERICA CORP ORD,UNITED STATES,0.007192,77453970.0,-970168.0,Derived Holdings 2026-04-13 SPY 2022.xlsx,False
SPY,2022-12-31,AVGO.OQ,BROADCOM INC ORD,UNITED STATES,0.007046,4494546.0,-34845.0,Derived Holdings 2026-04-13 SPY 2022.xlsx,False
SPY,2022-12-31,TMO.N,THERMO FISHER SCIENTIFIC INC ORD,UNITED STATES,0.00672,4352393.0,-42885.0,Derived Holdings 2026-04-13 SPY 2022.xlsx,False
SPY,2022-12-31,COST.OQ,COSTCO WHOLESALE CORP ORD,UNITED STATES,0.006287,4911857.0,-57255.0,Derived Holdings 2026-04-13 SPY 2022.xlsx,False
SPY,2022-12-31,WMT.O,WALMART INC ORD,UNITED STATES,0.006226,15662769.0,-327920.0,Derived Holdings 2026-04-13 SPY 2022.xlsx,False
SPY,2022-12-31,CSCO.OQ,CISCO SYSTEMS INC ORD,UNITED STATES,0.006086,45565356.0,-880499.0,Derived Holdings 2026-04-13 SPY 2022.xlsx,False
SPY,2022-12-31,MCD.N,MCDONALD'S CORP ORD,UNITED STATES,0.006004,8125900.0,-126004.0,Derived Holdings 2026-04-13 SPY 2022.xlsx,False
SPY,2022-12-31,ABT.N,ABBOTT LABORATORIES ORD,UNITED STATES,0.005954,19342112.0,-299907.0,Derived Holdings 2026-04-13 SPY 2022.xlsx,False
SPY,2022-12-31,DHR.N,DANAHER CORP ORD,UNITED STATES,0.00541,7270536.0,-72706.0,Derived Holdings 2026-04-13 SPY 2022.xlsx,False
SPY,2022-12-31,ACN.N,ACCENTURE PLC ORD,IRELAND,0.0052239999999999,6983316.0,-108375.0,Derived Holdings 2026-04-13 SPY 2022.xlsx,False
SPY,2022-12-31,NEE.N,NEXTERA ENERGY INC ORD,UNITED STATES,0.005169,22052346.0,14938.0,Derived Holdings 2026-04-13 SPY 2022.xlsx,False
SPY,2022-12-31,VZ.N,VERIZON COMMUNICATIONS INC ORD,UNITED STATES,0.005148,46606745.0,-498091.0,Derived Holdings 2026-04-13 SPY 2022.xlsx,False
SPY,2022-12-31,nan,LINDE PLC ORD,UNITED KINGDOM,0.005017,5486352.0,-110118.0,Derived Holdings 2026-04-13 SPY 2022.xlsx,False
SPY,2022-12-31,DIS.N,WALT DISNEY CO ORD,UNITED STATES,0.004928,20230988.0,-221005.0,Derived Holdings 2026-04-13 SPY 2022.xlsx,False
SPY,2022-12-31,WFC.N,WELLS FARGO & CO ORD,UNITED STATES,0.004895,42286350.0,-257231.0,Derived Holdings 2026-04-13 SPY 2022.xlsx,False
SPY,2022-12-31,ADBE.OQ,ADOBE INC ORD,UNITED STATES,0.004883,5175444.0,-80053.0,Derived Holdings 2026-04-13 SPY 2022.xlsx,False
SPY,2022-12-31,PM.N,PHILIP MORRIS INTERNATIONAL INC ORD,UNITED STATES,0.004882,17203210.0,-205202.0,Derived Holdings 2026-04-13 SPY 2022.xlsx,False
SPY,2022-12-31,BMY.N,BRISTOL-MYERS SQUIBB CO ORD,UNITED STATES,0.004757,23583982.0,-365585.0,Derived Holdings 2026-04-13 SPY 2022.xlsx,False
SPY,2022-12-31,CMCSA.OQ,COMCAST CORP ORD,UNITED STATES,0.004694,47873490.0,-1581948.0,Derived Holdings 2026-04-13 SPY 2022.xlsx,False
SPY,2022-12-31,TXN.OQ,TEXAS INSTRUMENTS INC ORD,UNITED STATES,0.004681,10105175.0,-156112.0,Derived Holdings 2026-04-13 SPY 2022.xlsx,False
SPY,2022-12-31,RTX.N,RTX CORP ORD,UNITED STATES,0.00462,16328883.0,-252875.0,Derived Holdings 2026-04-13 SPY 2022.xlsx,False
SPY,2022-12-31,NKE.N,NIKE INC ORD,UNITED STATES,0.0045839999999999,13973686.0,-216698.0,Derived Holdings 2026-04-13 SPY 2022.xlsx,False
SPY,2022-12-31,COP.N,CONOCOPHILLIPS ORD,UNITED STATES,0.004575,13828144.0,-450525.0,Derived Holdings 2026-04-13 SPY 2022.xlsx,False
SPY,2022-12-31,HON.OQ,HONEYWELL INTERNATIONAL INC ORD,UNITED STATES,0.004476,7450004.0,-115548.0,Derived Holdings 2026-04-13 SPY 2022.xlsx,False
SPY,2022-12-31,AMGN.OQ,AMGEN INC ORD,UNITED STATES,0.004356,5915651.0,-91850.0,Derived Holdings 2026-04-13 SPY 2022.xlsx,False
SPY,2022-12-31,CRM.N,SALESFORCE INC ORD,UNITED STATES,0.004125,11097341.0,-62695.0,Derived Holdings 2026-04-13 SPY 2022.xlsx,False
SPY,2022-12-31,nan,USD CASH,UNITED STATES,0.004085,1456900125.0,479293371.0,Derived Holdings 2026-04-13 SPY 2022.xlsx,False
SPY,2022-12-31,NFLX.OQ,NETFLIX INC ORD,UNITED STATES,0.004083,4938504.0,-55333.0,Derived Holdings 2026-04-13 SPY 2022.xlsx,False
SPY,2022-12-31,T.N,AT&T INC ORD,UNITED STATES,0.004082,79090612.0,-853313.0,Derived Holdings 2026-04-13 SPY 2022.xlsx,False
SPY,2022-12-31,IBM.N,INTERNATIONAL BUSINESS MACHINES CORP ORD,UNITED STATES,0.0039629999999999,10033415.0,-109426.0,Derived Holdings 2026-04-13 SPY 2022.xlsx,False
SPY,2022-12-31,UNP.N,UNION PACIFIC CORP ORD,UNITED STATES,0.003961,6822621.0,-187282.0,Derived Holdings 2026-04-13 SPY 2022.xlsx,False
SPY,2022-12-31,SCHW.N,CHARLES SCHWAB CORP ORD,UNITED STATES,0.003942,16885123.0,-262256.0,Derived Holdings 2026-04-13 SPY 2022.xlsx,False
SPY,2022-12-31,UPS.N,UNITED PARCEL SERVICE INC ORD,UNITED STATES,0.00394,8083114.0,-125426.0,Derived Holdings 2026-04-13 SPY 2022.xlsx,False
SPY,2022-12-31,ORCL.N,ORACLE CORP ORD,UNITED STATES,0.003908,17054739.0,-4494.0,Derived Holdings 2026-04-13 SPY 2022.xlsx,False
SPY,2022-12-31,CAT.N,CATERPILLAR INC ORD,UNITED STATES,0.003879,5775067.0,-153646.0,Derived Holdings 2026-04-13 SPY 2022.xlsx,False
SPY,2022-12-31,LOW.N,LOWE'S COMPANIES INC ORD,UNITED STATES,0.003848,6888232.0,-289661.0,Derived Holdings 2026-04-13 SPY 2022.xlsx,False
SPY,2022-12-31,QCOM.OQ,QUALCOMM INC ORD,UNITED STATES,0.003828,12418901.0,-192659.0,Derived Holdings 2026-04-13 SPY 2022.xlsx,False
SPY,2022-12-31,ELV.N,ELEVANCE HEALTH INC ORD,UNITED STATES,0.0038179999999999,2654695.0,-41038.0,Derived Holdings 2026-04-13 SPY 2022.xlsx,False
SPY,2022-12-31,CVS.N,CVS HEALTH CORP ORD,UNITED STATES,0.00381,14581488.0,-161990.0,Derived Holdings 2026-04-13 SPY 2022.xlsx,False
SPY,2022-12-31,DE.N,DEERE & CO ORD,UNITED STATES,0.003664,3048100.0,-72311.0,Derived Holdings 2026-04-13 SPY 2022.xlsx,False
SPY,2022-12-31,GS.N,GOLDMAN SACHS GROUP INC ORD,UNITED STATES,0.003633,3773286.0,-58378.0,Derived Holdings 2026-04-13 SPY 2022.xlsx,False
SPY,2022-12-31,SBUX.OQ,STARBUCKS CORP ORD,UNITED STATES,0.003543,12738660.0,-106831.0,Derived Holdings 2026-04-13 SPY 2022.xlsx,False
SPY,2022-12-31,LMT.N,LOCKHEED MARTIN CORP ORD,UNITED STATES,0.0035299999999999,2588401.0,-58423.0,Derived Holdings 2026-04-13 SPY 2022.xlsx,False
SPY,2022-12-31,MS.N,MORGAN STANLEY ORD,UNITED STATES,0.003487,14629587.0,-408796.0,Derived Holdings 2026-04-13 SPY 2022.xlsx,False
SPY,2022-12-31,SPGI.N,S&P GLOBAL INC ORD,UNITED STATES,0.0034699999999999,3695402.0,-130830.0,Derived Holdings 2026-04-13 SPY 2022.xlsx,False
SPY,2022-12-31,INTU.OQ,INTUIT INC ORD,UNITED STATES,0.003413,3127970.0,-33900.0,Derived Holdings 2026-04-13 SPY 2022.xlsx,False
SPY,2022-12-31,INTC.OQ,INTEL CORP ORD,UNITED STATES,0.003394,45798633.0,-312488.0,Derived Holdings 2026-04-13 SPY 2022.xlsx,False
SPY,2022-12-31,GILD.OQ,GILEAD SCIENCES INC ORD,UNITED STATES,0.00335,13918856.0,-156238.0,Derived Holdings 2026-04-13 SPY 2022.xlsx,False
SPY,2022-12-31,BA.N,BOEING CO ORD,UNITED STATES,0.00332,6217073.0,-51733.0,Derived Holdings 2026-04-13 SPY 2022.xlsx,False
SPY,2022-12-31,BLK.N,BLACKROCK INC ORD,UNITED STATES,0.003312,1667181.0,-25721.0,Derived Holdings 2026-04-13 SPY 2022.xlsx,False
SPY,2022-12-31,AMD.OQ,ADVANCED MICRO DEVICES INC ORD,UNITED STATES,0.003244,17863113.0,-277047.0,Derived Holdings 2026-04-13 SPY 2022.xlsx,False
SPY,2022-12-31,PLD.N,PROLOGIS INC ORD,UNITED STATES,0.0032379999999999,10243701.0,-66657.0,Derived Holdings 2026-04-13 SPY 2022.xlsx,False
SPY,2022-12-31,MDT.N,MEDTRONIC PLC ORD,IRELAND,0.003214,14750016.0,-171891.0,Derived Holdings 2026-04-13 SPY 2022.xlsx,False
SPY,2022-12-31,CI.N,CIGNA GROUP ORD,UNITED STATES,0.003152,3392899.0,-33846.0,Derived Holdings 2026-04-13 SPY 2022.xlsx,False
SPY,2022-12-31,ADP.OQ,AUTOMATIC DATA PROCESSING INC ORD,UNITED STATES,0.0030759999999999,4593910.0,-71331.0,Derived Holdings 2026-04-13 SPY 2022.xlsx,False
SPY,2022-12-31,AMT.N,AMERICAN TOWER CORP ORD,UNITED STATES,0.003069,5166996.0,-61801.0,Derived Holdings 2026-04-13 SPY 2022.xlsx,False
SPY,2022-12-31,ISRG.OQ,INTUITIVE SURGICAL INC ORD,UNITED STATES,0.0029349999999999,3945350.0,-60794.0,Derived Holdings 2026-04-13 SPY 2022.xlsx,False
SPY,2022-12-31,TJX.N,TJX COMPANIES INC ORD,UNITED STATES,0.0028899999999999,12948387.0,-199855.0,Derived Holdings 2026-04-13 SPY 2022.xlsx,False
SPY,2022-12-31,CB.N,CHUBB LIMITED ORD,SWITZERLAND,0.002857,4618765.0,-71383.0,Derived Holdings 2026-04-13 SPY 2022.xlsx,False
SPY,2022-12-31,GE.N,GENERAL ELECTRIC CO ORD,UNITED STATES,0.0028399999999999,12087900.0,-187850.0,Derived Holdings 2026-04-13 SPY 2022.xlsx,False
SPY,2022-12-31,MDLZ.OQ,MONDELEZ INTERNATIONAL INC ORD,UNITED STATES,0.002832,15157285.0,-234905.0,Derived Holdings 2026-04-13 SPY 2022.xlsx,False
SPY,2022-12-31,AXP.N,AMERICAN EXPRESS CO ORD,UNITED STATES,0.002748,6633159.0,-102832.0,Derived Holdings 2026-04-13 SPY 2022.xlsx,False
SPY,2022-12-31,C.N,CITIGROUP INC ORD,UNITED STATES,0.002726,21493736.0,-245757.0,Derived Holdings 2026-04-13 SPY 2022.xlsx,False
SPY,2022-12-31,ADI.OQ,ANALOG DEVICES INC ORD,UNITED STATES,0.002644,5750220.0,-88538.0,Derived Holdings 2026-04-13 SPY 2022.xlsx,False
SPY,2022-12-31,TMUS.OQ,T-MOBILE US INC ORD,UNITED STATES,0.002613,6657580.0,-102699.0,Derived Holdings 2026-04-13 SPY 2022.xlsx,False
SPY,2022-12-31,AMAT.OQ,APPLIED MATERIALS INC ORD,UNITED STATES,0.002607,9547144.0,-222111.0,Derived Holdings 2026-04-13 SPY 2022.xlsx,False
SPY,2022-12-31,MRSH.K,MARSH & MCLENNAN COMPANIES INC ORD,UNITED STATES,0.00256,5517945.0,-85307.0,Derived Holdings 2026-04-13 SPY 2022.xlsx,False
SPY,2022-12-31,SYK.N,STRYKER CORP ORD,UNITED STATES,0.002552,3723126.0,-57800.0,Derived Holdings 2026-04-13 SPY 2022.xlsx,False
SPY,2022-12-31,MO.N,ALTRIA GROUP INC ORD,UNITED STATES,0.002552,19916079.0,-308126.0,Derived Holdings 2026-04-13 SPY 2022.xlsx,False
SPY,2022-12-31,PYPL.OQ,PAYPAL HOLDINGS INC ORD,UNITED STATES,0.002526,12651347.0,-322606.0,Derived Holdings 2026-04-13 SPY 2022.xlsx,False
SPY,2022-12-31,DUK.N,DUKE ENERGY CORP ORD,UNITED STATES,0.0024679999999999,8545717.0,-74258.0,Derived Holdings 2026-04-13 SPY 2022.xlsx,False
SPY,2022-12-31,NOC.N,NORTHROP GRUMMAN CORP ORD,UNITED STATES,0.002458,1606561.0,-24854.0,Derived Holdings 2026-04-13 SPY 2022.xlsx,False
SPY,2022-12-31,BKNG.OQ,BOOKING HOLDINGS INC ORD,UNITED STATES,0.002432,430463.0,-14799.0,Derived Holdings 2026-04-13 SPY 2022.xlsx,False
SPY,2022-12-31,NOW.N,SERVICENOW INC ORD,UNITED STATES,0.002432,2234096.0,-34680.0,Derived Holdings 2026-04-13 SPY 2022.xlsx,False
SPY,2022-12-31,SO.N,SOUTHERN CO ORD,UNITED STATES,0.002419,12081329.0,143364.0,Derived Holdings 2026-04-13 SPY 2022.xlsx,False
SPY,2022-12-31,REGN.OQ,REGENERON PHARMACEUTICALS INC ORD,UNITED STATES,0.002397,1184772.0,-18496.0,Derived Holdings 2026-04-13 SPY 2022.xlsx,False
SPY,2022-12-31,EOG.N,EOG RESOURCES INC ORD,UNITED STATES,0.0023669999999999,6518367.0,-62894.0,Derived Holdings 2026-04-13 SPY 2022.xlsx,False
SPY,2022-12-31,PGR.N,PROGRESSIVE CORP ORD,UNITED STATES,0.002361,6492771.0,-55220.0,Derived Holdings 2026-04-13 SPY 2022.xlsx,False
SPY,2022-12-31,SLB.N,SLB NV ORD,UNITED STATES,0.002359,15735982.0,-90804.0,Derived Holdings 2026-04-13 SPY 2022.xlsx,False
SPY,2022-12-31,VRTX.OQ,VERTEX PHARMACEUTICALS INC ORD,UNITED STATES,0.002306,2848566.0,-31565.0,Derived Holdings 2026-04-13 SPY 2022.xlsx,False
SPY,2022-12-31,BDX.N,BECTON DICKINSON AND CO ORD,UNITED STATES,0.0022489999999999,3153761.0,-49078.0,Derived Holdings 2026-04-13 SPY 2022.xlsx,False
SPY,2022-12-31,TGT.N,TARGET CORP ORD,UNITED STATES,0.002143,5128402.0,-79238.0,Derived Holdings 2026-04-13 SPY 2022.xlsx,False
SPY,2022-12-31,APD.N,AIR PRODUCTS AND CHEMICALS INC ORD,UNITED STATES,0.002127,2461365.0,-21396.0,Derived Holdings 2026-04-13 SPY 2022.xlsx,False
SPY,2022-12-31,ZTS.N,ZOETIS INC ORD,UNITED STATES,0.002125,5171665.0,-80053.0,Derived Holdings 2026-04-13 SPY 2022.xlsx,False
SPY,2022-12-31,BSX.N,BOSTON SCIENTIFIC CORP ORD,UNITED STATES,0.002062,15894900.0,-112520.0,Derived Holdings 2026-04-13 SPY 2022.xlsx,False
SPY,2022-12-31,MMM.N,3M CO ORD,UNITED STATES,0.002062,6133953.0,-63629.0,Derived Holdings 2026-04-13 SPY 2022.xlsx,False
SPY,2022-12-31,CL.N,COLGATE-PALMOLIVE CO ORD,UNITED STATES,0.002041,9239456.0,-143477.0,Derived Holdings 2026-04-13 SPY 2022.xlsx,False
SPY,2022-12-31,CSX.OQ,CSX CORP ORD,UNITED STATES,0.002026,23331114.0,-715075.0,Derived Holdings 2026-04-13 SPY 2022.xlsx,False
SPY,2022-12-31,HUM.N,HUMANA INC ORD,UNITED STATES,0.002018,1405019.0,-11175.0,Derived Holdings 2026-04-13 SPY 2022.xlsx,False
SPY,2022-12-31,FISV.O,FISERV INC ORD,UNITED STATES,0.002004,7073470.0,-109294.0,Derived Holdings 2026-04-13 SPY 2022.xlsx,False
SPY,2022-12-31,PNC.N,PNC FINANCIAL SERVICES GROUP INC ORD,UNITED STATES,0.001982,4475753.0,-128016.0,Derived Holdings 2026-04-13 SPY 2022.xlsx,False
SPY,2022-12-31,ETN.N,EATON CORPORATION PLC ORD,IRELAND,0.001938,4404566.0,-68441.0,Derived Holdings 2026-04-13 SPY 2022.xlsx,False
SPY,2022-12-31,AON.N,AON PLC ORD,IRELAND,0.001932,2295551.0,-70851.0,Derived Holdings 2026-04-13 SPY 2022.xlsx,False
SPY,2022-12-31,ITW.N,ILLINOIS TOOL WORKS INC ORD,UNITED STATES,0.001924,3115545.0,-48026.0,Derived Holdings 2026-04-13 SPY 2022.xlsx,False
SPY,2022-12-31,EQIX.OQ,EQUINIX INC ORD,UNITED STATES,0.0018859999999999,1026892.0,7757.0,Derived Holdings 2026-04-13 SPY 2022.xlsx,False
SPY,2022-12-31,CME.OQ,CME GROUP INC ORD,UNITED STATES,0.001882,3991977.0,-21994.0,Derived Holdings 2026-04-13 SPY 2022.xlsx,False
SPY,2022-12-31,MRNA.OQ,MODERNA INC ORD,UNITED STATES,0.0018459999999999,3666416.0,-111537.0,Derived Holdings 2026-04-13 SPY 2022.xlsx,False
SPY,2022-12-31,WM.N,WASTE MANAGEMENT INC ORD,UNITED STATES,0.00183,4160006.0,-64210.0,Derived Holdings 2026-04-13 SPY 2022.xlsx,False
SPY,2022-12-31,USB.N,US BANCORP ORD,UNITED STATES,0.001828,14951975.0,-232437.0,Derived Holdings 2026-04-13 SPY 2022.xlsx,False
SPY,2022-12-31,CCI.N,CROWN CASTLE INC ORD,UNITED STATES,0.001827,4805568.0,-43210.0,Derived Holdings 2026-04-13 SPY 2022.xlsx,False
SPY,2022-12-31,LRCX.OQ,LAM RESEARCH CORP ORD,UNITED STATES,0.001785,1514672.0,-23409.0,Derived Holdings 2026-04-13 SPY 2022.xlsx,False
SPY,2022-12-31,EL.N,ESTEE LAUDER COMPANIES INC ORD,UNITED STATES,0.001778,2555337.0,-39830.0,Derived Holdings 2026-04-13 SPY 2022.xlsx,False
SPY,2022-12-31,TFC.N,TRUIST FINANCIAL CORP ORD,UNITED STATES,0.001776,14723471.0,-127027.0,Derived Holdings 2026-04-13 SPY 2022.xlsx,False
SPY,2022-12-31,NSC.N,NORFOLK SOUTHERN CORP ORD,UNITED STATES,0.0017749999999999,2569094.0,-68434.0,Derived Holdings 2026-04-13 SPY 2022.xlsx,False
SPY,2022-12-31,ICE.N,INTERCONTINENTAL EXCHANGE INC ORD,UNITED STATES,0.001774,6169284.0,-95896.0,Derived Holdings 2026-04-13 SPY 2022.xlsx,False
SPY,2022-12-31,EMR.N,EMERSON ELECTRIC CO ORD,UNITED STATES,0.001763,6547821.0,-101624.0,Derived Holdings 2026-04-13 SPY 2022.xlsx,False
SPY,2022-12-31,SHW.N,SHERWIN-WILLIAMS CO ORD,UNITED STATES,0.001736,2608505.0,-40460.0,Derived Holdings 2026-04-13 SPY 2022.xlsx,False
SPY,2022-12-31,DG.N,DOLLAR GENERAL CORP ORD,UNITED STATES,0.001731,2507255.0,-38778.0,Derived Holdings 2026-04-13 SPY 2022.xlsx,False
SPY,2022-12-31,GD.N,GENERAL DYNAMICS CORP ORD,UNITED STATES,0.0017299999999999,2486558.0,-38674.0,Derived Holdings 2026-04-13 SPY 2022.xlsx,False
SPY,2022-12-31,MPC.N,MARATHON PETROLEUM CORP ORD,UNITED STATES,0.001697,5200820.0,-398963.0,Derived Holdings 2026-04-13 SPY 2022.xlsx,False
SPY,2022-12-31,MU.OQ,MICRON TECHNOLOGY INC ORD,UNITED STATES,0.001691,12064647.0,-325647.0,Derived Holdings 2026-04-13 SPY 2022.xlsx,False
SPY,2022-12-31,ATVIn.BCU,ACTIVISION BLIZZARD INC ORD,UNITED STATES,0.00169,7872534.0,-122432.0,Derived Holdings 2026-04-13 SPY 2022.xlsx,False
SPY,2022-12-31,PNKf.TPRM,PIONEER NATURAL RESOURCES CO ORD,UNITED STATES,0.00169,2639147.0,-40749.0,Derived Holdings 2026-04-13 SPY 2022.xlsx,False
SPY,2022-12-31,FCX.N,FREEPORT-MCMORAN INC ORD,UNITED STATES,0.001685,15813770.0,-245731.0,Derived Holdings 2026-04-13 SPY 2022.xlsx,False
SPY,2022-12-31,MCK.N,MCKESSON CORP ORD,UNITED STATES,0.0016719999999999,1590031.0,-24328.0,Derived Holdings 2026-04-13 SPY 2022.xlsx,False
SPY,2022-12-31,KLAC.OQ,KLA CORP ORD,UNITED STATES,0.001658,1568182.0,-24276.0,Derived Holdings 2026-04-13 SPY 2022.xlsx,False
SPY,2022-12-31,ORLY.OQ,O'REILLY AUTOMOTIVE INC ORD,UNITED STATES,0.001643,694495.0,-21645.0,Derived Holdings 2026-04-13 SPY 2022.xlsx,False
SPY,2022-12-31,HCA.N,HCA HEALTHCARE INC ORD,UNITED STATES,0.001602,2381422.0,-36518.0,Derived Holdings 2026-04-13 SPY 2022.xlsx,False
SPY,2022-12-31,ADM.N,ARCHER-DANIELS-MIDLAND CO ORD,UNITED STATES,0.001587,6096126.0,-202863.0,Derived Holdings 2026-04-13 SPY 2022.xlsx,False
SPY,2022-12-31,D.N,DOMINION ENERGY INC ORD,UNITED STATES,0.001583,9206298.0,-143188.0,Derived Holdings 2026-04-13 SPY 2022.xlsx,False
SPY,2022-12-31,GIS.N,GENERAL MILLS INC ORD,UNITED STATES,0.001549,6589322.0,-102017.0,Derived Holdings 2026-04-13 SPY 2022.xlsx,False
SPY,2022-12-31,PSX.N,PHILLIPS 66 ORD,UNITED STATES,0.001548,5305265.0,-81417.0,Derived Holdings 2026-04-13 SPY 2022.xlsx,False
SPY,2022-12-31,VLO.N,VALERO ENERGY CORP ORD,UNITED STATES,0.001522,4278322.0,-146089.0,Derived Holdings 2026-04-13 SPY 2022.xlsx,False
SPY,2022-12-31,AEP.OQ,AMERICAN ELECTRIC POWER COMPANY INC ORD,UNITED STATES,0.0015179999999999,5702488.0,-47730.0,Derived Holdings 2026-04-13 SPY 2022.xlsx,False
SPY,2022-12-31,SRE.N,SEMPRA ORD,UNITED STATES,0.001511,3488308.0,-30491.0,Derived Holdings 2026-04-13 SPY 2022.xlsx,False
SPY,2022-12-31,SNPS.OQ,SYNOPSYS INC ORD,UNITED STATES,0.001511,1687589.0,-26299.0,Derived Holdings 2026-04-13 SPY 2022.xlsx,False
SPY,2022-12-31,MET.N,METLIFE INC ORD,UNITED STATES,0.001504,7410698.0,-113548.0,Derived Holdings 2026-04-13 SPY 2022.xlsx,False
SPY,2022-12-31,GM.N,GENERAL MOTORS CO ORD,UNITED STATES,0.001487,15766006.0,-558693.0,Derived Holdings 2026-04-13 SPY 2022.xlsx,False
SPY,2022-12-31,AIG.N,AMERICAN INTERNATIONAL GROUP INC ORD,UNITED STATES,0.001462,8245113.0,-294206.0,Derived Holdings 2026-04-13 SPY 2022.xlsx,False
SPY,2022-12-31,AZO.N,AUTOZONE INC ORD,UNITED STATES,0.001457,210683.0,-7831.0,Derived Holdings 2026-04-13 SPY 2022.xlsx,False
SPY,2022-12-31,CNC.N,CENTENE CORP ORD,UNITED STATES,0.001454,6321806.0,-97497.0,Derived Holdings 2026-04-13 SPY 2022.xlsx,False
SPY,2022-12-31,EW.N,EDWARDS LIFESCIENCES CORP ORD,UNITED STATES,0.001436,6864750.0,-106300.0,Derived Holdings 2026-04-13 SPY 2022.xlsx,False
SPY,2022-12-31,ROP.O,ROPER TECHNOLOGIES INC ORD,UNITED STATES,0.001426,1176901.0,-9007.0,Derived Holdings 2026-04-13 SPY 2022.xlsx,False
SPY,2022-12-31,OXY.N,OCCIDENTAL PETROLEUM CORP ORD,UNITED STATES,0.0014249999999999,8069159.0,-299205.0,Derived Holdings 2026-04-13 SPY 2022.xlsx,False
SPY,2022-12-31,F.N,FORD MOTOR CO ORD,UNITED STATES,0.001424,43673643.0,-678630.0,Derived Holdings 2026-04-13 SPY 2022.xlsx,False
SPY,2022-12-31,KMB.O,KIMBERLY-CLARK CORP ORD,UNITED STATES,0.001421,3733494.0,-58037.0,Derived Holdings 2026-04-13 SPY 2022.xlsx,False
SPY,2022-12-31,APH.N,AMPHENOL CORP ORD,UNITED STATES,0.0014099999999999,6603947.0,-51202.0,Derived Holdings 2026-04-13 SPY 2022.xlsx,False
SPY,2022-12-31,A.N,AGILENT TECHNOLOGIES INC ORD,UNITED STATES,0.001384,3299419.0,-50916.0,Derived Holdings 2026-04-13 SPY 2022.xlsx,False
SPY,2022-12-31,TRV.N,TRAVELERS COMPANIES INC ORD,UNITED STATES,0.00138,2625489.0,-40275.0,Derived Holdings 2026-04-13 SPY 2022.xlsx,False
SPY,2022-12-31,DXCM.OQ,DEXCOM INC ORD,UNITED STATES,0.001374,4328450.0,-66626.0,Derived Holdings 2026-04-13 SPY 2022.xlsx,False
SPY,2022-12-31,PSA.N,PUBLIC STORAGE ORD,UNITED STATES,0.001373,1747439.0,-27166.0,Derived Holdings 2026-04-13 SPY 2022.xlsx,False
SPY,2022-12-31,JCI.N,JOHNSON CONTROLS INTERNATIONAL PLC ORD,IRELAND,0.001367,7616970.0,-118386.0,Derived Holdings 2026-04-13 SPY 2022.xlsx,False
SPY,2022-12-31,CDNS.OQ,CADENCE DESIGN SYSTEMS INC ORD,UNITED STATES,0.001365,3030772.0,-47055.0,Derived Holdings 2026-04-13 SPY 2022.xlsx,False
SPY,2022-12-31,MCO.N,MOODY'S CORP ORD,UNITED STATES,0.001363,1744759.0,-27166.0,Derived Holdings 2026-04-13 SPY 2022.xlsx,False
SPY,2022-12-31,MSI.N,MOTOROLA SOLUTIONS INC ORD,UNITED STATES,0.001332,1843562.0,-28611.0,Derived Holdings 2026-04-13 SPY 2022.xlsx,False
SPY,2022-12-31,EXC.OQ,EXELON CORP ORD,UNITED STATES,0.0013289999999999,10966467.0,-170643.0,Derived Holdings 2026-04-13 SPY 2022.xlsx,False
SPY,2022-12-31,CTVA.N,CORTEVA INC ORD,UNITED STATES,0.001308,7939123.0,-122877.0,Derived Holdings 2026-04-13 SPY 2022.xlsx,False
SPY,2022-12-31,FDX.N,FEDEX CORP ORD,UNITED STATES,0.00129,2656859.0,-13538.0,Derived Holdings 2026-04-13 SPY 2022.xlsx,False
SPY,2022-12-31,NXPI.OQ,NXP SEMICONDUCTORS NV ORD,NETHERLANDS,0.0012859999999999,2901667.0,-44610.0,Derived Holdings 2026-04-13 SPY 2022.xlsx,False
SPY,2022-12-31,AFL.N,AFLAC INC ORD,UNITED STATES,0.001283,6360543.0,-97601.0,Derived Holdings 2026-04-13 SPY 2022.xlsx,False
SPY,2022-12-31,ROST.OQ,ROSS STORES INC ORD,UNITED STATES,0.001258,3865703.0,-59823.0,Derived Holdings 2026-04-13 SPY 2022.xlsx,False
SPY,2022-12-31,ADSK.OQ,AUTODESK INC ORD,UNITED STATES,0.001257,2399873.0,-37044.0,Derived Holdings 2026-04-13 SPY 2022.xlsx,False
SPY,2022-12-31,FIS.N,FIDELITY NATIONAL INFORMATION SERVICES INC ORD,UNITED STATES,0.001253,6584983.0,-251781.0,Derived Holdings 2026-04-13 SPY 2022.xlsx,False
SPY,2022-12-31,DVN.N,DEVON ENERGY CORP ORD,UNITED STATES,0.001249,7241248.0,-112369.0,Derived Holdings 2026-04-13 SPY 2022.xlsx,False
SPY,2022-12-31,MAR.OQ,MARRIOTT INTERNATIONAL INC ORD,UNITED STATES,0.001246,2985862.0,-93096.0,Derived Holdings 2026-04-13 SPY 2022.xlsx,False
SPY,2022-12-31,BIIB.OQ,BIOGEN INC ORD,UNITED STATES,0.0012439999999999,1602787.0,-24854.0,Derived Holdings 2026-04-13 SPY 2022.xlsx,False
SPY,2022-12-31,WMB.N,WILLIAMS COMPANIES INC ORD,UNITED STATES,0.001243,13475045.0,-209369.0,Derived Holdings 2026-04-13 SPY 2022.xlsx,False
SPY,2022-12-31,O.N,REALTY INCOME CORP ORD,UNITED STATES,0.001238,6959802.0,24167.0,Derived Holdings 2026-04-13 SPY 2022.xlsx,False
SPY,2022-12-31,LHX.N,L3HARRIS TECHNOLOGIES INC ORD,UNITED STATES,0.0012339999999999,2114187.0,-32657.0,Derived Holdings 2026-04-13 SPY 2022.xlsx,False
SPY,2022-12-31,AJG.N,ARTHUR J. GALLAGHER & CO. ORD,UNITED STATES,0.00123,2326385.0,-36125.0,Derived Holdings 2026-04-13 SPY 2022.xlsx,False
SPY,2022-12-31,HES.MX,HESS CORP ORD,UNITED STATES,0.001215,3054742.0,-47685.0,Derived Holdings 2026-04-13 SPY 2022.xlsx,False
SPY,2022-12-31,MNST.OQ,MONSTER BEVERAGE CORP ORD,UNITED STATES,0.001211,4253912.0,-65655.0,Derived Holdings 2026-04-13 SPY 2022.xlsx,False
SPY,2022-12-31,TT.N,TRANE TECHNOLOGIES PLC ORD,IRELAND,0.00121,2566900.0,-39593.0,Derived Holdings 2026-04-13 SPY 2022.xlsx,False
SPY,2022-12-31,SYY.N,SYSCO CORP ORD,UNITED STATES,0.001208,5634425.0,-87278.0,Derived Holdings 2026-04-13 SPY 2022.xlsx,False
SPY,2022-12-31,CTAS.OQ,CINTAS CORP ORD,UNITED STATES,0.001204,951194.0,-14739.0,Derived Holdings 2026-04-13 SPY 2022.xlsx,False
SPY,2022-12-31,MCHP.OQ,MICROCHIP TECHNOLOGY INC ORD,UNITED STATES,0.001199,6089782.0,-94503.0,Derived Holdings 2026-04-13 SPY 2022.xlsx,False
SPY,2022-12-31,XEL.OQ,XCEL ENERGY INC ORD,UNITED STATES,0.001194,6072931.0,-26410.0,Derived Holdings 2026-04-13 SPY 2022.xlsx,False
SPY,2022-12-31,CMG.N,CHIPOTLE MEXICAN GRILL INC ORD,UNITED STATES,0.001193,306808.0,-4624.0,Derived Holdings 2026-04-13 SPY 2022.xlsx,False
SPY,2022-12-31,SPG.N,SIMON PROPERTY GROUP INC ORD,UNITED STATES,0.001186,3600313.0,-56303.0,Derived Holdings 2026-04-13 SPY 2022.xlsx,False
SPY,2022-12-31,IQV.N,IQVIA HOLDINGS INC ORD,UNITED STATES,0.0011849999999999,2062126.0,-32079.0,Derived Holdings 2026-04-13 SPY 2022.xlsx,False
SPY,2022-12-31,STZ.N,CONSTELLATION BRANDS INC ORD,UNITED STATES,0.00117,1801357.0,12371.0,Derived Holdings 2026-04-13 SPY 2022.xlsx,False
SPY,2022-12-31,MSCI.N,MSCI INC ORD,UNITED STATES,0.001165,893428.0,-13872.0,Derived Holdings 2026-04-13 SPY 2022.xlsx,False
SPY,2022-12-31,NEM.N,NEWMONT CORPORATION ORD,UNITED STATES,0.001159,8755422.0,-136304.0,Derived Holdings 2026-04-13 SPY 2022.xlsx,False
SPY,2022-12-31,PH.N,PARKER-HANNIFIN CORP ORD,UNITED STATES,0.001154,1413941.0,-21964.0,Derived Holdings 2026-04-13 SPY 2022.xlsx,False
SPY,2022-12-31,PAYX.OQ,PAYCHEX INC ORD,UNITED STATES,0.001153,3559503.0,-4047.0,Derived Holdings 2026-04-13 SPY 2022.xlsx,False
SPY,2022-12-31,PRU.N,PRUDENTIAL FINANCIAL INC ORD,UNITED STATES,0.0011459999999999,4109808.0,-63343.0,Derived Holdings 2026-04-13 SPY 2022.xlsx,False
SPY,2022-12-31,TEL.N,TE CONNECTIVITY PLC ORD,IRELAND,0.001138,3536878.0,-54673.0,Derived Holdings 2026-04-13 SPY 2022.xlsx,False
SPY,2022-12-31,ALL.N,ALLSTATE CORP ORD,UNITED STATES,0.001137,2989593.0,-45766.0,Derived Holdings 2026-04-13 SPY 2022.xlsx,False
SPY,2022-12-31,CHTR.OQ,CHARTER COMMUNICATIONS INC ORD,UNITED STATES,0.001133,1191984.0,-53200.0,Derived Holdings 2026-04-13 SPY 2022.xlsx,False
SPY,2022-12-31,YUM.N,YUM! BRANDS INC ORD,UNITED STATES,0.00113,3145678.0,-48604.0,Derived Holdings 2026-04-13 SPY 2022.xlsx,False
SPY,2022-12-31,DOW.N,DOW INC ORD,UNITED STATES,0.001122,7943430.0,-121455.0,Derived Holdings 2026-04-13 SPY 2022.xlsx,False
SPY,2022-12-31,ECL.N,ECOLAB INC ORD,UNITED STATES,0.001113,2726612.0,-42483.0,Derived Holdings 2026-04-13 SPY 2022.xlsx,False
SPY,2022-12-31,ENPH.OQ,ENPHASE ENERGY INC ORD,UNITED STATES,0.001113,1497668.0,-23357.0,Derived Holdings 2026-04-13 SPY 2022.xlsx,False
SPY,2022-12-31,HAL.N,HALLIBURTON CO ORD,UNITED STATES,0.001112,10077004.0,37696.0,Derived Holdings 2026-04-13 SPY 2022.xlsx,False
SPY,2022-12-31,KMI.N,KINDER MORGAN INC ORD,UNITED STATES,0.001111,21924825.0,-340049.0,Derived Holdings 2026-04-13 SPY 2022.xlsx,False
SPY,2022-12-31,COF.N,CAPITAL ONE FINANCIAL CORP ORD,UNITED STATES,0.001106,4244898.0,-65603.0,Derived Holdings 2026-04-13 SPY 2022.xlsx,False
SPY,2022-12-31,CARR.N,CARRIER GLOBAL CORP ORD,UNITED STATES,0.001077,9308372.0,-143974.0,Derived Holdings 2026-04-13 SPY 2022.xlsx,False
SPY,2022-12-31,HLT.N,HILTON WORLDWIDE HOLDINGS INC ORD,UNITED STATES,0.0010739999999999,3030312.0,-46633.0,Derived Holdings 2026-04-13 SPY 2022.xlsx,False
SPY,2022-12-31,PCAR.OQ,PACCAR INC ORD,UNITED STATES,0.001071,3859292.0,-4771.0,Derived Holdings 2026-04-13 SPY 2022.xlsx,False
SPY,2022-12-31,NUE.N,NUCOR CORP ORD,UNITED STATES,0.00107,2896084.0,-44321.0,Derived Holdings 2026-04-13 SPY 2022.xlsx,False
SPY,2022-12-31,DD.N,DUPONT DE NEMOURS INC ORD,UNITED STATES,0.001066,5539848.0,-85596.0,Derived Holdings 2026-04-13 SPY 2022.xlsx,False
SPY,2022-12-31,CMI.N,CUMMINS INC ORD,UNITED STATES,0.001058,1557770.0,-24276.0,Derived Holdings 2026-04-13 SPY 2022.xlsx,False
SPY,2022-12-31,HSY.N,HERSHEY CO ORD,UNITED STATES,0.001055,1624221.0,-25143.0,Derived Holdings 2026-04-13 SPY 2022.xlsx,False
SPY,2022-12-31,IDXX.OQ,IDEXX LABORATORIES INC ORD,UNITED STATES,0.001053,920846.0,-14161.0,Derived Holdings 2026-04-13 SPY 2022.xlsx,False
SPY,2022-12-31,ED.N,CONSOLIDATED EDISON INC ORD,UNITED STATES,0.001052,3938036.0,-5627.0,Derived Holdings 2026-04-13 SPY 2022.xlsx,False
SPY,2022-12-31,AMP.N,AMERIPRISE FINANCIAL INC ORD,UNITED STATES,0.001044,1196396.0,-18259.0,Derived Holdings 2026-04-13 SPY 2022.xlsx,False
SPY,2022-12-31,BK.N,BANK OF NEW YORK MELLON CORP ORD,UNITED STATES,0.001038,8133165.0,-126478.0,Derived Holdings 2026-04-13 SPY 2022.xlsx,False
SPY,2022-12-31,OTIS.N,OTIS WORLDWIDE CORP ORD,UNITED STATES,0.001019,4641721.0,-71724.0,Derived Holdings 2026-04-13 SPY 2022.xlsx,False
SPY,2022-12-31,MTD.N,METTLER-TOLEDO INTERNATIONAL INC ORD,UNITED STATES,0.001008,248722.0,-3757.0,Derived Holdings 2026-04-13 SPY 2022.xlsx,False
SPY,2022-12-31,TDG.N,TRANSDIGM GROUP INC ORD,UNITED STATES,0.001006,570121.0,-8959.0,Derived Holdings 2026-04-13 SPY 2022.xlsx,False
SPY,2022-12-31,KHC.OQ,KRAFT HEINZ CO ORD,UNITED STATES,0.001005,8808481.0,-136882.0,Derived Holdings 2026-04-13 SPY 2022.xlsx,False
SPY,2022-12-31,EA.OQ,ELECTRONIC ARTS INC ORD,UNITED STATES,0.001001,2920933.0,-45136.0,Derived Holdings 2026-04-13 SPY 2022.xlsx,False
SPY,2022-12-31,AME.N,AMETEK INC ORD,UNITED STATES,0.000992,2532595.0,-39541.0,Derived Holdings 2026-04-13 SPY 2022.xlsx,False
SPY,2022-12-31,FTNT.OQ,FORTINET INC ORD,UNITED STATES,0.000992,7238435.0,-111658.0,Derived Holdings 2026-04-13 SPY 2022.xlsx,False
SPY,2022-12-31,ILMN.OQ,ILLUMINA INC ORD,UNITED STATES,0.00099,1745560.0,2686.0,Derived Holdings 2026-04-13 SPY 2022.xlsx,False
SPY,2022-12-31,CSGP.OQ,COSTAR GROUP INC ORD,UNITED STATES,0.000978,4513206.0,66226.0,Derived Holdings 2026-04-13 SPY 2022.xlsx,False
SPY,2022-12-31,WELL.N,WELLTOWER INC ORD,UNITED STATES,0.000964,5243805.0,40503.0,Derived Holdings 2026-04-13 SPY 2022.xlsx,False
SPY,2022-12-31,VICI.N,VICI PROPERTIES INC ORD,UNITED STATES,0.000964,10616260.0,-165493.0,Derived Holdings 2026-04-13 SPY 2022.xlsx,False
SPY,2022-12-31,KEYS.N,KEYSIGHT TECHNOLOGIES INC ORD,UNITED STATES,0.000954,1990006.0,-30686.0,Derived Holdings 2026-04-13 SPY 2022.xlsx,False
SPY,2022-12-31,PEG.N,PUBLIC SERVICE ENTERPRISE GROUP INC ORD,UNITED STATES,0.000951,5537898.0,-85781.0,Derived Holdings 2026-04-13 SPY 2022.xlsx,False
SPY,2022-12-31,RMD.N,RESMED INC ORD,UNITED STATES,0.000949,1625623.0,-7943.0,Derived Holdings 2026-04-13 SPY 2022.xlsx,False
SPY,2022-12-31,KDP.OQ,KEURIG DR PEPPER INC ORD,UNITED STATES,0.000939,9395243.0,-146078.0,Derived Holdings 2026-04-13 SPY 2022.xlsx,False
SPY,2022-12-31,SBAC.OQ,SBA COMMUNICATIONS CORP ORD,UNITED STATES,0.000936,1191504.0,-18496.0,Derived Holdings 2026-04-13 SPY 2022.xlsx,False
SPY,2022-12-31,ANET.N,ARISTA NETWORKS INC ORD,UNITED STATES,0.000927,2725389.0,-42431.0,Derived Holdings 2026-04-13 SPY 2022.xlsx,False
SPY,2022-12-31,BKR.OQ,BAKER HUGHES CO ORD,UNITED STATES,0.000926,11189458.0,-172452.0,Derived Holdings 2026-04-13 SPY 2022.xlsx,False
SPY,2022-12-31,DLTR.OQ,DOLLAR TREE INC ORD,UNITED STATES,0.000926,2334279.0,-36125.0,Derived Holdings 2026-04-13 SPY 2022.xlsx,False
SPY,2022-12-31,WEC.N,WEC ENERGY GROUP INC ORD,UNITED STATES,0.00092,3500419.0,-9680.0,Derived Holdings 2026-04-13 SPY 2022.xlsx,False
SPY,2022-12-31,ROK.N,ROCKWELL AUTOMATION INC ORD,UNITED STATES,0.000918,1270609.0,-19652.0,Derived Holdings 2026-04-13 SPY 2022.xlsx,False
SPY,2022-12-31,CTSH.OQ,COGNIZANT TECHNOLOGY SOLUTIONS CORP ORD,UNITED STATES,0.000917,5720191.0,-88486.0,Derived Holdings 2026-04-13 SPY 2022.xlsx,False
SPY,2022-12-31,PPG.N,PPG INDUSTRIES INC ORD,UNITED STATES,0.000916,2599244.0,-40408.0,Derived Holdings 2026-04-13 SPY 2022.xlsx,False
SPY,2022-12-31,OKE.N,ONEOK INC ORD,UNITED STATES,0.000914,4959998.0,-622.0,Derived Holdings 2026-04-13 SPY 2022.xlsx,False
SPY,2022-12-31,KR.N,KROGER CO ORD,UNITED STATES,0.000904,7230911.0,-112028.0,Derived Holdings 2026-04-13 SPY 2022.xlsx,False
SPY,2022-12-31,ES.N,EVERSOURCE ENERGY ORD,UNITED STATES,0.0009,3830692.0,-59719.0,Derived Holdings 2026-04-13 SPY 2022.xlsx,False
SPY,2022-12-31,DLR.N,DIGITAL REALTY TRUST INC ORD,UNITED STATES,0.000893,3178046.0,-49367.0,Derived Holdings 2026-04-13 SPY 2022.xlsx,False
SPY,2022-12-31,STT.N,STATE STREET CORP ORD,UNITED STATES,0.000886,4072088.0,1998.0,Derived Holdings 2026-04-13 SPY 2022.xlsx,False
SPY,2022-12-31,CEG.OQ,CONSTELLATION ENERGY CORP ORD,UNITED STATES,0.000877,3628891.0,997.0,Derived Holdings 2026-04-13 SPY 2022.xlsx,False
SPY,2022-12-31,DHI.N,D.R. HORTON INC ORD,UNITED STATES,0.000874,3496318.0,-53806.0,Derived Holdings 2026-04-13 SPY 2022.xlsx,False
SPY,2022-12-31,AWK.N,AMERICAN WATER WORKS CO INC ORD,UNITED STATES,0.000862,2017855.0,-2612.0,Derived Holdings 2026-04-13 SPY 2022.xlsx,False
SPY,2022-12-31,VRSK.OQ,VERISK ANALYTICS INC ORD,UNITED STATES,0.000859,1735872.0,-26877.0,Derived Holdings 2026-04-13 SPY 2022.xlsx,False
SPY,2022-12-31,GPN.N,GLOBAL PAYMENTS INC ORD,UNITED STATES,0.000854,3065738.0,-46685.0,Derived Holdings 2026-04-13 SPY 2022.xlsx,False
SPY,2022-12-31,ON.OQ,ON SEMICONDUCTOR CORP ORD,UNITED STATES,0.000838,4790213.0,-74273.0,Derived Holdings 2026-04-13 SPY 2022.xlsx,False
SPY,2022-12-31,FAST.OQ,FASTENAL CO ORD,UNITED STATES,0.000835,6296819.0,-98549.0,Derived Holdings 2026-04-13 SPY 2022.xlsx,False
SPY,2022-12-31,COR,CENCORA INC ORD,UNITED STATES,0.000835,1797302.0,51456.0,Derived Holdings 2026-04-13 SPY 2022.xlsx,False
SPY,2022-12-31,WBA.MX,WALGREENS BOOTS ALLIANCE INC ORD,UNITED STATES,0.000834,7965607.0,-22399.0,Derived Holdings 2026-04-13 SPY 2022.xlsx,False
SPY,2022-12-31,WTW.OQ,WILLIS TOWERS WATSON PLC ORD,UNITED KINGDOM,0.000833,1215122.0,-18548.0,Derived Holdings 2026-04-13 SPY 2022.xlsx,False
SPY,2022-12-31,IFF.N,INTERNATIONAL FLAVORS & FRAGRANCES INC ORD,UNITED STATES,0.000832,2829281.0,-8176.0,Derived Holdings 2026-04-13 SPY 2022.xlsx,False
SPY,2022-12-31,ZBH.N,"ZIMMER BIOMET HOLDINGS, INC ORD",UNITED STATES,0.000832,2328719.0,5227.0,Derived Holdings 2026-04-13 SPY 2022.xlsx,False
SPY,2022-12-31,DFS.MX,DISCOVER FINANCIAL SERVICES ORD,UNITED STATES,0.000829,3020821.0,-47055.0,Derived Holdings 2026-04-13 SPY 2022.xlsx,False
SPY,2022-12-31,IT.N,GARTNER INC ORD,UNITED STATES,0.000824,874830.0,-13583.0,Derived Holdings 2026-04-13 SPY 2022.xlsx,False
SPY,2022-12-31,RSG.N,REPUBLIC SERVICES INC ORD,UNITED STATES,0.000821,2271519.0,-35258.0,Derived Holdings 2026-04-13 SPY 2022.xlsx,False
SPY,2022-12-31,PCG.N,PG&E CORP ORD,UNITED STATES,0.000815,17867068.0,25346.0,Derived Holdings 2026-04-13 SPY 2022.xlsx,False
SPY,2022-12-31,CPRT.OQ,COPART INC ORD,UNITED STATES,0.0008119999999999,4755480.0,-2243.0,Derived Holdings 2026-04-13 SPY 2022.xlsx,False
SPY,2022-12-31,ODFL.OQ,OLD DOMINION FREIGHT LINE INC ORD,UNITED STATES,0.000806,1013030.0,-15606.0,Derived Holdings 2026-04-13 SPY 2022.xlsx,False
SPY,2022-12-31,BAX.N,BAXTER INTERNATIONAL INC ORD,UNITED STATES,0.000793,5551162.0,-86596.0,Derived Holdings 2026-04-13 SPY 2022.xlsx,False
SPY,2022-12-31,ALB.N,ALBEMARLE CORP ORD,UNITED STATES,0.00079,1299976.0,-1278.0,Derived Holdings 2026-04-13 SPY 2022.xlsx,False
SPY,2022-12-31,MTB.N,M&T BANK CORP ORD,UNITED STATES,0.00079,1942753.0,-29819.0,Derived Holdings 2026-04-13 SPY 2022.xlsx,False
SPY,2022-12-31,APTV.N,APTIV PLC ORD,SWITZERLAND,0.000785,3006893.0,-3129.0,Derived Holdings 2026-04-13 SPY 2022.xlsx,False
SPY,2022-12-31,GWW.N,WW GRAINGER INC ORD,UNITED STATES,0.000781,500766.0,-7803.0,Derived Holdings 2026-04-13 SPY 2022.xlsx,False
SPY,2022-12-31,TSCO.OQ,TRACTOR SUPPLY CO ORD,UNITED STATES,0.000774,1227441.0,-19074.0,Derived Holdings 2026-04-13 SPY 2022.xlsx,False
SPY,2022-12-31,URI.N,UNITED RENTALS INC ORD,UNITED STATES,0.000771,773651.0,-11849.0,Derived Holdings 2026-04-13 SPY 2022.xlsx,False
SPY,2022-12-31,CBRE.N,CBRE GROUP INC ORD,UNITED STATES,0.000766,3550583.0,-54436.0,Derived Holdings 2026-04-13 SPY 2022.xlsx,False
SPY,2022-12-31,GPC.N,GENUINE PARTS CO ORD,UNITED STATES,0.000763,1568956.0,-24276.0,Derived Holdings 2026-04-13 SPY 2022.xlsx,False
SPY,2022-12-31,TROW.OQ,T ROWE PRICE GROUP INC ORD,UNITED STATES,0.000762,2493328.0,-38489.0,Derived Holdings 2026-04-13 SPY 2022.xlsx,False
SPY,2022-12-31,HIG.N,HARTFORD INSURANCE GROUP INC ORD,UNITED STATES,0.0007599999999999,3574242.0,-54725.0,Derived Holdings 2026-04-13 SPY 2022.xlsx,False
SPY,2022-12-31,ULTA.OQ,ULTA BEAUTY INC ORD,UNITED STATES,0.000758,576082.0,-8722.0,Derived Holdings 2026-04-13 SPY 2022.xlsx,False
SPY,2022-12-31,HPQ.N,HP INC ORD,UNITED STATES,0.000758,10067377.0,-152927.0,Derived Holdings 2026-04-13 SPY 2022.xlsx,False
SPY,2022-12-31,EIX.N,EDISON INTERNATIONAL ORD,UNITED STATES,0.000756,4237817.0,11749.0,Derived Holdings 2026-04-13 SPY 2022.xlsx,False
SPY,2022-12-31,FANG.OQ,DIAMONDBACK ENERGY INC ORD,UNITED STATES,0.0007539999999999,1965575.0,-30345.0,Derived Holdings 2026-04-13 SPY 2022.xlsx,False
SPY,2022-12-31,GLW.N,CORNING INC ORD,UNITED STATES,0.00075,8380842.0,-130813.0,Derived Holdings 2026-04-13 SPY 2022.xlsx,False
SPY,2022-12-31,CDW.OQ,CDW CORP ORD,UNITED STATES,0.000745,1488587.0,-23357.0,Derived Holdings 2026-04-13 SPY 2022.xlsx,False
SPY,2022-12-31,EFX.N,EQUIFAX INC ORD,UNITED STATES,0.00074,1358715.0,2603.0,Derived Holdings 2026-04-13 SPY 2022.xlsx,False
SPY,2022-12-31,VMC.N,VULCAN MATERIALS CO ORD,UNITED STATES,0.000724,1474957.0,-1831.0,Derived Holdings 2026-04-13 SPY 2022.xlsx,False
SPY,2022-12-31,ACGL.OQ,ARCH CAPITAL GROUP LTD ORD,BERMUDA,0.000722,4104626.0,20872.0,Derived Holdings 2026-04-13 SPY 2022.xlsx,False
SPY,2022-12-31,LEN.N,LENNAR CORP ORD,UNITED STATES,0.000716,2820188.0,-43876.0,Derived Holdings 2026-04-13 SPY 2022.xlsx,False
SPY,2022-12-31,AEE.N,AMEREN CORP ORD,UNITED STATES,0.0007149999999999,2868857.0,2246.0,Derived Holdings 2026-04-13 SPY 2022.xlsx,False
SPY,2022-12-31,WY.N,WEYERHAEUSER CO ORD,UNITED STATES,0.000714,8211878.0,-126634.0,Derived Holdings 2026-04-13 SPY 2022.xlsx,False
SPY,2022-12-31,ETR.N,ENTERGY CORP ORD,UNITED STATES,0.000707,2241656.0,-34969.0,Derived Holdings 2026-04-13 SPY 2022.xlsx,False
SPY,2022-12-31,EBAY.OQ,EBAY INC ORD,UNITED STATES,0.000707,6076662.0,-93503.0,Derived Holdings 2026-04-13 SPY 2022.xlsx,False
SPY,2022-12-31,FTV.N,FORTIVE CORP ORD,UNITED STATES,0.000707,3925680.0,-60979.0,Derived Holdings 2026-04-13 SPY 2022.xlsx,False
SPY,2022-12-31,FE.N,FIRSTENERGY CORP ORD,UNITED STATES,0.0007059999999999,6003107.0,-93295.0,Derived Holdings 2026-04-13 SPY 2022.xlsx,False
SPY,2022-12-31,AVB.N,AVALONBAY COMMUNITIES INC ORD,UNITED STATES,0.000703,1552578.0,-1287.0,Derived Holdings 2026-04-13 SPY 2022.xlsx,False
SPY,2022-12-31,FITB.OQ,FIFTH THIRD BANCORP ORD,UNITED STATES,0.0007009999999999,7617285.0,-1860.0,Derived Holdings 2026-04-13 SPY 2022.xlsx,False
SPY,2022-12-31,DTE.N,DTE ENERGY CO ORD,UNITED STATES,0.0007,2123392.0,-33235.0,Derived Holdings 2026-04-13 SPY 2022.xlsx,False
SPY,2022-12-31,FRCB.PK,FIRST REPUBLIC BANK ORD,UNITED STATES,0.00069,2020250.0,-31449.0,Derived Holdings 2026-04-13 SPY 2022.xlsx,False
SPY,2022-12-31,ARE.N,ALEXANDRIA REAL ESTATE EQUITIES INC ORD,UNITED STATES,0.000669,1637218.0,-25669.0,Derived Holdings 2026-04-13 SPY 2022.xlsx,False
SPY,2022-12-31,PPL.N,PPL CORP ORD,UNITED STATES,0.000666,8132511.0,-126478.0,Derived Holdings 2026-04-13 SPY 2022.xlsx,False
SPY,2022-12-31,LH.N,LABCORP HOLDINGS INC ORD,UNITED STATES,0.00066,1000289.0,-15369.0,Derived Holdings 2026-04-13 SPY 2022.xlsx,False
SPY,2022-12-31,LYB.N,LYONDELLBASELL INDUSTRIES NV ORD,UNITED KINGDOM,0.000655,2813982.0,-43639.0,Derived Holdings 2026-04-13 SPY 2022.xlsx,False
SPY,2022-12-31,IR.N,INGERSOLL RAND INC ORD,UNITED STATES,0.00065,4437602.0,-69545.0,Derived Holdings 2026-04-13 SPY 2022.xlsx,False
SPY,2022-12-31,MLM.N,MARTIN MARIETTA MATERIALS INC ORD,UNITED STATES,0.0006479999999999,683618.0,-10693.0,Derived Holdings 2026-04-13 SPY 2022.xlsx,False
SPY,2022-12-31,ANSS.MX,ANSYS INC ORD,UNITED STATES,0.0006469999999999,954655.0,-15028.0,Derived Holdings 2026-04-13 SPY 2022.xlsx,False
SPY,2022-12-31,DAL.N,DELTA AIR LINES INC ORD,UNITED STATES,0.000646,7011069.0,-110294.0,Derived Holdings 2026-04-13 SPY 2022.xlsx,False
SPY,2022-12-31,MKC.N,MCCORMICK & COMPANY INC ORD,UNITED STATES,0.000646,2781028.0,8591.0,Derived Holdings 2026-04-13 SPY 2022.xlsx,False
SPY,2022-12-31,NDAQ.OQ,NASDAQ INC ORD,UNITED STATES,0.000645,3748952.0,-58326.0,Derived Holdings 2026-04-13 SPY 2022.xlsx,False
SPY,2022-12-31,WBD.OQ,WARNER BROS DISCOVERY INC ORD,UNITED STATES,0.000645,24265079.0,-379723.0,Derived Holdings 2026-04-13 SPY 2022.xlsx,False
SPY,2022-12-31,RJF.N,RAYMOND JAMES FINANCIAL INC ORD,UNITED STATES,0.0006419999999999,2143100.0,-33235.0,Derived Holdings 2026-04-13 SPY 2022.xlsx,False
SPY,2022-12-31,HPE.N,HEWLETT PACKARD ENTERPRISE CO ORD,UNITED STATES,0.00064,14311745.0,-221582.0,Derived Holdings 2026-04-13 SPY 2022.xlsx,False
SPY,2022-12-31,WAT.N,WATERS CORP ORD,UNITED STATES,0.000636,661811.0,-10115.0,Derived Holdings 2026-04-13 SPY 2022.xlsx,False
SPY,2022-12-31,RF.N,REGIONS FINANCIAL CORP ORD,UNITED STATES,0.000629,10410560.0,-160580.0,Derived Holdings 2026-04-13 SPY 2022.xlsx,False
SPY,2022-12-31,CAH.N,CARDINAL HEALTH INC ORD,UNITED STATES,0.000627,2908966.0,-150844.0,Derived Holdings 2026-04-13 SPY 2022.xlsx,False
SPY,2022-12-31,HBAN.OQ,HUNTINGTON BANCSHARES INC ORD,UNITED STATES,0.000627,15871127.0,-247968.0,Derived Holdings 2026-04-13 SPY 2022.xlsx,False
SPY,2022-12-31,PWR.N,QUANTA SERVICES INC ORD,UNITED STATES,0.000626,1567130.0,-24565.0,Derived Holdings 2026-04-13 SPY 2022.xlsx,False
SPY,2022-12-31,LUV.N,SOUTHWEST AIRLINES CO ORD,UNITED STATES,0.0006219999999999,6589176.0,4935.0,Derived Holdings 2026-04-13 SPY 2022.xlsx,False
SPY,2022-12-31,EQR.N,EQUITY RESIDENTIAL ORD,UNITED STATES,0.0006169999999999,3732333.0,-58326.0,Derived Holdings 2026-04-13 SPY 2022.xlsx,False
SPY,2022-12-31,XYL.N,XYLEM INC ORD,UNITED STATES,0.000612,1974518.0,-30923.0,Derived Holdings 2026-04-13 SPY 2022.xlsx,False
SPY,2022-12-31,CTRA.N,COTERRA ENERGY INC ORD,UNITED STATES,0.000605,8789726.0,-135645.0,Derived Holdings 2026-04-13 SPY 2022.xlsx,False
SPY,2022-12-31,CHD.N,CHURCH & DWIGHT CO INC ORD,UNITED STATES,0.000605,2678187.0,-41853.0,Derived Holdings 2026-04-13 SPY 2022.xlsx,False
SPY,2022-12-31,EXR.N,EXTRA SPACE STORAGE INC ORD,UNITED STATES,0.000605,1465971.0,-23068.0,Derived Holdings 2026-04-13 SPY 2022.xlsx,False
SPY,2022-12-31,PFG.OQ,PRINCIPAL FINANCIAL GROUP INC ORD,UNITED STATES,0.000603,2561360.0,-39119.0,Derived Holdings 2026-04-13 SPY 2022.xlsx,False
SPY,2022-12-31,CFG.N,CITIZENS FINANCIAL GROUP INC ORD,UNITED STATES,0.0006,5440024.0,-84729.0,Derived Holdings 2026-04-13 SPY 2022.xlsx,False
SPY,2022-12-31,DOV.N,DOVER CORP ORD,UNITED STATES,0.000599,1577115.0,-24328.0,Derived Holdings 2026-04-13 SPY 2022.xlsx,False
SPY,2022-12-31,MOH.N,MOLINA HEALTHCARE INC ORD,UNITED STATES,0.0005949999999999,643175.0,-10063.0,Derived Holdings 2026-04-13 SPY 2022.xlsx,False
SPY,2022-12-31,VRSN.OQ,"VERISIGN, INC ORD",UNITED STATES,0.000594,1031986.0,-15895.0,Derived Holdings 2026-04-13 SPY 2022.xlsx,False
SPY,2022-12-31,AES.N,AES CORP ORD,UNITED STATES,0.000589,7301367.0,-114681.0,Derived Holdings 2026-04-13 SPY 2022.xlsx,False
SPY,2022-12-31,EPAM.N,EPAM SYSTEMS INC ORD,UNITED STATES,0.000583,634415.0,-9826.0,Derived Holdings 2026-04-13 SPY 2022.xlsx,False
SPY,2022-12-31,HOLX.MX,HOLOGIC INC ORD,UNITED STATES,0.000581,2771578.0,-43009.0,Derived Holdings 2026-04-13 SPY 2022.xlsx,False
SPY,2022-12-31,CNP.N,CENTERPOINT ENERGY INC ORD,UNITED STATES,0.00058,6903825.0,-108271.0,Derived Holdings 2026-04-13 SPY 2022.xlsx,False
SPY,2022-12-31,TDY.N,TELEDYNE TECHNOLOGIES INC ORD,UNITED STATES,0.000574,512157.0,-8092.0,Derived Holdings 2026-04-13 SPY 2022.xlsx,False
SPY,2022-12-31,CAG.N,CONAGRA BRANDS INC ORD,UNITED STATES,0.000571,5261942.0,-82313.0,Derived Holdings 2026-04-13 SPY 2022.xlsx,False
SPY,2022-12-31,STE.N,STERIS PLC ORD,IRELAND,0.00057,1100966.0,-17051.0,Derived Holdings 2026-04-13 SPY 2022.xlsx,False
SPY,2022-12-31,US4878361082.TRE,KELLANOVA ORD,UNITED STATES,0.000567,2840534.0,13424.0,Derived Holdings 2026-04-13 SPY 2022.xlsx,False
SPY,2022-12-31,NTRS.OQ,NORTHERN TRUST CORP ORD,UNITED STATES,0.000566,2283259.0,-35784.0,Derived Holdings 2026-04-13 SPY 2022.xlsx,False
SPY,2022-12-31,DGX.N,QUEST DIAGNOSTICS INC ORD,UNITED STATES,0.000565,1288481.0,-19704.0,Derived Holdings 2026-04-13 SPY 2022.xlsx,False
SPY,2022-12-31,CMS.N,CMS ENERGY CORP ORD,UNITED STATES,0.000565,3183869.0,-49945.0,Derived Holdings 2026-04-13 SPY 2022.xlsx,False
SPY,2022-12-31,TSN.N,TYSON FOODS INC ORD,UNITED STATES,0.0005639999999999,3229363.0,-49708.0,Derived Holdings 2026-04-13 SPY 2022.xlsx,False
SPY,2022-12-31,WAB.N,WESTINGHOUSE AIR BRAKE TECHNOLOGIES CORP ORD,UNITED STATES,0.000563,2011481.0,-31212.0,Derived Holdings 2026-04-13 SPY 2022.xlsx,False
SPY,2022-12-31,MAA.N,MID-AMERICA APARTMENT COMMUNITIES INC ORD,UNITED STATES,0.000555,1262036.0,-19889.0,Derived Holdings 2026-04-13 SPY 2022.xlsx,False
SPY,2022-12-31,AMCR.N,AMCOR PLC ORD,SWITZERLAND,0.000555,16632763.0,-255904.0,Derived Holdings 2026-04-13 SPY 2022.xlsx,False
SPY,2022-12-31,VTR.N,VENTAS INC ORD,UNITED STATES,0.000553,4381595.0,-68730.0,Derived Holdings 2026-04-13 SPY 2022.xlsx,False
SPY,2022-12-31,RVTY.K,REVVITY INC ORD,UNITED STATES,0.000545,1385894.0,-21675.0,Derived Holdings 2026-04-13 SPY 2022.xlsx,False
SPY,2022-12-31,MRO.MX,MARATHON OIL CORP ORD,UNITED STATES,0.000535,7047500.0,-561690.0,Derived Holdings 2026-04-13 SPY 2022.xlsx,False
SPY,2022-12-31,WST.N,WEST PHARMACEUTICAL SERVICES INC ORD,UNITED STATES,0.000535,810198.0,-12716.0,Derived Holdings 2026-04-13 SPY 2022.xlsx,False
SPY,2022-12-31,IEX.N,IDEX CORP ORD,UNITED STATES,0.000533,832532.0,-13005.0,Derived Holdings 2026-04-13 SPY 2022.xlsx,False
SPY,2022-12-31,INVH.N,INVITATION HOMES INC ORD,UNITED STATES,0.000533,6411353.0,-99890.0,Derived Holdings 2026-04-13 SPY 2022.xlsx,False
SPY,2022-12-31,CLX.N,CLOROX CO ORD,UNITED STATES,0.000529,1345688.0,-21097.0,Derived Holdings 2026-04-13 SPY 2022.xlsx,False
SPY,2022-12-31,EXPD.K,EXPEDITORS INTERNATIONAL OF WASHINGTON INC ORD,UNITED STATES,0.000527,1809331.0,-27559.0,Derived Holdings 2026-04-13 SPY 2022.xlsx,False
SPY,2022-12-31,SJM.N,J M SMUCKER CO ORD,UNITED STATES,0.000527,1186521.0,-18207.0,Derived Holdings 2026-04-13 SPY 2022.xlsx,False
SPY,2022-12-31,DRI.N,DARDEN RESTAURANTS INC ORD,UNITED STATES,0.000526,1355800.0,-21097.0,Derived Holdings 2026-04-13 SPY 2022.xlsx,False
SPY,2022-12-31,CF.N,CF INDUSTRIES HOLDINGS INC ORD,UNITED STATES,0.000526,2203810.0,-33865.0,Derived Holdings 2026-04-13 SPY 2022.xlsx,False
SPY,2022-12-31,OMC.N,OMNICOM GROUP INC ORD,UNITED STATES,0.000518,2263160.0,-34969.0,Derived Holdings 2026-04-13 SPY 2022.xlsx,False
SPY,2022-12-31,TRGP.N,TARGA RESOURCES CORP ORD,UNITED STATES,0.0005149999999999,2498087.0,-38963.0,Derived Holdings 2026-04-13 SPY 2022.xlsx,False
SPY,2022-12-31,TTWO.OQ,TAKE-TWO INTERACTIVE SOFTWARE INC ORD,UNITED STATES,0.000507,1736557.0,-27114.0,Derived Holdings 2026-04-13 SPY 2022.xlsx,False
SPY,2022-12-31,CINF.OQ,CINCINNATI FINANCIAL CORP ORD,UNITED STATES,0.000505,1760354.0,-27166.0,Derived Holdings 2026-04-13 SPY 2022.xlsx,False
SPY,2022-12-31,STLD.OQ,STEEL DYNAMICS INC ORD,UNITED STATES,0.000505,1842086.0,,Derived Holdings 2026-04-13 SPY 2022.xlsx,False
SPY,2022-12-31,BBY.N,BEST BUY CO INC ORD,UNITED STATES,0.000502,2231627.0,-34391.0,Derived Holdings 2026-04-13 SPY 2022.xlsx,False
SPY,2022-12-31,nan,COOPER COMPANIES INC ORD,UNITED STATES,0.0005,539391.0,-8381.0,Derived Holdings 2026-04-13 SPY 2022.xlsx,False
SPY,2022-12-31,KEY.N,KEYCORP ORD,UNITED STATES,0.000499,10213569.0,-160291.0,Derived Holdings 2026-04-13 SPY 2022.xlsx,False
SPY,2022-12-31,BALL.N,BALL CORP ORD,UNITED STATES,0.000498,3475543.0,-53991.0,Derived Holdings 2026-04-13 SPY 2022.xlsx,False
SPY,2022-12-31,BR.N,BROADRIDGE FINANCIAL SOLUTIONS INC ORD,UNITED STATES,0.000491,1305707.0,13722.0,Derived Holdings 2026-04-13 SPY 2022.xlsx,False
SPY,2022-12-31,LVS.N,LAS VEGAS SANDS CORP ORD,UNITED STATES,0.00049,3633757.0,-56592.0,Derived Holdings 2026-04-13 SPY 2022.xlsx,False
SPY,2022-12-31,FMC.N,FMC CORP ORD,UNITED STATES,0.000487,1393128.0,-21675.0,Derived Holdings 2026-04-13 SPY 2022.xlsx,False
SPY,2022-12-31,MPWR.OQ,MONOLITHIC POWER SYSTEMS INC ORD,UNITED STATES,0.000487,491141.0,-7751.0,Derived Holdings 2026-04-13 SPY 2022.xlsx,False
SPY,2022-12-31,SEDG.OQ,SOLAREDGE TECHNOLOGIES INC ORD,ISRAEL,0.000485,610670.0,-9537.0,Derived Holdings 2026-04-13 SPY 2022.xlsx,False
SPY,2022-12-31,ATO.N,ATMOS ENERGY CORP ORD,UNITED STATES,0.000482,1533099.0,-23987.0,Derived Holdings 2026-04-13 SPY 2022.xlsx,False
SPY,2022-12-31,J.N,JACOBS SOLUTIONS INC ORD,UNITED STATES,0.00048,1426415.0,-21964.0,Derived Holdings 2026-04-13 SPY 2022.xlsx,False
SPY,2022-12-31,ALGN.OQ,ALIGN TECHNOLOGY INC ORD,UNITED STATES,0.000476,804779.0,-12427.0,Derived Holdings 2026-04-13 SPY 2022.xlsx,False
SPY,2022-12-31,APA.OQ,APA CORP (US) ORD,UNITED STATES,0.000473,3610528.0,-55303.0,Derived Holdings 2026-04-13 SPY 2022.xlsx,False
SPY,2022-12-31,MOS.N,MOSAIC CO ORD,UNITED STATES,0.00047,3819016.0,-58771.0,Derived Holdings 2026-04-13 SPY 2022.xlsx,False
SPY,2022-12-31,PAYC.N,PAYCOM SOFTWARE INC ORD,UNITED STATES,0.0004689999999999,539418.0,4019.0,Derived Holdings 2026-04-13 SPY 2022.xlsx,False
SPY,2022-12-31,FDS.N,FACTSET RESEARCH SYSTEMS INC ORD,UNITED STATES,0.0004669999999999,414781.0,-6647.0,Derived Holdings 2026-04-13 SPY 2022.xlsx,False
SPY,2022-12-31,ETSY.K,ETSY INC ORD,UNITED STATES,0.0004669999999999,1391332.0,-21675.0,Derived Holdings 2026-04-13 SPY 2022.xlsx,False
SPY,2022-12-31,TXT.N,TEXTRON INC ORD,UNITED STATES,0.0004639999999999,2338909.0,-35888.0,Derived Holdings 2026-04-13 SPY 2022.xlsx,False
SPY,2022-12-31,INCY.OQ,INCYTE CORP ORD,UNITED STATES,0.0004639999999999,2060594.0,-31738.0,Derived Holdings 2026-04-13 SPY 2022.xlsx,False
SPY,2022-12-31,FSLR.OQ,FIRST SOLAR INC ORD,UNITED STATES,0.0004619999999999,1100217.0,,Derived Holdings 2026-04-13 SPY 2022.xlsx,False
SPY,2022-12-31,AVY.N,AVERY DENNISON CORP ORD,UNITED STATES,0.000461,907863.0,-13872.0,Derived Holdings 2026-04-13 SPY 2022.xlsx,False
SPY,2022-12-31,SYF.N,SYNCHRONY FINANCIAL ORD,UNITED STATES,0.000461,4999850.0,-410436.0,Derived Holdings 2026-04-13 SPY 2022.xlsx,False
SPY,2022-12-31,WRB.N,W R BERKLEY CORP ORD,UNITED STATES,0.000459,2256366.0,-35206.0,Derived Holdings 2026-04-13 SPY 2022.xlsx,False
SPY,2022-12-31,SWKS.OQ,SKYWORKS SOLUTIONS INC ORD,UNITED STATES,0.000453,1772497.0,-27455.0,Derived Holdings 2026-04-13 SPY 2022.xlsx,False
SPY,2022-12-31,HWM.N,HOWMET AEROSPACE INC ORD,UNITED STATES,0.000451,4084249.0,-63291.0,Derived Holdings 2026-04-13 SPY 2022.xlsx,False
SPY,2022-12-31,JBHT.OQ,J B HUNT TRANSPORT SERVICES INC ORD,UNITED STATES,0.00045,920995.0,-14161.0,Derived Holdings 2026-04-13 SPY 2022.xlsx,False
SPY,2022-12-31,IRM.N,IRON MOUNTAIN INC ORD,UNITED STATES,0.000445,3183020.0,-49945.0,Derived Holdings 2026-04-13 SPY 2022.xlsx,False
SPY,2022-12-31,LDOS.N,LEIDOS HOLDINGS INC ORD,UNITED STATES,0.000445,1508457.0,-23409.0,Derived Holdings 2026-04-13 SPY 2022.xlsx,False
SPY,2022-12-31,NVR.N,NVR INC ORD,UNITED STATES,0.000442,34145.0,-578.0,Derived Holdings 2026-04-13 SPY 2022.xlsx,False
SPY,2022-12-31,EVRG.OQ,EVERGY INC ORD,UNITED STATES,0.000442,2506761.0,-39541.0,Derived Holdings 2026-04-13 SPY 2022.xlsx,False
SPY,2022-12-31,GRMN.N,GARMIN LTD ORD,SWITZERLAND,0.000441,1706017.0,-26299.0,Derived Holdings 2026-04-13 SPY 2022.xlsx,False
SPY,2022-12-31,LKQ.OQ,LKQ CORP ORD,UNITED STATES,0.000432,2882992.0,-43795.0,Derived Holdings 2026-04-13 SPY 2022.xlsx,False
SPY,2022-12-31,nan,CORPAY INC ORD,UNITED STATES,0.000427,829206.0,-12716.0,Derived Holdings 2026-04-13 SPY 2022.xlsx,False
SPY,2022-12-31,TER.OQ,TERADYNE INC ORD,UNITED STATES,0.000425,1734212.0,-26877.0,Derived Holdings 2026-04-13 SPY 2022.xlsx,False
SPY,2022-12-31,LNT.OQ,ALLIANT ENERGY CORP ORD,UNITED STATES,0.000424,2741803.0,-43061.0,Derived Holdings 2026-04-13 SPY 2022.xlsx,False
SPY,2022-12-31,ESS.N,ESSEX PROPERTY TRUST INC ORD,UNITED STATES,0.000423,712616.0,-11271.0,Derived Holdings 2026-04-13 SPY 2022.xlsx,False
SPY,2022-12-31,TYL.N,TYLER TECHNOLOGIES INC ORD,UNITED STATES,0.0004179999999999,462089.0,6575.0,Derived Holdings 2026-04-13 SPY 2022.xlsx,False
SPY,2022-12-31,DOC,HEALTHPEAK PROPERTIES INC ORD,UNITED STATES,0.000415,5904812.0,-92480.0,Derived Holdings 2026-04-13 SPY 2022.xlsx,False
SPY,2022-12-31,AKAM.OQ,AKAMAI TECHNOLOGIES INC ORD,UNITED STATES,0.000415,1756190.0,-27166.0,Derived Holdings 2026-04-13 SPY 2022.xlsx,False
SPY,2022-12-31,SV4f.TPRM,SVB FINANCIAL GROUP ORD,UNITED STATES,0.000414,642263.0,-10115.0,Derived Holdings 2026-04-13 SPY 2022.xlsx,False
SPY,2022-12-31,NTAP.OQ,NETAPP INC ORD,UNITED STATES,0.000413,2455523.0,-37333.0,Derived Holdings 2026-04-13 SPY 2022.xlsx,False
SPY,2022-12-31,VTRS.OQ,VIATRIS INC ORD,UNITED STATES,0.000413,13246014.0,-208502.0,Derived Holdings 2026-04-13 SPY 2022.xlsx,False
SPY,2022-12-31,ZBRA.OQ,ZEBRA TECHNOLOGIES CORP ORD,UNITED STATES,0.000412,572585.0,-8959.0,Derived Holdings 2026-04-13 SPY 2022.xlsx,False
SPY,2022-12-31,CBOE.Z,CBOE GLOBAL MARKETS INC ORD,UNITED STATES,0.0004109999999999,1168264.0,-18207.0,Derived Holdings 2026-04-13 SPY 2022.xlsx,False
SPY,2022-12-31,HRL.N,HORMEL FOODS CORP ORD,UNITED STATES,0.0004089999999999,3200137.0,-49656.0,Derived Holdings 2026-04-13 SPY 2022.xlsx,False
SPY,2022-12-31,BRO.N,BROWN & BROWN INC ORD,UNITED STATES,0.0004089999999999,2560857.0,-40408.0,Derived Holdings 2026-04-13 SPY 2022.xlsx,False
SPY,2022-12-31,EXPE.OQ,EXPEDIA GROUP INC ORD,UNITED STATES,0.0004059999999999,1652241.0,-26010.0,Derived Holdings 2026-04-13 SPY 2022.xlsx,False
SPY,2022-12-31,EG,EVEREST GROUP LTD ORD,BERMUDA,0.000405,436493.0,-6647.0,Derived Holdings 2026-04-13 SPY 2022.xlsx,False
SPY,2022-12-31,US4606901001.TRE,INTERPUBLIC GROUP OF COMPANIES INC ORD,UNITED STATES,0.000403,4312160.0,-66811.0,Derived Holdings 2026-04-13 SPY 2022.xlsx,False
SPY,2022-12-31,KIM.N,KIMCO REALTY CORP ORD,UNITED STATES,0.000403,6781007.0,-106135.0,Derived Holdings 2026-04-13 SPY 2022.xlsx,False
SPY,2022-12-31,JKHY.OQ,JACK HENRY & ASSOCIATES INC ORD,UNITED STATES,0.000398,808471.0,-12427.0,Derived Holdings 2026-04-13 SPY 2022.xlsx,False
SPY,2022-12-31,NDSN.OQ,NORDSON CORP ORD,UNITED STATES,0.000398,596600.0,-9248.0,Derived Holdings 2026-04-13 SPY 2022.xlsx,False
SPY,2022-12-31,LW.N,LAMB WESTON HOLDINGS INC ORD,UNITED STATES,0.000398,1588830.0,-24802.0,Derived Holdings 2026-04-13 SPY 2022.xlsx,False
SPY,2022-12-31,TECH.OQ,BIO-TECHNE CORP ORD,UNITED STATES,0.000396,1704515.0,-26877.0,Derived Holdings 2026-04-13 SPY 2022.xlsx,False
SPY,2022-12-31,PTC.OQ,PTC INC ORD,UNITED STATES,0.000391,1160627.0,-18207.0,Derived Holdings 2026-04-13 SPY 2022.xlsx,False
SPY,2022-12-31,TRMB.OQ,TRIMBLE INC ORD,UNITED STATES,0.000391,2755181.0,-42483.0,Derived Holdings 2026-04-13 SPY 2022.xlsx,False
SPY,2022-12-31,IP.N,INTERNATIONAL PAPER CO ORD,UNITED STATES,0.000388,3999648.0,-61424.0,Derived Holdings 2026-04-13 SPY 2022.xlsx,False
SPY,2022-12-31,DPZ.O,DOMINO'S PIZZA INC ORD,UNITED STATES,0.000385,396596.0,-6069.0,Derived Holdings 2026-04-13 SPY 2022.xlsx,False
SPY,2022-12-31,EQT.N,EQT CORP ORD,UNITED STATES,0.000383,4036563.0,-63054.0,Derived Holdings 2026-04-13 SPY 2022.xlsx,False
SPY,2022-12-31,GEN.OQ,GEN DIGITAL INC ORD,UNITED STATES,0.000383,6371722.0,-100017.0,Derived Holdings 2026-04-13 SPY 2022.xlsx,False
SPY,2022-12-31,UAL.OQ,UNITED AIRLINES HOLDINGS INC ORD,UNITED STATES,0.000383,3627881.0,51397.0,Derived Holdings 2026-04-13 SPY 2022.xlsx,False
SPY,2022-12-31,SNA.N,SNAP-ON INC ORD,UNITED STATES,0.000379,591158.0,-9248.0,Derived Holdings 2026-04-13 SPY 2022.xlsx,False
SPY,2022-12-31,PKG.N,PACKAGING CORP OF AMERICA ORD,UNITED STATES,0.000373,1041019.0,-15947.0,Derived Holdings 2026-04-13 SPY 2022.xlsx,False
SPY,2022-12-31,POOL.OQ,POOL CORP ORD,UNITED STATES,0.000372,438937.0,-6647.0,Derived Holdings 2026-04-13 SPY 2022.xlsx,False
SPY,2022-12-31,BFb.N,BROWN-FORMAN CORP ORD,UNITED STATES,0.000369,2001187.0,-31449.0,Derived Holdings 2026-04-13 SPY 2022.xlsx,False
SPY,2022-12-31,UDR.N,UDR INC ORD,UNITED STATES,0.000369,3395923.0,52654.0,Derived Holdings 2026-04-13 SPY 2022.xlsx,False
SPY,2022-12-31,CPT.N,CAMDEN PROPERTY TRUST ORD,UNITED STATES,0.000368,1174352.0,-18207.0,Derived Holdings 2026-04-13 SPY 2022.xlsx,False
SPY,2022-12-31,MTCH.OQ,MATCH GROUP INC ORD,UNITED STATES,0.000361,3107162.0,-48078.0,Derived Holdings 2026-04-13 SPY 2022.xlsx,False
SPY,2022-12-31,TFX.N,TELEFLEX INC ORD,UNITED STATES,0.000358,512188.0,-8092.0,Derived Holdings 2026-04-13 SPY 2022.xlsx,False
SPY,2022-12-31,CPB.O,CAMPBELL'S CO ORD,UNITED STATES,0.000356,2238589.0,-34628.0,Derived Holdings 2026-04-13 SPY 2022.xlsx,False
SPY,2022-12-31,L.N,LOEWS CORP ORD,UNITED STATES,0.0003529999999999,2157433.0,-33917.0,Derived Holdings 2026-04-13 SPY 2022.xlsx,False
SPY,2022-12-31,CHRW.OQ,CH ROBINSON WORLDWIDE INC ORD,UNITED STATES,0.000352,1370479.0,-20386.0,Derived Holdings 2026-04-13 SPY 2022.xlsx,False
SPY,2022-12-31,HST.OQ,"HOST HOTELS AND RESORTS, INC ORD",UNITED STATES,0.00035,7785672.0,-122773.0,Derived Holdings 2026-04-13 SPY 2022.xlsx,False
SPY,2022-12-31,NI.N,NISOURCE INC ORD,UNITED STATES,0.000344,4473263.0,-69886.0,Derived Holdings 2026-04-13 SPY 2022.xlsx,False
SPY,2022-12-31,SWK.N,STANLEY BLACK & DECKER INC ORD,UNITED STATES,0.000344,1632654.0,-25432.0,Derived Holdings 2026-04-13 SPY 2022.xlsx,False
SPY,2022-12-31,HSIC.OQ,HENRY SCHEIN INC ORD,UNITED STATES,0.000343,1529785.0,-23409.0,Derived Holdings 2026-04-13 SPY 2022.xlsx,False
SPY,2022-12-31,MGM.N,MGM RESORTS INTERNATIONAL ORD,UNITED STATES,0.000339,3608838.0,-55066.0,Derived Holdings 2026-04-13 SPY 2022.xlsx,False
SPY,2022-12-31,GL.N,GLOBE LIFE INC ORD,UNITED STATES,0.000338,1000878.0,-15606.0,Derived Holdings 2026-04-13 SPY 2022.xlsx,False
SPY,2022-12-31,RCL.N,ROYAL CARIBBEAN CRUISES LTD ORD,UNITED STATES,0.000336,2422471.0,-37807.0,Derived Holdings 2026-04-13 SPY 2022.xlsx,False
SPY,2022-12-31,CRL.N,CHARLES RIVER LABORATORIES INTERNATIONAL INC ORD,UNITED STATES,0.000336,550471.0,-8670.0,Derived Holdings 2026-04-13 SPY 2022.xlsx,False
SPY,2022-12-31,MAS.N,MASCO CORP ORD,UNITED STATES,0.0003259999999999,2494236.0,-38726.0,Derived Holdings 2026-04-13 SPY 2022.xlsx,False
SPY,2022-12-31,PHM.N,PULTEGROUP INC ORD,UNITED STATES,0.0003259999999999,2557706.0,-39356.0,Derived Holdings 2026-04-13 SPY 2022.xlsx,False
SPY,2022-12-31,MKTX.OQ,MARKETAXESS HOLDINGS INC ORD,UNITED STATES,0.000325,416050.0,-6358.0,Derived Holdings 2026-04-13 SPY 2022.xlsx,False
SPY,2022-12-31,JNPR.MX,JUNIPER NETWORKS INC ORD,UNITED STATES,0.000319,3561329.0,-55673.0,Derived Holdings 2026-04-13 SPY 2022.xlsx,False
SPY,2022-12-31,STX.OQ,SEAGATE TECHNOLOGY HOLDINGS PLC ORD,SINGAPORE,0.000318,2157441.0,-33050.0,Derived Holdings 2026-04-13 SPY 2022.xlsx,False
SPY,2022-12-31,CE.N,CELANESE CORP ORD,UNITED STATES,0.000316,1102310.0,-17051.0,Derived Holdings 2026-04-13 SPY 2022.xlsx,False
SPY,2022-12-31,EMN.N,EASTMAN CHEMICAL CO ORD,UNITED STATES,0.00031,1358497.0,-20623.0,Derived Holdings 2026-04-13 SPY 2022.xlsx,False
SPY,2022-12-31,LYV.N,LIVE NATION ENTERTAINMENT INC ORD,UNITED STATES,0.000307,1570972.0,-24513.0,Derived Holdings 2026-04-13 SPY 2022.xlsx,False
SPY,2022-12-31,KMX.N,CARMAX INC ORD,UNITED STATES,0.000305,1784111.0,-27166.0,Derived Holdings 2026-04-13 SPY 2022.xlsx,False
SPY,2022-12-31,WDC.OQ,WESTERN DIGITAL CORP ORD,UNITED STATES,0.000304,3439704.0,-54465.0,Derived Holdings 2026-04-13 SPY 2022.xlsx,False
SPY,2022-12-31,US15677J1088.TRE,DAYFORCE INC ORD,UNITED STATES,0.000304,1692871.0,-26299.0,Derived Holdings 2026-04-13 SPY 2022.xlsx,False
SPY,2022-12-31,TAP.N,MOLSON COORS BEVERAGE CO ORD,UNITED STATES,0.0003,2077084.0,-32368.0,Derived Holdings 2026-04-13 SPY 2022.xlsx,False
SPY,2022-12-31,BBWI.N,BATH & BODY WORKS INC ORD,UNITED STATES,0.000298,2521811.0,-39252.0,Derived Holdings 2026-04-13 SPY 2022.xlsx,False
SPY,2022-12-31,BWA.N,BORGWARNER INC ORD,UNITED STATES,0.000298,2636615.0,-40223.0,Derived Holdings 2026-04-13 SPY 2022.xlsx,False
SPY,2022-12-31,TPR.N,TAPESTRY INC ORD,UNITED STATES,0.000297,2784816.0,-41639.0,Derived Holdings 2026-04-13 SPY 2022.xlsx,False
SPY,2022-12-31,BXP.N,BXP INC ORD,UNITED STATES,0.0002949999999999,1555965.0,-24565.0,Derived Holdings 2026-04-13 SPY 2022.xlsx,False
SPY,2022-12-31,REG.OQ,REGENCY CENTERS CORP ORD,UNITED STATES,0.000293,1674428.0,-26536.0,Derived Holdings 2026-04-13 SPY 2022.xlsx,False
SPY,2022-12-31,UHS.N,UNIVERSAL HEALTH SERVICES INC ORD,UNITED STATES,0.000292,739739.0,-11034.0,Derived Holdings 2026-04-13 SPY 2022.xlsx,False
SPY,2022-12-31,ALLE.N,ALLEGION PLC ORD,IRELAND,0.00029,982471.0,-15028.0,Derived Holdings 2026-04-13 SPY 2022.xlsx,False
SPY,2022-12-31,QRVO.OQ,QORVO INC ORD,UNITED STATES,0.00029,1141768.0,-17392.0,Derived Holdings 2026-04-13 SPY 2022.xlsx,False
SPY,2022-12-31,FOXA.OQ,FOX CORP ORD,UNITED STATES,0.000289,3390592.0,-52124.0,Derived Holdings 2026-04-13 SPY 2022.xlsx,False
SPY,2022-12-31,HII.N,HUNTINGTON INGALLS INDUSTRIES INC ORD,UNITED STATES,0.000284,439782.0,-6936.0,Derived Holdings 2026-04-13 SPY 2022.xlsx,False
SPY,2022-12-31,BIO.N,BIO RAD LABORATORIES INC ORD,UNITED STATES,0.000278,235585.0,-3757.0,Derived Holdings 2026-04-13 SPY 2022.xlsx,False
SPY,2022-12-31,US96145D1054.TPRM,WESTROCK CO ORD,UNITED STATES,0.000277,2809512.0,-43639.0,Derived Holdings 2026-04-13 SPY 2022.xlsx,False
SPY,2022-12-31,AAP.N,ADVANCE AUTO PARTS INC ORD,UNITED STATES,0.000276,669838.0,-10404.0,Derived Holdings 2026-04-13 SPY 2022.xlsx,False
SPY,2022-12-31,VFC.N,VF CORP ORD,UNITED STATES,0.000275,3546648.0,-56881.0,Derived Holdings 2026-04-13 SPY 2022.xlsx,False
SPY,2022-12-31,CZR.OQ,CAESARS ENTERTAINMENT INC ORD,UNITED STATES,0.000274,2350645.0,-36940.0,Derived Holdings 2026-04-13 SPY 2022.xlsx,False
SPY,2022-12-31,US2003401070.TRE,COMERICA INC ORD,UNITED STATES,0.000273,1455640.0,-22542.0,Derived Holdings 2026-04-13 SPY 2022.xlsx,False
SPY,2022-12-31,WYNN.OQ,WYNN RESORTS LTD ORD,UNITED STATES,0.000268,1160473.0,-17629.0,Derived Holdings 2026-04-13 SPY 2022.xlsx,False
SPY,2022-12-31,FFIV.OQ,F5 INC ORD,UNITED STATES,0.000265,657796.0,-10352.0,Derived Holdings 2026-04-13 SPY 2022.xlsx,False
SPY,2022-12-31,PNW.N,PINNACLE WEST CAPITAL CORP ORD,UNITED STATES,0.000265,1243191.0,-19363.0,Derived Holdings 2026-04-13 SPY 2022.xlsx,False
SPY,2022-12-31,nan,PARAMOUNT SKYDANCE CORP ORD,UNITED STATES,0.000264,5583869.0,-86885.0,Derived Holdings 2026-04-13 SPY 2022.xlsx,False
SPY,2022-12-31,ROL.N,ROLLINS INC ORD,UNITED STATES,0.000263,2568575.0,82770.0,Derived Holdings 2026-04-13 SPY 2022.xlsx,False
SPY,2022-12-31,IVZ.N,INVESCO LTD ORD,UNITED STATES,0.000254,5030056.0,-78267.0,Derived Holdings 2026-04-13 SPY 2022.xlsx,False
SPY,2022-12-31,AAL.OQ,AMERICAN AIRLINES GROUP INC ORD,UNITED STATES,0.0002529999999999,7085183.0,-111739.0,Derived Holdings 2026-04-13 SPY 2022.xlsx,False
SPY,2022-12-31,RHI.N,ROBERT HALF INC ORD,UNITED STATES,0.000252,1218004.0,-18785.0,Derived Holdings 2026-04-13 SPY 2022.xlsx,False
SPY,2022-12-31,CTLT.MX,CATALENT INC ORD,UNITED STATES,0.000248,1969055.0,-30871.0,Derived Holdings 2026-04-13 SPY 2022.xlsx,False
SPY,2022-12-31,CCL.N,CARNIVAL CORP ORD,UNITED STATES,0.000243,10755094.0,-171672.0,Derived Holdings 2026-04-13 SPY 2022.xlsx,False
SPY,2022-12-31,HAS.OQ,HASBRO INC ORD,UNITED STATES,0.000241,1409926.0,-22253.0,Derived Holdings 2026-04-13 SPY 2022.xlsx,False
SPY,2022-12-31,WHR.N,WHIRLPOOL CORP ORD,UNITED STATES,0.000239,602198.0,-9248.0,Derived Holdings 2026-04-13 SPY 2022.xlsx,False
SPY,2022-12-31,NRG.N,NRG ENERGY INC ORD,UNITED STATES,0.0002319999999999,2601453.0,-39697.0,Derived Holdings 2026-04-13 SPY 2022.xlsx,False
SPY,2022-12-31,FRT.N,FEDERAL REALTY INVESTMENT TRUST ORD,UNITED STATES,0.00023,811204.0,30073.0,Derived Holdings 2026-04-13 SPY 2022.xlsx,False
SPY,2022-12-31,SEE.SG,SEALED AIR CORP ORD,UNITED STATES,0.00023,1641942.0,-24854.0,Derived Holdings 2026-04-13 SPY 2022.xlsx,False
SPY,2022-12-31,ZION.OQ,ZIONS BANCORPORATION NA ORD,UNITED STATES,0.00023,1666983.0,-25721.0,Derived Holdings 2026-04-13 SPY 2022.xlsx,False
SPY,2022-12-31,PNR.N,PENTAIR PLC ORD,IRELAND,0.000229,1815945.0,-28270.0,Derived Holdings 2026-04-13 SPY 2022.xlsx,False
SPY,2022-12-31,AOS.N,A O SMITH CORP ORD,UNITED STATES,0.000228,1419320.0,-21727.0,Derived Holdings 2026-04-13 SPY 2022.xlsx,False
SPY,2022-12-31,BEN.N,FRANKLIN RESOURCES INC ORD,UNITED STATES,0.000223,3013817.0,-48789.0,Derived Holdings 2026-04-13 SPY 2022.xlsx,False
SPY,2022-12-31,SBNY.PK,SIGNATURE BANK ORD,UNITED STATES,0.000223,689740.0,-10693.0,Derived Holdings 2026-04-13 SPY 2022.xlsx,False
SPY,2022-12-31,NWSA.OQ,NEWS CORP ORD,UNITED STATES,0.0002199999999999,4313738.0,-65892.0,Derived Holdings 2026-04-13 SPY 2022.xlsx,False
SPY,2022-12-31,OGN.N,ORGANON & CO ORD,UNITED STATES,0.0002189999999999,2791616.0,-43639.0,Derived Holdings 2026-04-13 SPY 2022.xlsx,False
SPY,2022-12-31,XRAY.OQ,DENTSPLY SIRONA INC ORD,UNITED STATES,0.000214,2393577.0,-36992.0,Derived Holdings 2026-04-13 SPY 2022.xlsx,False
SPY,2022-12-31,AIZ.N,ASSURANT INC ORD,UNITED STATES,0.000207,588951.0,-9011.0,Derived Holdings 2026-04-13 SPY 2022.xlsx,False
SPY,2022-12-31,GNRC.N,GENERAC HOLDINGS INC ORD,UNITED STATES,0.000195,691606.0,-10982.0,Derived Holdings 2026-04-13 SPY 2022.xlsx,False
SPY,2022-12-31,DXC.N,DXC TECHNOLOGY CO ORD,UNITED STATES,0.000189,2541382.0,-39541.0,Derived Holdings 2026-04-13 SPY 2022.xlsx,False
SPY,2022-12-31,ALK.N,ALASKA AIR GROUP INC ORD,UNITED STATES,0.000165,1370674.0,-21675.0,Derived Holdings 2026-04-13 SPY 2022.xlsx,False
SPY,2022-12-31,MHK.N,MOHAWK INDUSTRIES INC ORD,UNITED STATES,0.0001629999999999,567919.0,-8959.0,Derived Holdings 2026-04-13 SPY 2022.xlsx,False
SPY,2022-12-31,NCLH.N,NORWEGIAN CRUISE LINE HOLDINGS LTD ORD,UNITED STATES,0.000157,4585665.0,-72487.0,Derived Holdings 2026-04-13 SPY 2022.xlsx,False
SPY,2022-12-31,NWL.OQ,NEWELL BRANDS INC ORD,UNITED STATES,0.000153,4171598.0,-64684.0,Derived Holdings 2026-04-13 SPY 2022.xlsx,False
SPY,2022-12-31,LUMN.N,LUMEN TECHNOLOGIES INC ORD,UNITED STATES,0.000148,10120806.0,-163470.0,Derived Holdings 2026-04-13 SPY 2022.xlsx,False
SPY,2022-12-31,LNC.N,LINCOLN NATIONAL CORP ORD,UNITED STATES,0.000148,1713266.0,-26588.0,Derived Holdings 2026-04-13 SPY 2022.xlsx,False
SPY,2022-12-31,RL.N,RALPH LAUREN CORP ORD,UNITED STATES,0.0001409999999999,474633.0,-6988.0,Derived Holdings 2026-04-13 SPY 2022.xlsx,False
SPY,2022-12-31,DVA.N,DAVITA INC ORD,UNITED STATES,0.000129,615945.0,-9537.0,Derived Holdings 2026-04-13 SPY 2022.xlsx,False
SPY,2022-12-31,FOX.OQ,FOX CORP ORD,UNITED STATES,0.000129,1622605.0,-23987.0,Derived Holdings 2026-04-13 SPY 2022.xlsx,False
SPY,2022-12-31,DISH.O^A24,DISH NETWORK CORP ORD,UNITED STATES,0.000108,2731017.0,-43298.0,Derived Holdings 2026-04-13 SPY 2022.xlsx,False
SPY,2022-12-31,VNO.N,VORNADO REALTY TRUST ORD,UNITED STATES,0.000101,1732087.0,-27692.0,Derived Holdings 2026-04-13 SPY 2022.xlsx,False
SPY,2022-12-31,NWS.OQ,NEWS CORP ORD,UNITED STATES,7.000000000000001e-05,1352844.0,-20282.0,Derived Holdings 2026-04-13 SPY 2022.xlsx,False
SPY,2022-12-31,VNT.N,VONTIER CORP ORD,UNITED STATES,0.0,1.0,0.0,Derived Holdings 2026-04-13 SPY 2022.xlsx,False
SPY,2022-12-31,nan,OTHER ASSETS LESS LIABILITIES,nan,-0.0038269999999999,,,Derived Holdings 2026-04-13 SPY 2022.xlsx,False
